Domain,Image Link,Label,Rule,File,Image ID,Image Path,Image ID_,Note
Traffic,https://d18hvbbehx7xaf.cloudfront.net/public/uploads/main/images/05-11-2023/6547b717c49a3.jpeg,Complied,Driving Distraction,Driving_Distraction_0,0000001,data/processed_images/traffic/Driving_Distraction_0/0000001.jpg,0000001,
Traffic,https://d18hvbbehx7xaf.cloudfront.net/public/uploads/main/images/05-11-2023/6547b717c49a3.jpeg,Not Applicable,Pedestrian Crossing,Driving_Distraction_0,0000001,data/processed_images/traffic/Driving_Distraction_0/0000001.jpg,0000001,
Traffic,https://d18hvbbehx7xaf.cloudfront.net/public/uploads/main/images/05-11-2023/6547b717c49a3.jpeg,Not Applicable,Road Condition,Driving_Distraction_0,0000001,data/processed_images/traffic/Driving_Distraction_0/0000001.jpg,0000001,
Traffic,https://d18hvbbehx7xaf.cloudfront.net/public/uploads/main/images/05-11-2023/6547b717c49a3.jpeg,Not Applicable,Traffic Rules,Driving_Distraction_0,0000001,data/processed_images/traffic/Driving_Distraction_0/0000001.jpg,0000001,
Traffic,https://d18hvbbehx7xaf.cloudfront.net/public/uploads/main/images/05-11-2023/6547b717c49a3.jpeg,Not Applicable,Vehicle Load,Driving_Distraction_0,0000001,data/processed_images/traffic/Driving_Distraction_0/0000001.jpg,0000001,
Traffic,https://www.safetyhub.com/wp-content/uploads/2020/05/safe-driving-at-work-safety-training-video-safetyhub-usa-canada.jpg,Complied,Driving Distraction,Driving_Distraction_0,0000002,data/processed_images/traffic/Driving_Distraction_0/0000002.jpg,0000002,
Traffic,https://www.safetyhub.com/wp-content/uploads/2020/05/safe-driving-at-work-safety-training-video-safetyhub-usa-canada.jpg,Not Applicable,Pedestrian Crossing,Driving_Distraction_0,0000002,data/processed_images/traffic/Driving_Distraction_0/0000002.jpg,0000002,
Traffic,https://www.safetyhub.com/wp-content/uploads/2020/05/safe-driving-at-work-safety-training-video-safetyhub-usa-canada.jpg,Not Applicable,Road Condition,Driving_Distraction_0,0000002,data/processed_images/traffic/Driving_Distraction_0/0000002.jpg,0000002,
Traffic,https://www.safetyhub.com/wp-content/uploads/2020/05/safe-driving-at-work-safety-training-video-safetyhub-usa-canada.jpg,Not Applicable,Traffic Rules,Driving_Distraction_0,0000002,data/processed_images/traffic/Driving_Distraction_0/0000002.jpg,0000002,
Traffic,https://www.safetyhub.com/wp-content/uploads/2020/05/safe-driving-at-work-safety-training-video-safetyhub-usa-canada.jpg,Not Applicable,Vehicle Load,Driving_Distraction_0,0000002,data/processed_images/traffic/Driving_Distraction_0/0000002.jpg,0000002,
Traffic,https://plus.unsplash.com/premium_photo-1661308330687-f50174a3ca60?fm=jpg&q=60&w=3000&ixlib=rb-4.1.0&ixid=M3wxMjA3fDB8MHxzZWFyY2h8MXx8c2FmZSUyMGRyaXZpbmd8ZW58MHx8MHx8fDA%3D,Complied,Driving Distraction,Driving_Distraction_0,0000003,data/processed_images/traffic/Driving_Distraction_0/0000003.jpg,0000003,
Traffic,https://plus.unsplash.com/premium_photo-1661308330687-f50174a3ca60?fm=jpg&q=60&w=3000&ixlib=rb-4.1.0&ixid=M3wxMjA3fDB8MHxzZWFyY2h8MXx8c2FmZSUyMGRyaXZpbmd8ZW58MHx8MHx8fDA%3D,Not Applicable,Pedestrian Crossing,Driving_Distraction_0,0000003,data/processed_images/traffic/Driving_Distraction_0/0000003.jpg,0000003,
Traffic,https://plus.unsplash.com/premium_photo-1661308330687-f50174a3ca60?fm=jpg&q=60&w=3000&ixlib=rb-4.1.0&ixid=M3wxMjA3fDB8MHxzZWFyY2h8MXx8c2FmZSUyMGRyaXZpbmd8ZW58MHx8MHx8fDA%3D,Not Applicable,Road Condition,Driving_Distraction_0,0000003,data/processed_images/traffic/Driving_Distraction_0/0000003.jpg,0000003,
Traffic,https://plus.unsplash.com/premium_photo-1661308330687-f50174a3ca60?fm=jpg&q=60&w=3000&ixlib=rb-4.1.0&ixid=M3wxMjA3fDB8MHxzZWFyY2h8MXx8c2FmZSUyMGRyaXZpbmd8ZW58MHx8MHx8fDA%3D,Not Applicable,Traffic Rules,Driving_Distraction_0,0000003,data/processed_images/traffic/Driving_Distraction_0/0000003.jpg,0000003,
Traffic,https://plus.unsplash.com/premium_photo-1661308330687-f50174a3ca60?fm=jpg&q=60&w=3000&ixlib=rb-4.1.0&ixid=M3wxMjA3fDB8MHxzZWFyY2h8MXx8c2FmZSUyMGRyaXZpbmd8ZW58MHx8MHx8fDA%3D,Not Applicable,Vehicle Load,Driving_Distraction_0,0000003,data/processed_images/traffic/Driving_Distraction_0/0000003.jpg,0000003,
Traffic,https://i.dailymail.co.uk/i/pix/2015/02/13/25A4DC2F00000578-0-image-a-39_1423840130641.jpg,Complied,Driving Distraction,Driving_Distraction_0,0000004,data/processed_images/traffic/Driving_Distraction_0/0000004.jpg,0000004,
Traffic,https://i.dailymail.co.uk/i/pix/2015/02/13/25A4DC2F00000578-0-image-a-39_1423840130641.jpg,Not Applicable,Pedestrian Crossing,Driving_Distraction_0,0000004,data/processed_images/traffic/Driving_Distraction_0/0000004.jpg,0000004,
Traffic,https://i.dailymail.co.uk/i/pix/2015/02/13/25A4DC2F00000578-0-image-a-39_1423840130641.jpg,Not Applicable,Road Condition,Driving_Distraction_0,0000004,data/processed_images/traffic/Driving_Distraction_0/0000004.jpg,0000004,
Traffic,https://i.dailymail.co.uk/i/pix/2015/02/13/25A4DC2F00000578-0-image-a-39_1423840130641.jpg,Not Applicable,Traffic Rules,Driving_Distraction_0,0000004,data/processed_images/traffic/Driving_Distraction_0/0000004.jpg,0000004,
Traffic,https://i.dailymail.co.uk/i/pix/2015/02/13/25A4DC2F00000578-0-image-a-39_1423840130641.jpg,Not Applicable,Vehicle Load,Driving_Distraction_0,0000004,data/processed_images/traffic/Driving_Distraction_0/0000004.jpg,0000004,
Traffic,https://www.nsw.gov.au/sites/default/files/styles/_medium/public/2021-06/tfnsw-vehicle-safety-driving%20posture.jpg?itok=1YYLsisY,Complied,Driving Distraction,Driving_Distraction_0,0000005,data/processed_images/traffic/Driving_Distraction_0/0000005.jpg,0000005,
Traffic,https://www.nsw.gov.au/sites/default/files/styles/_medium/public/2021-06/tfnsw-vehicle-safety-driving%20posture.jpg?itok=1YYLsisY,Not Applicable,Pedestrian Crossing,Driving_Distraction_0,0000005,data/processed_images/traffic/Driving_Distraction_0/0000005.jpg,0000005,
Traffic,https://www.nsw.gov.au/sites/default/files/styles/_medium/public/2021-06/tfnsw-vehicle-safety-driving%20posture.jpg?itok=1YYLsisY,Not Applicable,Road Condition,Driving_Distraction_0,0000005,data/processed_images/traffic/Driving_Distraction_0/0000005.jpg,0000005,
Traffic,https://www.nsw.gov.au/sites/default/files/styles/_medium/public/2021-06/tfnsw-vehicle-safety-driving%20posture.jpg?itok=1YYLsisY,Not Applicable,Traffic Rules,Driving_Distraction_0,0000005,data/processed_images/traffic/Driving_Distraction_0/0000005.jpg,0000005,
Traffic,https://www.nsw.gov.au/sites/default/files/styles/_medium/public/2021-06/tfnsw-vehicle-safety-driving%20posture.jpg?itok=1YYLsisY,Not Applicable,Vehicle Load,Driving_Distraction_0,0000005,data/processed_images/traffic/Driving_Distraction_0/0000005.jpg,0000005,
Traffic,https://www.essentialhealthplus.com.au/wp-content/uploads/2017/07/6919188a-e870-4f0c-899e-99c744d41f80-1080x675.jpg,Complied,Driving Distraction,Driving_Distraction_0,0000006,data/processed_images/traffic/Driving_Distraction_0/0000006.jpg,0000006,
Traffic,https://www.essentialhealthplus.com.au/wp-content/uploads/2017/07/6919188a-e870-4f0c-899e-99c744d41f80-1080x675.jpg,Not Applicable,Pedestrian Crossing,Driving_Distraction_0,0000006,data/processed_images/traffic/Driving_Distraction_0/0000006.jpg,0000006,
Traffic,https://www.essentialhealthplus.com.au/wp-content/uploads/2017/07/6919188a-e870-4f0c-899e-99c744d41f80-1080x675.jpg,Not Applicable,Road Condition,Driving_Distraction_0,0000006,data/processed_images/traffic/Driving_Distraction_0/0000006.jpg,0000006,
Traffic,https://www.essentialhealthplus.com.au/wp-content/uploads/2017/07/6919188a-e870-4f0c-899e-99c744d41f80-1080x675.jpg,Not Applicable,Traffic Rules,Driving_Distraction_0,0000006,data/processed_images/traffic/Driving_Distraction_0/0000006.jpg,0000006,
Traffic,https://www.essentialhealthplus.com.au/wp-content/uploads/2017/07/6919188a-e870-4f0c-899e-99c744d41f80-1080x675.jpg,Not Applicable,Vehicle Load,Driving_Distraction_0,0000006,data/processed_images/traffic/Driving_Distraction_0/0000006.jpg,0000006,
Traffic,https://driversdrift.com/wp-content/uploads/2024/12/Beautiful-young-happy-smiling-woman-driving-her-new-car-at-sunset.jpg,Complied,Driving Distraction,Driving_Distraction_0,0000007,data/processed_images/traffic/Driving_Distraction_0/0000007.jpg,0000007,
Traffic,https://driversdrift.com/wp-content/uploads/2024/12/Beautiful-young-happy-smiling-woman-driving-her-new-car-at-sunset.jpg,Not Applicable,Pedestrian Crossing,Driving_Distraction_0,0000007,data/processed_images/traffic/Driving_Distraction_0/0000007.jpg,0000007,
Traffic,https://driversdrift.com/wp-content/uploads/2024/12/Beautiful-young-happy-smiling-woman-driving-her-new-car-at-sunset.jpg,Not Applicable,Road Condition,Driving_Distraction_0,0000007,data/processed_images/traffic/Driving_Distraction_0/0000007.jpg,0000007,
Traffic,https://driversdrift.com/wp-content/uploads/2024/12/Beautiful-young-happy-smiling-woman-driving-her-new-car-at-sunset.jpg,Not Applicable,Traffic Rules,Driving_Distraction_0,0000007,data/processed_images/traffic/Driving_Distraction_0/0000007.jpg,0000007,
Traffic,https://driversdrift.com/wp-content/uploads/2024/12/Beautiful-young-happy-smiling-woman-driving-her-new-car-at-sunset.jpg,Not Applicable,Vehicle Load,Driving_Distraction_0,0000007,data/processed_images/traffic/Driving_Distraction_0/0000007.jpg,0000007,
Traffic,https://cdn.prod.website-files.com/5e7fdf360c4ef47490fa4124/6171cb0cf9c636590b73dd7b_0002503.jpg,Complied,Driving Distraction,Driving_Distraction_0,0000008,data/processed_images/traffic/Driving_Distraction_0/0000008.jpg,0000008,
Traffic,https://cdn.prod.website-files.com/5e7fdf360c4ef47490fa4124/6171cb0cf9c636590b73dd7b_0002503.jpg,Not Applicable,Pedestrian Crossing,Driving_Distraction_0,0000008,data/processed_images/traffic/Driving_Distraction_0/0000008.jpg,0000008,
Traffic,https://cdn.prod.website-files.com/5e7fdf360c4ef47490fa4124/6171cb0cf9c636590b73dd7b_0002503.jpg,Not Applicable,Road Condition,Driving_Distraction_0,0000008,data/processed_images/traffic/Driving_Distraction_0/0000008.jpg,0000008,
Traffic,https://cdn.prod.website-files.com/5e7fdf360c4ef47490fa4124/6171cb0cf9c636590b73dd7b_0002503.jpg,Not Applicable,Traffic Rules,Driving_Distraction_0,0000008,data/processed_images/traffic/Driving_Distraction_0/0000008.jpg,0000008,
Traffic,https://cdn.prod.website-files.com/5e7fdf360c4ef47490fa4124/6171cb0cf9c636590b73dd7b_0002503.jpg,Not Applicable,Vehicle Load,Driving_Distraction_0,0000008,data/processed_images/traffic/Driving_Distraction_0/0000008.jpg,0000008,
Traffic,https://images.cdn.autocar.co.uk/sites/autocar.co.uk/files/images/car-reviews/first-drives/legacy/st-group-test-ac-2015-003.jpg,Complied,Driving Distraction,Driving_Distraction_0,0000009,data/processed_images/traffic/Driving_Distraction_0/0000009.jpg,0000009,
Traffic,https://images.cdn.autocar.co.uk/sites/autocar.co.uk/files/images/car-reviews/first-drives/legacy/st-group-test-ac-2015-003.jpg,Not Applicable,Pedestrian Crossing,Driving_Distraction_0,0000009,data/processed_images/traffic/Driving_Distraction_0/0000009.jpg,0000009,
Traffic,https://images.cdn.autocar.co.uk/sites/autocar.co.uk/files/images/car-reviews/first-drives/legacy/st-group-test-ac-2015-003.jpg,Complied,Road Condition,Driving_Distraction_0,0000009,data/processed_images/traffic/Driving_Distraction_0/0000009.jpg,0000009,
Traffic,https://images.cdn.autocar.co.uk/sites/autocar.co.uk/files/images/car-reviews/first-drives/legacy/st-group-test-ac-2015-003.jpg,Complied,Traffic Rules,Driving_Distraction_0,0000009,data/processed_images/traffic/Driving_Distraction_0/0000009.jpg,0000009,
Traffic,https://images.cdn.autocar.co.uk/sites/autocar.co.uk/files/images/car-reviews/first-drives/legacy/st-group-test-ac-2015-003.jpg,Not Applicable,Vehicle Load,Driving_Distraction_0,0000009,data/processed_images/traffic/Driving_Distraction_0/0000009.jpg,0000009,
Traffic,https://www.ltrent.com.au/wp-content/uploads/2025/03/driving-instruction-young-woman-learns-drive-car-first-time-scaled-1-1024x683.jpg,Complied,Driving Distraction,Driving_Distraction_0,0000010,data/processed_images/traffic/Driving_Distraction_0/0000010.jpg,0000010,
Traffic,https://www.ltrent.com.au/wp-content/uploads/2025/03/driving-instruction-young-woman-learns-drive-car-first-time-scaled-1-1024x683.jpg,Not Applicable,Pedestrian Crossing,Driving_Distraction_0,0000010,data/processed_images/traffic/Driving_Distraction_0/0000010.jpg,0000010,
Traffic,https://www.ltrent.com.au/wp-content/uploads/2025/03/driving-instruction-young-woman-learns-drive-car-first-time-scaled-1-1024x683.jpg,Not Applicable,Road Condition,Driving_Distraction_0,0000010,data/processed_images/traffic/Driving_Distraction_0/0000010.jpg,0000010,
Traffic,https://www.ltrent.com.au/wp-content/uploads/2025/03/driving-instruction-young-woman-learns-drive-car-first-time-scaled-1-1024x683.jpg,Not Applicable,Traffic Rules,Driving_Distraction_0,0000010,data/processed_images/traffic/Driving_Distraction_0/0000010.jpg,0000010,
Traffic,https://www.ltrent.com.au/wp-content/uploads/2025/03/driving-instruction-young-woman-learns-drive-car-first-time-scaled-1-1024x683.jpg,Not Applicable,Vehicle Load,Driving_Distraction_0,0000010,data/processed_images/traffic/Driving_Distraction_0/0000010.jpg,0000010,
Traffic,https://media.istockphoto.com/id/1595870882/photo/stylish-woman-driving-a-car.jpg?s=612x612&w=0&k=20&c=d99SbtjMB_wO5Rgj_RaTDPKZs4ncHXfAJwqY-SBluto=,Complied,Driving Distraction,Driving_Distraction_0,0000011,data/processed_images/traffic/Driving_Distraction_0/0000011.jpg,0000011,
Traffic,https://media.istockphoto.com/id/1595870882/photo/stylish-woman-driving-a-car.jpg?s=612x612&w=0&k=20&c=d99SbtjMB_wO5Rgj_RaTDPKZs4ncHXfAJwqY-SBluto=,Not Applicable,Pedestrian Crossing,Driving_Distraction_0,0000011,data/processed_images/traffic/Driving_Distraction_0/0000011.jpg,0000011,
Traffic,https://media.istockphoto.com/id/1595870882/photo/stylish-woman-driving-a-car.jpg?s=612x612&w=0&k=20&c=d99SbtjMB_wO5Rgj_RaTDPKZs4ncHXfAJwqY-SBluto=,Not Applicable,Road Condition,Driving_Distraction_0,0000011,data/processed_images/traffic/Driving_Distraction_0/0000011.jpg,0000011,
Traffic,https://media.istockphoto.com/id/1595870882/photo/stylish-woman-driving-a-car.jpg?s=612x612&w=0&k=20&c=d99SbtjMB_wO5Rgj_RaTDPKZs4ncHXfAJwqY-SBluto=,Not Applicable,Traffic Rules,Driving_Distraction_0,0000011,data/processed_images/traffic/Driving_Distraction_0/0000011.jpg,0000011,
Traffic,https://media.istockphoto.com/id/1595870882/photo/stylish-woman-driving-a-car.jpg?s=612x612&w=0&k=20&c=d99SbtjMB_wO5Rgj_RaTDPKZs4ncHXfAJwqY-SBluto=,Not Applicable,Vehicle Load,Driving_Distraction_0,0000011,data/processed_images/traffic/Driving_Distraction_0/0000011.jpg,0000011,
Traffic,https://media.istockphoto.com/id/1964203344/photo/portrait-of-a-father-driving-a-new-car-while-riding-with-his-family.jpg?s=612x612&w=0&k=20&c=SnW6T7cGObBKVbO53Gl252sl3m3y5m2jqeSxcJ3kiYk=,Complied,Driving Distraction,Driving_Distraction_0,0000012,data/processed_images/traffic/Driving_Distraction_0/0000012.jpg,0000012,
Traffic,https://media.istockphoto.com/id/1964203344/photo/portrait-of-a-father-driving-a-new-car-while-riding-with-his-family.jpg?s=612x612&w=0&k=20&c=SnW6T7cGObBKVbO53Gl252sl3m3y5m2jqeSxcJ3kiYk=,Not Applicable,Pedestrian Crossing,Driving_Distraction_0,0000012,data/processed_images/traffic/Driving_Distraction_0/0000012.jpg,0000012,
Traffic,https://media.istockphoto.com/id/1964203344/photo/portrait-of-a-father-driving-a-new-car-while-riding-with-his-family.jpg?s=612x612&w=0&k=20&c=SnW6T7cGObBKVbO53Gl252sl3m3y5m2jqeSxcJ3kiYk=,Not Applicable,Road Condition,Driving_Distraction_0,0000012,data/processed_images/traffic/Driving_Distraction_0/0000012.jpg,0000012,
Traffic,https://media.istockphoto.com/id/1964203344/photo/portrait-of-a-father-driving-a-new-car-while-riding-with-his-family.jpg?s=612x612&w=0&k=20&c=SnW6T7cGObBKVbO53Gl252sl3m3y5m2jqeSxcJ3kiYk=,Not Applicable,Traffic Rules,Driving_Distraction_0,0000012,data/processed_images/traffic/Driving_Distraction_0/0000012.jpg,0000012,
Traffic,https://media.istockphoto.com/id/1964203344/photo/portrait-of-a-father-driving-a-new-car-while-riding-with-his-family.jpg?s=612x612&w=0&k=20&c=SnW6T7cGObBKVbO53Gl252sl3m3y5m2jqeSxcJ3kiYk=,Not Applicable,Vehicle Load,Driving_Distraction_0,0000012,data/processed_images/traffic/Driving_Distraction_0/0000012.jpg,0000012,
Traffic,https://media.istockphoto.com/id/1582802930/photo/happy-man-driving-his-car.jpg?s=612x612&w=0&k=20&c=DC_5lCEay1nJPd7kXqleftuEnj_V9KuXG9TyIN4LZhg=,Complied,Driving Distraction,Driving_Distraction_0,0000013,data/processed_images/traffic/Driving_Distraction_0/0000013.jpg,0000013,
Traffic,https://media.istockphoto.com/id/1582802930/photo/happy-man-driving-his-car.jpg?s=612x612&w=0&k=20&c=DC_5lCEay1nJPd7kXqleftuEnj_V9KuXG9TyIN4LZhg=,Not Applicable,Pedestrian Crossing,Driving_Distraction_0,0000013,data/processed_images/traffic/Driving_Distraction_0/0000013.jpg,0000013,
Traffic,https://media.istockphoto.com/id/1582802930/photo/happy-man-driving-his-car.jpg?s=612x612&w=0&k=20&c=DC_5lCEay1nJPd7kXqleftuEnj_V9KuXG9TyIN4LZhg=,Not Applicable,Road Condition,Driving_Distraction_0,0000013,data/processed_images/traffic/Driving_Distraction_0/0000013.jpg,0000013,
Traffic,https://media.istockphoto.com/id/1582802930/photo/happy-man-driving-his-car.jpg?s=612x612&w=0&k=20&c=DC_5lCEay1nJPd7kXqleftuEnj_V9KuXG9TyIN4LZhg=,Not Applicable,Traffic Rules,Driving_Distraction_0,0000013,data/processed_images/traffic/Driving_Distraction_0/0000013.jpg,0000013,
Traffic,https://media.istockphoto.com/id/1582802930/photo/happy-man-driving-his-car.jpg?s=612x612&w=0&k=20&c=DC_5lCEay1nJPd7kXqleftuEnj_V9KuXG9TyIN4LZhg=,Not Applicable,Vehicle Load,Driving_Distraction_0,0000013,data/processed_images/traffic/Driving_Distraction_0/0000013.jpg,0000013,
Traffic,https://media.istockphoto.com/id/1386036075/photo/smiling-businessman-driving-his-car.jpg?s=612x612&w=0&k=20&c=ZtK7LH5WycXTkJeynWeT7hvzj7Z-V9MdcZAMr2WkALw=,Complied,Driving Distraction,Driving_Distraction_0,0000014,data/processed_images/traffic/Driving_Distraction_0/0000014.jpg,0000014,
Traffic,https://media.istockphoto.com/id/1386036075/photo/smiling-businessman-driving-his-car.jpg?s=612x612&w=0&k=20&c=ZtK7LH5WycXTkJeynWeT7hvzj7Z-V9MdcZAMr2WkALw=,Not Applicable,Pedestrian Crossing,Driving_Distraction_0,0000014,data/processed_images/traffic/Driving_Distraction_0/0000014.jpg,0000014,
Traffic,https://media.istockphoto.com/id/1386036075/photo/smiling-businessman-driving-his-car.jpg?s=612x612&w=0&k=20&c=ZtK7LH5WycXTkJeynWeT7hvzj7Z-V9MdcZAMr2WkALw=,Not Applicable,Road Condition,Driving_Distraction_0,0000014,data/processed_images/traffic/Driving_Distraction_0/0000014.jpg,0000014,
Traffic,https://media.istockphoto.com/id/1386036075/photo/smiling-businessman-driving-his-car.jpg?s=612x612&w=0&k=20&c=ZtK7LH5WycXTkJeynWeT7hvzj7Z-V9MdcZAMr2WkALw=,Not Applicable,Traffic Rules,Driving_Distraction_0,0000014,data/processed_images/traffic/Driving_Distraction_0/0000014.jpg,0000014,
Traffic,https://media.istockphoto.com/id/1386036075/photo/smiling-businessman-driving-his-car.jpg?s=612x612&w=0&k=20&c=ZtK7LH5WycXTkJeynWeT7hvzj7Z-V9MdcZAMr2WkALw=,Not Applicable,Vehicle Load,Driving_Distraction_0,0000014,data/processed_images/traffic/Driving_Distraction_0/0000014.jpg,0000014,
Traffic,https://media.istockphoto.com/id/1413761196/photo/happy-mature-man-driving-car.jpg?s=612x612&w=0&k=20&c=cHortB6t2CuIicx-UzOiq2jyfXufja9vETTN9dmThG4=,Complied,Driving Distraction,Driving_Distraction_0,0000015,data/processed_images/traffic/Driving_Distraction_0/0000015.jpg,0000015,
Traffic,https://media.istockphoto.com/id/1413761196/photo/happy-mature-man-driving-car.jpg?s=612x612&w=0&k=20&c=cHortB6t2CuIicx-UzOiq2jyfXufja9vETTN9dmThG4=,Not Applicable,Pedestrian Crossing,Driving_Distraction_0,0000015,data/processed_images/traffic/Driving_Distraction_0/0000015.jpg,0000015,
Traffic,https://media.istockphoto.com/id/1413761196/photo/happy-mature-man-driving-car.jpg?s=612x612&w=0&k=20&c=cHortB6t2CuIicx-UzOiq2jyfXufja9vETTN9dmThG4=,Not Applicable,Road Condition,Driving_Distraction_0,0000015,data/processed_images/traffic/Driving_Distraction_0/0000015.jpg,0000015,
Traffic,https://media.istockphoto.com/id/1413761196/photo/happy-mature-man-driving-car.jpg?s=612x612&w=0&k=20&c=cHortB6t2CuIicx-UzOiq2jyfXufja9vETTN9dmThG4=,Not Applicable,Traffic Rules,Driving_Distraction_0,0000015,data/processed_images/traffic/Driving_Distraction_0/0000015.jpg,0000015,
Traffic,https://media.istockphoto.com/id/1413761196/photo/happy-mature-man-driving-car.jpg?s=612x612&w=0&k=20&c=cHortB6t2CuIicx-UzOiq2jyfXufja9vETTN9dmThG4=,Not Applicable,Vehicle Load,Driving_Distraction_0,0000015,data/processed_images/traffic/Driving_Distraction_0/0000015.jpg,0000015,
Traffic,https://media.istockphoto.com/id/1155392792/photo/young-woman-driving-car-on-a-sunny-day.jpg?s=612x612&w=0&k=20&c=L6g-H0T5ldbMX5JUtug2AsoVRYzt7w5q9TUEPSQCu84=,Complied,Driving Distraction,Driving_Distraction_0,0000016,data/processed_images/traffic/Driving_Distraction_0/0000016.jpg,0000016,
Traffic,https://media.istockphoto.com/id/1155392792/photo/young-woman-driving-car-on-a-sunny-day.jpg?s=612x612&w=0&k=20&c=L6g-H0T5ldbMX5JUtug2AsoVRYzt7w5q9TUEPSQCu84=,Not Applicable,Pedestrian Crossing,Driving_Distraction_0,0000016,data/processed_images/traffic/Driving_Distraction_0/0000016.jpg,0000016,
Traffic,https://media.istockphoto.com/id/1155392792/photo/young-woman-driving-car-on-a-sunny-day.jpg?s=612x612&w=0&k=20&c=L6g-H0T5ldbMX5JUtug2AsoVRYzt7w5q9TUEPSQCu84=,Not Applicable,Road Condition,Driving_Distraction_0,0000016,data/processed_images/traffic/Driving_Distraction_0/0000016.jpg,0000016,
Traffic,https://media.istockphoto.com/id/1155392792/photo/young-woman-driving-car-on-a-sunny-day.jpg?s=612x612&w=0&k=20&c=L6g-H0T5ldbMX5JUtug2AsoVRYzt7w5q9TUEPSQCu84=,Not Applicable,Traffic Rules,Driving_Distraction_0,0000016,data/processed_images/traffic/Driving_Distraction_0/0000016.jpg,0000016,
Traffic,https://media.istockphoto.com/id/1155392792/photo/young-woman-driving-car-on-a-sunny-day.jpg?s=612x612&w=0&k=20&c=L6g-H0T5ldbMX5JUtug2AsoVRYzt7w5q9TUEPSQCu84=,Not Applicable,Vehicle Load,Driving_Distraction_0,0000016,data/processed_images/traffic/Driving_Distraction_0/0000016.jpg,0000016,
Traffic,https://media.istockphoto.com/id/2169109477/photo/mom-driving-son-to-school-in-car-for-back-to-school-season.jpg?s=612x612&w=0&k=20&c=UzVK2YcM17gC90xWqjyGs17AFPoHg460Y1A93jwItNw=,Complied,Driving Distraction,Driving_Distraction_0,0000017,data/processed_images/traffic/Driving_Distraction_0/0000017.jpg,0000017,
Traffic,https://media.istockphoto.com/id/2169109477/photo/mom-driving-son-to-school-in-car-for-back-to-school-season.jpg?s=612x612&w=0&k=20&c=UzVK2YcM17gC90xWqjyGs17AFPoHg460Y1A93jwItNw=,Not Applicable,Pedestrian Crossing,Driving_Distraction_0,0000017,data/processed_images/traffic/Driving_Distraction_0/0000017.jpg,0000017,
Traffic,https://media.istockphoto.com/id/2169109477/photo/mom-driving-son-to-school-in-car-for-back-to-school-season.jpg?s=612x612&w=0&k=20&c=UzVK2YcM17gC90xWqjyGs17AFPoHg460Y1A93jwItNw=,Not Applicable,Road Condition,Driving_Distraction_0,0000017,data/processed_images/traffic/Driving_Distraction_0/0000017.jpg,0000017,
Traffic,https://media.istockphoto.com/id/2169109477/photo/mom-driving-son-to-school-in-car-for-back-to-school-season.jpg?s=612x612&w=0&k=20&c=UzVK2YcM17gC90xWqjyGs17AFPoHg460Y1A93jwItNw=,Not Applicable,Traffic Rules,Driving_Distraction_0,0000017,data/processed_images/traffic/Driving_Distraction_0/0000017.jpg,0000017,
Traffic,https://media.istockphoto.com/id/2169109477/photo/mom-driving-son-to-school-in-car-for-back-to-school-season.jpg?s=612x612&w=0&k=20&c=UzVK2YcM17gC90xWqjyGs17AFPoHg460Y1A93jwItNw=,Not Applicable,Vehicle Load,Driving_Distraction_0,0000017,data/processed_images/traffic/Driving_Distraction_0/0000017.jpg,0000017,
Traffic,https://media.istockphoto.com/id/1448400431/photo/happy-businesswoman-driving-car.jpg?s=612x612&w=0&k=20&c=_S2mDpqDw9v4puzJi5j1wT76eMZNo4jZG-nr1ExPumg=,Complied,Driving Distraction,Driving_Distraction_0,0000018,data/processed_images/traffic/Driving_Distraction_0/0000018.jpg,0000018,
Traffic,https://media.istockphoto.com/id/1448400431/photo/happy-businesswoman-driving-car.jpg?s=612x612&w=0&k=20&c=_S2mDpqDw9v4puzJi5j1wT76eMZNo4jZG-nr1ExPumg=,Not Applicable,Pedestrian Crossing,Driving_Distraction_0,0000018,data/processed_images/traffic/Driving_Distraction_0/0000018.jpg,0000018,
Traffic,https://media.istockphoto.com/id/1448400431/photo/happy-businesswoman-driving-car.jpg?s=612x612&w=0&k=20&c=_S2mDpqDw9v4puzJi5j1wT76eMZNo4jZG-nr1ExPumg=,Not Applicable,Road Condition,Driving_Distraction_0,0000018,data/processed_images/traffic/Driving_Distraction_0/0000018.jpg,0000018,
Traffic,https://media.istockphoto.com/id/1448400431/photo/happy-businesswoman-driving-car.jpg?s=612x612&w=0&k=20&c=_S2mDpqDw9v4puzJi5j1wT76eMZNo4jZG-nr1ExPumg=,Not Applicable,Traffic Rules,Driving_Distraction_0,0000018,data/processed_images/traffic/Driving_Distraction_0/0000018.jpg,0000018,
Traffic,https://media.istockphoto.com/id/1448400431/photo/happy-businesswoman-driving-car.jpg?s=612x612&w=0&k=20&c=_S2mDpqDw9v4puzJi5j1wT76eMZNo4jZG-nr1ExPumg=,Not Applicable,Vehicle Load,Driving_Distraction_0,0000018,data/processed_images/traffic/Driving_Distraction_0/0000018.jpg,0000018,
Traffic,https://media.istockphoto.com/id/1462530927/photo/contented-driver.jpg?s=612x612&w=0&k=20&c=s73PZa7y_biM6tHPvDT8CnC2SpzRkdi9WJKGkU0W5HY=,Complied,Driving Distraction,Driving_Distraction_0,0000019,data/processed_images/traffic/Driving_Distraction_0/0000019.jpg,0000019,
Traffic,https://media.istockphoto.com/id/1462530927/photo/contented-driver.jpg?s=612x612&w=0&k=20&c=s73PZa7y_biM6tHPvDT8CnC2SpzRkdi9WJKGkU0W5HY=,Not Applicable,Pedestrian Crossing,Driving_Distraction_0,0000019,data/processed_images/traffic/Driving_Distraction_0/0000019.jpg,0000019,
Traffic,https://media.istockphoto.com/id/1462530927/photo/contented-driver.jpg?s=612x612&w=0&k=20&c=s73PZa7y_biM6tHPvDT8CnC2SpzRkdi9WJKGkU0W5HY=,Not Applicable,Road Condition,Driving_Distraction_0,0000019,data/processed_images/traffic/Driving_Distraction_0/0000019.jpg,0000019,
Traffic,https://media.istockphoto.com/id/1462530927/photo/contented-driver.jpg?s=612x612&w=0&k=20&c=s73PZa7y_biM6tHPvDT8CnC2SpzRkdi9WJKGkU0W5HY=,Not Applicable,Traffic Rules,Driving_Distraction_0,0000019,data/processed_images/traffic/Driving_Distraction_0/0000019.jpg,0000019,
Traffic,https://media.istockphoto.com/id/1462530927/photo/contented-driver.jpg?s=612x612&w=0&k=20&c=s73PZa7y_biM6tHPvDT8CnC2SpzRkdi9WJKGkU0W5HY=,Not Applicable,Vehicle Load,Driving_Distraction_0,0000019,data/processed_images/traffic/Driving_Distraction_0/0000019.jpg,0000019,
Traffic,https://media.istockphoto.com/id/1440223434/photo/road-trip.jpg?s=612x612&w=0&k=20&c=_XamnOkloZsSgqM115A1ARYTT7VsJS8j4tAEMCLlnds=,Complied,Driving Distraction,Driving_Distraction_0,0000020,data/processed_images/traffic/Driving_Distraction_0/0000020.jpg,0000020,
Traffic,https://media.istockphoto.com/id/1440223434/photo/road-trip.jpg?s=612x612&w=0&k=20&c=_XamnOkloZsSgqM115A1ARYTT7VsJS8j4tAEMCLlnds=,Not Applicable,Pedestrian Crossing,Driving_Distraction_0,0000020,data/processed_images/traffic/Driving_Distraction_0/0000020.jpg,0000020,
Traffic,https://media.istockphoto.com/id/1440223434/photo/road-trip.jpg?s=612x612&w=0&k=20&c=_XamnOkloZsSgqM115A1ARYTT7VsJS8j4tAEMCLlnds=,Not Applicable,Road Condition,Driving_Distraction_0,0000020,data/processed_images/traffic/Driving_Distraction_0/0000020.jpg,0000020,
Traffic,https://media.istockphoto.com/id/1440223434/photo/road-trip.jpg?s=612x612&w=0&k=20&c=_XamnOkloZsSgqM115A1ARYTT7VsJS8j4tAEMCLlnds=,Not Applicable,Traffic Rules,Driving_Distraction_0,0000020,data/processed_images/traffic/Driving_Distraction_0/0000020.jpg,0000020,
Traffic,https://media.istockphoto.com/id/1440223434/photo/road-trip.jpg?s=612x612&w=0&k=20&c=_XamnOkloZsSgqM115A1ARYTT7VsJS8j4tAEMCLlnds=,Not Applicable,Vehicle Load,Driving_Distraction_0,0000020,data/processed_images/traffic/Driving_Distraction_0/0000020.jpg,0000020,
Traffic,https://media.istockphoto.com/id/1473502313/photo/portrait-of-a-mature-male-driver-in-the-car.jpg?s=612x612&w=0&k=20&c=lod3yAj5Scr_PR2EmRes42u9doF2AInwLiwQwg_p56c=,Complied,Driving Distraction,Driving_Distraction_0,0000021,data/processed_images/traffic/Driving_Distraction_0/0000021.jpg,0000021,
Traffic,https://media.istockphoto.com/id/1473502313/photo/portrait-of-a-mature-male-driver-in-the-car.jpg?s=612x612&w=0&k=20&c=lod3yAj5Scr_PR2EmRes42u9doF2AInwLiwQwg_p56c=,Not Applicable,Pedestrian Crossing,Driving_Distraction_0,0000021,data/processed_images/traffic/Driving_Distraction_0/0000021.jpg,0000021,
Traffic,https://media.istockphoto.com/id/1473502313/photo/portrait-of-a-mature-male-driver-in-the-car.jpg?s=612x612&w=0&k=20&c=lod3yAj5Scr_PR2EmRes42u9doF2AInwLiwQwg_p56c=,Not Applicable,Road Condition,Driving_Distraction_0,0000021,data/processed_images/traffic/Driving_Distraction_0/0000021.jpg,0000021,
Traffic,https://media.istockphoto.com/id/1473502313/photo/portrait-of-a-mature-male-driver-in-the-car.jpg?s=612x612&w=0&k=20&c=lod3yAj5Scr_PR2EmRes42u9doF2AInwLiwQwg_p56c=,Not Applicable,Traffic Rules,Driving_Distraction_0,0000021,data/processed_images/traffic/Driving_Distraction_0/0000021.jpg,0000021,
Traffic,https://media.istockphoto.com/id/1473502313/photo/portrait-of-a-mature-male-driver-in-the-car.jpg?s=612x612&w=0&k=20&c=lod3yAj5Scr_PR2EmRes42u9doF2AInwLiwQwg_p56c=,Not Applicable,Vehicle Load,Driving_Distraction_0,0000021,data/processed_images/traffic/Driving_Distraction_0/0000021.jpg,0000021,
Traffic,https://media.istockphoto.com/id/846135666/photo/young-woman-outdoor.jpg?s=612x612&w=0&k=20&c=akY6EP-E91_CBADeRN6sjxwnGemn0x19XYRsgWC4IZs=,Complied,Driving Distraction,Driving_Distraction_0,0000022,data/processed_images/traffic/Driving_Distraction_0/0000022.jpg,0000022,
Traffic,https://media.istockphoto.com/id/846135666/photo/young-woman-outdoor.jpg?s=612x612&w=0&k=20&c=akY6EP-E91_CBADeRN6sjxwnGemn0x19XYRsgWC4IZs=,Not Applicable,Pedestrian Crossing,Driving_Distraction_0,0000022,data/processed_images/traffic/Driving_Distraction_0/0000022.jpg,0000022,
Traffic,https://media.istockphoto.com/id/846135666/photo/young-woman-outdoor.jpg?s=612x612&w=0&k=20&c=akY6EP-E91_CBADeRN6sjxwnGemn0x19XYRsgWC4IZs=,Not Applicable,Road Condition,Driving_Distraction_0,0000022,data/processed_images/traffic/Driving_Distraction_0/0000022.jpg,0000022,
Traffic,https://media.istockphoto.com/id/846135666/photo/young-woman-outdoor.jpg?s=612x612&w=0&k=20&c=akY6EP-E91_CBADeRN6sjxwnGemn0x19XYRsgWC4IZs=,Not Applicable,Traffic Rules,Driving_Distraction_0,0000022,data/processed_images/traffic/Driving_Distraction_0/0000022.jpg,0000022,
Traffic,https://media.istockphoto.com/id/846135666/photo/young-woman-outdoor.jpg?s=612x612&w=0&k=20&c=akY6EP-E91_CBADeRN6sjxwnGemn0x19XYRsgWC4IZs=,Not Applicable,Vehicle Load,Driving_Distraction_0,0000022,data/processed_images/traffic/Driving_Distraction_0/0000022.jpg,0000022,
Traffic,https://media.istockphoto.com/id/1155021405/photo/rural-interstate-driving-in-the-usa.jpg?s=612x612&w=0&k=20&c=DsvvsUZgjXydnnbffkvnAseNPYMwg_kZNTcWwgHKAWQ=,Complied,Driving Distraction,Driving_Distraction_0,0000023,data/processed_images/traffic/Driving_Distraction_0/0000023.jpg,0000023,
Traffic,https://media.istockphoto.com/id/1155021405/photo/rural-interstate-driving-in-the-usa.jpg?s=612x612&w=0&k=20&c=DsvvsUZgjXydnnbffkvnAseNPYMwg_kZNTcWwgHKAWQ=,Not Applicable,Pedestrian Crossing,Driving_Distraction_0,0000023,data/processed_images/traffic/Driving_Distraction_0/0000023.jpg,0000023,
Traffic,https://media.istockphoto.com/id/1155021405/photo/rural-interstate-driving-in-the-usa.jpg?s=612x612&w=0&k=20&c=DsvvsUZgjXydnnbffkvnAseNPYMwg_kZNTcWwgHKAWQ=,Complied,Road Condition,Driving_Distraction_0,0000023,data/processed_images/traffic/Driving_Distraction_0/0000023.jpg,0000023,
Traffic,https://media.istockphoto.com/id/1155021405/photo/rural-interstate-driving-in-the-usa.jpg?s=612x612&w=0&k=20&c=DsvvsUZgjXydnnbffkvnAseNPYMwg_kZNTcWwgHKAWQ=,Not Applicable,Traffic Rules,Driving_Distraction_0,0000023,data/processed_images/traffic/Driving_Distraction_0/0000023.jpg,0000023,
Traffic,https://media.istockphoto.com/id/1155021405/photo/rural-interstate-driving-in-the-usa.jpg?s=612x612&w=0&k=20&c=DsvvsUZgjXydnnbffkvnAseNPYMwg_kZNTcWwgHKAWQ=,Not Applicable,Vehicle Load,Driving_Distraction_0,0000023,data/processed_images/traffic/Driving_Distraction_0/0000023.jpg,0000023,
Traffic,https://media.istockphoto.com/id/1377416828/photo/young-woman-driving-car-during-sunset.jpg?s=612x612&w=0&k=20&c=emXcmOyKybgrbQo-Q6epNellOI5tRzh0rQfpg9ntCJg=,Complied,Driving Distraction,Driving_Distraction_0,0000024,data/processed_images/traffic/Driving_Distraction_0/0000024.jpg,0000024,
Traffic,https://media.istockphoto.com/id/1377416828/photo/young-woman-driving-car-during-sunset.jpg?s=612x612&w=0&k=20&c=emXcmOyKybgrbQo-Q6epNellOI5tRzh0rQfpg9ntCJg=,Not Applicable,Pedestrian Crossing,Driving_Distraction_0,0000024,data/processed_images/traffic/Driving_Distraction_0/0000024.jpg,0000024,
Traffic,https://media.istockphoto.com/id/1377416828/photo/young-woman-driving-car-during-sunset.jpg?s=612x612&w=0&k=20&c=emXcmOyKybgrbQo-Q6epNellOI5tRzh0rQfpg9ntCJg=,Not Applicable,Road Condition,Driving_Distraction_0,0000024,data/processed_images/traffic/Driving_Distraction_0/0000024.jpg,0000024,
Traffic,https://media.istockphoto.com/id/1377416828/photo/young-woman-driving-car-during-sunset.jpg?s=612x612&w=0&k=20&c=emXcmOyKybgrbQo-Q6epNellOI5tRzh0rQfpg9ntCJg=,Not Applicable,Traffic Rules,Driving_Distraction_0,0000024,data/processed_images/traffic/Driving_Distraction_0/0000024.jpg,0000024,
Traffic,https://media.istockphoto.com/id/1377416828/photo/young-woman-driving-car-during-sunset.jpg?s=612x612&w=0&k=20&c=emXcmOyKybgrbQo-Q6epNellOI5tRzh0rQfpg9ntCJg=,Not Applicable,Vehicle Load,Driving_Distraction_0,0000024,data/processed_images/traffic/Driving_Distraction_0/0000024.jpg,0000024,
Traffic,https://media.istockphoto.com/id/1427315748/photo/focused-car-driver.jpg?s=612x612&w=0&k=20&c=glWoCh9aXc40EODpP6Ewti1njSqUUHo_XUnz9hxsgPo=,Complied,Driving Distraction,Driving_Distraction_0,0000025,data/processed_images/traffic/Driving_Distraction_0/0000025.jpg,0000025,
Traffic,https://media.istockphoto.com/id/1427315748/photo/focused-car-driver.jpg?s=612x612&w=0&k=20&c=glWoCh9aXc40EODpP6Ewti1njSqUUHo_XUnz9hxsgPo=,Not Applicable,Pedestrian Crossing,Driving_Distraction_0,0000025,data/processed_images/traffic/Driving_Distraction_0/0000025.jpg,0000025,
Traffic,https://media.istockphoto.com/id/1427315748/photo/focused-car-driver.jpg?s=612x612&w=0&k=20&c=glWoCh9aXc40EODpP6Ewti1njSqUUHo_XUnz9hxsgPo=,Not Applicable,Road Condition,Driving_Distraction_0,0000025,data/processed_images/traffic/Driving_Distraction_0/0000025.jpg,0000025,
Traffic,https://media.istockphoto.com/id/1427315748/photo/focused-car-driver.jpg?s=612x612&w=0&k=20&c=glWoCh9aXc40EODpP6Ewti1njSqUUHo_XUnz9hxsgPo=,Not Applicable,Traffic Rules,Driving_Distraction_0,0000025,data/processed_images/traffic/Driving_Distraction_0/0000025.jpg,0000025,
Traffic,https://media.istockphoto.com/id/1427315748/photo/focused-car-driver.jpg?s=612x612&w=0&k=20&c=glWoCh9aXc40EODpP6Ewti1njSqUUHo_XUnz9hxsgPo=,Not Applicable,Vehicle Load,Driving_Distraction_0,0000025,data/processed_images/traffic/Driving_Distraction_0/0000025.jpg,0000025,
Traffic,https://media.istockphoto.com/id/462208251/photo/businessman-driving-at-night-in-the-city.jpg?s=612x612&w=0&k=20&c=5kO73dlfxSeGOURKMIWMrfZLFV2FkKgOKwRDy4bNS8M=,Complied,Driving Distraction,Driving_Distraction_0,0000026,data/processed_images/traffic/Driving_Distraction_0/0000026.jpg,0000026,
Traffic,https://media.istockphoto.com/id/462208251/photo/businessman-driving-at-night-in-the-city.jpg?s=612x612&w=0&k=20&c=5kO73dlfxSeGOURKMIWMrfZLFV2FkKgOKwRDy4bNS8M=,Not Applicable,Pedestrian Crossing,Driving_Distraction_0,0000026,data/processed_images/traffic/Driving_Distraction_0/0000026.jpg,0000026,
Traffic,https://media.istockphoto.com/id/462208251/photo/businessman-driving-at-night-in-the-city.jpg?s=612x612&w=0&k=20&c=5kO73dlfxSeGOURKMIWMrfZLFV2FkKgOKwRDy4bNS8M=,Not Applicable,Road Condition,Driving_Distraction_0,0000026,data/processed_images/traffic/Driving_Distraction_0/0000026.jpg,0000026,
Traffic,https://media.istockphoto.com/id/462208251/photo/businessman-driving-at-night-in-the-city.jpg?s=612x612&w=0&k=20&c=5kO73dlfxSeGOURKMIWMrfZLFV2FkKgOKwRDy4bNS8M=,Not Applicable,Traffic Rules,Driving_Distraction_0,0000026,data/processed_images/traffic/Driving_Distraction_0/0000026.jpg,0000026,
Traffic,https://media.istockphoto.com/id/462208251/photo/businessman-driving-at-night-in-the-city.jpg?s=612x612&w=0&k=20&c=5kO73dlfxSeGOURKMIWMrfZLFV2FkKgOKwRDy4bNS8M=,Not Applicable,Vehicle Load,Driving_Distraction_0,0000026,data/processed_images/traffic/Driving_Distraction_0/0000026.jpg,0000026,
Traffic,https://media.istockphoto.com/id/1030960804/photo/young-woman-in-car-driving-seat-looking-ahead-close-up.jpg?s=612x612&w=0&k=20&c=lBcZXccer_kv8zUzBxfWncULtN3RXrmeTd9OXen01Mc=,Complied,Driving Distraction,Driving_Distraction_0,0000027,data/processed_images/traffic/Driving_Distraction_0/0000027.jpg,0000027,
Traffic,https://media.istockphoto.com/id/1030960804/photo/young-woman-in-car-driving-seat-looking-ahead-close-up.jpg?s=612x612&w=0&k=20&c=lBcZXccer_kv8zUzBxfWncULtN3RXrmeTd9OXen01Mc=,Not Applicable,Pedestrian Crossing,Driving_Distraction_0,0000027,data/processed_images/traffic/Driving_Distraction_0/0000027.jpg,0000027,
Traffic,https://media.istockphoto.com/id/1030960804/photo/young-woman-in-car-driving-seat-looking-ahead-close-up.jpg?s=612x612&w=0&k=20&c=lBcZXccer_kv8zUzBxfWncULtN3RXrmeTd9OXen01Mc=,Not Applicable,Road Condition,Driving_Distraction_0,0000027,data/processed_images/traffic/Driving_Distraction_0/0000027.jpg,0000027,
Traffic,https://media.istockphoto.com/id/1030960804/photo/young-woman-in-car-driving-seat-looking-ahead-close-up.jpg?s=612x612&w=0&k=20&c=lBcZXccer_kv8zUzBxfWncULtN3RXrmeTd9OXen01Mc=,Not Applicable,Traffic Rules,Driving_Distraction_0,0000027,data/processed_images/traffic/Driving_Distraction_0/0000027.jpg,0000027,
Traffic,https://media.istockphoto.com/id/1030960804/photo/young-woman-in-car-driving-seat-looking-ahead-close-up.jpg?s=612x612&w=0&k=20&c=lBcZXccer_kv8zUzBxfWncULtN3RXrmeTd9OXen01Mc=,Not Applicable,Vehicle Load,Driving_Distraction_0,0000027,data/processed_images/traffic/Driving_Distraction_0/0000027.jpg,0000027,
Traffic,https://media.istockphoto.com/id/2166802770/photo/businessman-driving-car-in-the-city-during-daylight.jpg?s=612x612&w=0&k=20&c=7h0T6chBtdn9EpY8lOxdO3WDk7a3cPIFz_FM2Bt27Vk=,Complied,Driving Distraction,Driving_Distraction_0,0000028,data/processed_images/traffic/Driving_Distraction_0/0000028.jpg,0000028,
Traffic,https://media.istockphoto.com/id/2166802770/photo/businessman-driving-car-in-the-city-during-daylight.jpg?s=612x612&w=0&k=20&c=7h0T6chBtdn9EpY8lOxdO3WDk7a3cPIFz_FM2Bt27Vk=,Not Applicable,Pedestrian Crossing,Driving_Distraction_0,0000028,data/processed_images/traffic/Driving_Distraction_0/0000028.jpg,0000028,
Traffic,https://media.istockphoto.com/id/2166802770/photo/businessman-driving-car-in-the-city-during-daylight.jpg?s=612x612&w=0&k=20&c=7h0T6chBtdn9EpY8lOxdO3WDk7a3cPIFz_FM2Bt27Vk=,Not Applicable,Road Condition,Driving_Distraction_0,0000028,data/processed_images/traffic/Driving_Distraction_0/0000028.jpg,0000028,
Traffic,https://media.istockphoto.com/id/2166802770/photo/businessman-driving-car-in-the-city-during-daylight.jpg?s=612x612&w=0&k=20&c=7h0T6chBtdn9EpY8lOxdO3WDk7a3cPIFz_FM2Bt27Vk=,Not Applicable,Traffic Rules,Driving_Distraction_0,0000028,data/processed_images/traffic/Driving_Distraction_0/0000028.jpg,0000028,
Traffic,https://media.istockphoto.com/id/2166802770/photo/businessman-driving-car-in-the-city-during-daylight.jpg?s=612x612&w=0&k=20&c=7h0T6chBtdn9EpY8lOxdO3WDk7a3cPIFz_FM2Bt27Vk=,Not Applicable,Vehicle Load,Driving_Distraction_0,0000028,data/processed_images/traffic/Driving_Distraction_0/0000028.jpg,0000028,
Traffic,https://st3.depositphotos.com/14015406/17147/i/380/depositphotos_171470808-stock-photo-beautiful-businesswoman-driving-car-at.jpg,Complied,Driving Distraction,Driving_Distraction_0,0000029,data/processed_images/traffic/Driving_Distraction_0/0000029.jpg,0000029,
Traffic,https://st3.depositphotos.com/14015406/17147/i/380/depositphotos_171470808-stock-photo-beautiful-businesswoman-driving-car-at.jpg,Not Applicable,Pedestrian Crossing,Driving_Distraction_0,0000029,data/processed_images/traffic/Driving_Distraction_0/0000029.jpg,0000029,
Traffic,https://st3.depositphotos.com/14015406/17147/i/380/depositphotos_171470808-stock-photo-beautiful-businesswoman-driving-car-at.jpg,Not Applicable,Road Condition,Driving_Distraction_0,0000029,data/processed_images/traffic/Driving_Distraction_0/0000029.jpg,0000029,
Traffic,https://st3.depositphotos.com/14015406/17147/i/380/depositphotos_171470808-stock-photo-beautiful-businesswoman-driving-car-at.jpg,Not Applicable,Traffic Rules,Driving_Distraction_0,0000029,data/processed_images/traffic/Driving_Distraction_0/0000029.jpg,0000029,
Traffic,https://st3.depositphotos.com/14015406/17147/i/380/depositphotos_171470808-stock-photo-beautiful-businesswoman-driving-car-at.jpg,Not Applicable,Vehicle Load,Driving_Distraction_0,0000029,data/processed_images/traffic/Driving_Distraction_0/0000029.jpg,0000029,
Traffic,https://st5.depositphotos.com/16122460/74917/i/380/depositphotos_749171066-stock-photo-smiling-woman-holding-steering-wheel.jpg,Complied,Driving Distraction,Driving_Distraction_0,0000030,data/processed_images/traffic/Driving_Distraction_0/0000030.jpg,0000030,
Traffic,https://st5.depositphotos.com/16122460/74917/i/380/depositphotos_749171066-stock-photo-smiling-woman-holding-steering-wheel.jpg,Not Applicable,Pedestrian Crossing,Driving_Distraction_0,0000030,data/processed_images/traffic/Driving_Distraction_0/0000030.jpg,0000030,
Traffic,https://st5.depositphotos.com/16122460/74917/i/380/depositphotos_749171066-stock-photo-smiling-woman-holding-steering-wheel.jpg,Not Applicable,Road Condition,Driving_Distraction_0,0000030,data/processed_images/traffic/Driving_Distraction_0/0000030.jpg,0000030,
Traffic,https://st5.depositphotos.com/16122460/74917/i/380/depositphotos_749171066-stock-photo-smiling-woman-holding-steering-wheel.jpg,Not Applicable,Traffic Rules,Driving_Distraction_0,0000030,data/processed_images/traffic/Driving_Distraction_0/0000030.jpg,0000030,
Traffic,https://st5.depositphotos.com/16122460/74917/i/380/depositphotos_749171066-stock-photo-smiling-woman-holding-steering-wheel.jpg,Not Applicable,Vehicle Load,Driving_Distraction_0,0000030,data/processed_images/traffic/Driving_Distraction_0/0000030.jpg,0000030,
Traffic,https://st4.depositphotos.com/12985848/19793/i/380/depositphotos_197937612-stock-photo-side-view-attractive-woman-driving.jpg,Complied,Driving Distraction,Driving_Distraction_0,0000031,data/processed_images/traffic/Driving_Distraction_0/0000031.jpg,0000031,
Traffic,https://st4.depositphotos.com/12985848/19793/i/380/depositphotos_197937612-stock-photo-side-view-attractive-woman-driving.jpg,Not Applicable,Pedestrian Crossing,Driving_Distraction_0,0000031,data/processed_images/traffic/Driving_Distraction_0/0000031.jpg,0000031,
Traffic,https://st4.depositphotos.com/12985848/19793/i/380/depositphotos_197937612-stock-photo-side-view-attractive-woman-driving.jpg,Not Applicable,Road Condition,Driving_Distraction_0,0000031,data/processed_images/traffic/Driving_Distraction_0/0000031.jpg,0000031,
Traffic,https://st4.depositphotos.com/12985848/19793/i/380/depositphotos_197937612-stock-photo-side-view-attractive-woman-driving.jpg,Not Applicable,Traffic Rules,Driving_Distraction_0,0000031,data/processed_images/traffic/Driving_Distraction_0/0000031.jpg,0000031,
Traffic,https://st4.depositphotos.com/12985848/19793/i/380/depositphotos_197937612-stock-photo-side-view-attractive-woman-driving.jpg,Not Applicable,Vehicle Load,Driving_Distraction_0,0000031,data/processed_images/traffic/Driving_Distraction_0/0000031.jpg,0000031,
Traffic,https://images.unsplash.com/photo-1747373354146-646351cc7e88?w=500&auto=format&fit=crop&q=60&ixlib=rb-4.1.0&ixid=M3wxMjA3fDB8MHxzZWFyY2h8MTR8fGRyaXZpbmclMjBmb2N1c3xlbnwwfHwwfHx8MA%3D%3D,Complied,Driving Distraction,Driving_Distraction_0,0000032,data/processed_images/traffic/Driving_Distraction_0/0000032.jpg,0000032,
Traffic,https://images.unsplash.com/photo-1747373354146-646351cc7e88?w=500&auto=format&fit=crop&q=60&ixlib=rb-4.1.0&ixid=M3wxMjA3fDB8MHxzZWFyY2h8MTR8fGRyaXZpbmclMjBmb2N1c3xlbnwwfHwwfHx8MA%3D%3D,Not Applicable,Pedestrian Crossing,Driving_Distraction_0,0000032,data/processed_images/traffic/Driving_Distraction_0/0000032.jpg,0000032,
Traffic,https://images.unsplash.com/photo-1747373354146-646351cc7e88?w=500&auto=format&fit=crop&q=60&ixlib=rb-4.1.0&ixid=M3wxMjA3fDB8MHxzZWFyY2h8MTR8fGRyaXZpbmclMjBmb2N1c3xlbnwwfHwwfHx8MA%3D%3D,Not Applicable,Road Condition,Driving_Distraction_0,0000032,data/processed_images/traffic/Driving_Distraction_0/0000032.jpg,0000032,
Traffic,https://images.unsplash.com/photo-1747373354146-646351cc7e88?w=500&auto=format&fit=crop&q=60&ixlib=rb-4.1.0&ixid=M3wxMjA3fDB8MHxzZWFyY2h8MTR8fGRyaXZpbmclMjBmb2N1c3xlbnwwfHwwfHx8MA%3D%3D,Not Applicable,Traffic Rules,Driving_Distraction_0,0000032,data/processed_images/traffic/Driving_Distraction_0/0000032.jpg,0000032,
Traffic,https://images.unsplash.com/photo-1747373354146-646351cc7e88?w=500&auto=format&fit=crop&q=60&ixlib=rb-4.1.0&ixid=M3wxMjA3fDB8MHxzZWFyY2h8MTR8fGRyaXZpbmclMjBmb2N1c3xlbnwwfHwwfHx8MA%3D%3D,Not Applicable,Vehicle Load,Driving_Distraction_0,0000032,data/processed_images/traffic/Driving_Distraction_0/0000032.jpg,0000032,
Traffic,https://media.istockphoto.com/id/1433072980/photo/young-latin-female-driver-is-waiting-for-the-green-light-in-a-neighbourhood.jpg?s=612x612&w=0&k=20&c=an32xGltbuZl6E-DvW65xT9aTcVM86y5tIMdMvJu8Lo=,Complied,Driving Distraction,Driving_Distraction_0,0000033,data/processed_images/traffic/Driving_Distraction_0/0000033.jpg,0000033,
Traffic,https://media.istockphoto.com/id/1433072980/photo/young-latin-female-driver-is-waiting-for-the-green-light-in-a-neighbourhood.jpg?s=612x612&w=0&k=20&c=an32xGltbuZl6E-DvW65xT9aTcVM86y5tIMdMvJu8Lo=,Not Applicable,Pedestrian Crossing,Driving_Distraction_0,0000033,data/processed_images/traffic/Driving_Distraction_0/0000033.jpg,0000033,
Traffic,https://media.istockphoto.com/id/1433072980/photo/young-latin-female-driver-is-waiting-for-the-green-light-in-a-neighbourhood.jpg?s=612x612&w=0&k=20&c=an32xGltbuZl6E-DvW65xT9aTcVM86y5tIMdMvJu8Lo=,Not Applicable,Road Condition,Driving_Distraction_0,0000033,data/processed_images/traffic/Driving_Distraction_0/0000033.jpg,0000033,
Traffic,https://media.istockphoto.com/id/1433072980/photo/young-latin-female-driver-is-waiting-for-the-green-light-in-a-neighbourhood.jpg?s=612x612&w=0&k=20&c=an32xGltbuZl6E-DvW65xT9aTcVM86y5tIMdMvJu8Lo=,Not Applicable,Traffic Rules,Driving_Distraction_0,0000033,data/processed_images/traffic/Driving_Distraction_0/0000033.jpg,0000033,
Traffic,https://media.istockphoto.com/id/1433072980/photo/young-latin-female-driver-is-waiting-for-the-green-light-in-a-neighbourhood.jpg?s=612x612&w=0&k=20&c=an32xGltbuZl6E-DvW65xT9aTcVM86y5tIMdMvJu8Lo=,Not Applicable,Vehicle Load,Driving_Distraction_0,0000033,data/processed_images/traffic/Driving_Distraction_0/0000033.jpg,0000033,
Traffic,https://media.istockphoto.com/id/1145228520/photo/portrait-of-young-woman-driving-a-car.jpg?s=612x612&w=0&k=20&c=QpVXLC2BrxTgKw6waM_4Yal2NsX5H_w_vnwzVf6Cctg=,Complied,Driving Distraction,Driving_Distraction_0,0000034,data/processed_images/traffic/Driving_Distraction_0/0000034.jpg,0000034,
Traffic,https://media.istockphoto.com/id/1145228520/photo/portrait-of-young-woman-driving-a-car.jpg?s=612x612&w=0&k=20&c=QpVXLC2BrxTgKw6waM_4Yal2NsX5H_w_vnwzVf6Cctg=,Not Applicable,Pedestrian Crossing,Driving_Distraction_0,0000034,data/processed_images/traffic/Driving_Distraction_0/0000034.jpg,0000034,
Traffic,https://media.istockphoto.com/id/1145228520/photo/portrait-of-young-woman-driving-a-car.jpg?s=612x612&w=0&k=20&c=QpVXLC2BrxTgKw6waM_4Yal2NsX5H_w_vnwzVf6Cctg=,Not Applicable,Road Condition,Driving_Distraction_0,0000034,data/processed_images/traffic/Driving_Distraction_0/0000034.jpg,0000034,
Traffic,https://media.istockphoto.com/id/1145228520/photo/portrait-of-young-woman-driving-a-car.jpg?s=612x612&w=0&k=20&c=QpVXLC2BrxTgKw6waM_4Yal2NsX5H_w_vnwzVf6Cctg=,Not Applicable,Traffic Rules,Driving_Distraction_0,0000034,data/processed_images/traffic/Driving_Distraction_0/0000034.jpg,0000034,
Traffic,https://media.istockphoto.com/id/1145228520/photo/portrait-of-young-woman-driving-a-car.jpg?s=612x612&w=0&k=20&c=QpVXLC2BrxTgKw6waM_4Yal2NsX5H_w_vnwzVf6Cctg=,Not Applicable,Vehicle Load,Driving_Distraction_0,0000034,data/processed_images/traffic/Driving_Distraction_0/0000034.jpg,0000034,
Traffic,https://media.istockphoto.com/id/1253803240/photo/go-wherever-your-wheels-take-you.jpg?s=612x612&w=0&k=20&c=lxKV5r_N145eS23SbxUOV4pJuHN9GINR60guttRujFk=,Complied,Driving Distraction,Driving_Distraction_0,0000035,data/processed_images/traffic/Driving_Distraction_0/0000035.jpg,0000035,
Traffic,https://media.istockphoto.com/id/1253803240/photo/go-wherever-your-wheels-take-you.jpg?s=612x612&w=0&k=20&c=lxKV5r_N145eS23SbxUOV4pJuHN9GINR60guttRujFk=,Not Applicable,Pedestrian Crossing,Driving_Distraction_0,0000035,data/processed_images/traffic/Driving_Distraction_0/0000035.jpg,0000035,
Traffic,https://media.istockphoto.com/id/1253803240/photo/go-wherever-your-wheels-take-you.jpg?s=612x612&w=0&k=20&c=lxKV5r_N145eS23SbxUOV4pJuHN9GINR60guttRujFk=,Not Applicable,Road Condition,Driving_Distraction_0,0000035,data/processed_images/traffic/Driving_Distraction_0/0000035.jpg,0000035,
Traffic,https://media.istockphoto.com/id/1253803240/photo/go-wherever-your-wheels-take-you.jpg?s=612x612&w=0&k=20&c=lxKV5r_N145eS23SbxUOV4pJuHN9GINR60guttRujFk=,Not Applicable,Traffic Rules,Driving_Distraction_0,0000035,data/processed_images/traffic/Driving_Distraction_0/0000035.jpg,0000035,
Traffic,https://media.istockphoto.com/id/1253803240/photo/go-wherever-your-wheels-take-you.jpg?s=612x612&w=0&k=20&c=lxKV5r_N145eS23SbxUOV4pJuHN9GINR60guttRujFk=,Not Applicable,Vehicle Load,Driving_Distraction_0,0000035,data/processed_images/traffic/Driving_Distraction_0/0000035.jpg,0000035,
Traffic,https://media.istockphoto.com/id/1128536350/photo/portrait-of-caucasian-bearded-businessman-in-formal-wear-driving-car.jpg?s=612x612&w=0&k=20&c=odnEtzYhse03VADGr9VbX46PspzRLkbpw4CqyWJPq9o=,Complied,Driving Distraction,Driving_Distraction_0,0000036,data/processed_images/traffic/Driving_Distraction_0/0000036.jpg,0000036,
Traffic,https://media.istockphoto.com/id/1128536350/photo/portrait-of-caucasian-bearded-businessman-in-formal-wear-driving-car.jpg?s=612x612&w=0&k=20&c=odnEtzYhse03VADGr9VbX46PspzRLkbpw4CqyWJPq9o=,Not Applicable,Pedestrian Crossing,Driving_Distraction_0,0000036,data/processed_images/traffic/Driving_Distraction_0/0000036.jpg,0000036,
Traffic,https://media.istockphoto.com/id/1128536350/photo/portrait-of-caucasian-bearded-businessman-in-formal-wear-driving-car.jpg?s=612x612&w=0&k=20&c=odnEtzYhse03VADGr9VbX46PspzRLkbpw4CqyWJPq9o=,Not Applicable,Road Condition,Driving_Distraction_0,0000036,data/processed_images/traffic/Driving_Distraction_0/0000036.jpg,0000036,
Traffic,https://media.istockphoto.com/id/1128536350/photo/portrait-of-caucasian-bearded-businessman-in-formal-wear-driving-car.jpg?s=612x612&w=0&k=20&c=odnEtzYhse03VADGr9VbX46PspzRLkbpw4CqyWJPq9o=,Not Applicable,Traffic Rules,Driving_Distraction_0,0000036,data/processed_images/traffic/Driving_Distraction_0/0000036.jpg,0000036,
Traffic,https://media.istockphoto.com/id/1128536350/photo/portrait-of-caucasian-bearded-businessman-in-formal-wear-driving-car.jpg?s=612x612&w=0&k=20&c=odnEtzYhse03VADGr9VbX46PspzRLkbpw4CqyWJPq9o=,Not Applicable,Vehicle Load,Driving_Distraction_0,0000036,data/processed_images/traffic/Driving_Distraction_0/0000036.jpg,0000036,
Traffic,https://media.istockphoto.com/id/1215841341/photo/commuting.jpg?s=612x612&w=0&k=20&c=5SQC5NeoxkHk6HYyjvSW8c4vXQW6q5xZrCvYq-GDPGo=,Complied,Driving Distraction,Driving_Distraction_0,0000037,data/processed_images/traffic/Driving_Distraction_0/0000037.jpg,0000037,
Traffic,https://media.istockphoto.com/id/1215841341/photo/commuting.jpg?s=612x612&w=0&k=20&c=5SQC5NeoxkHk6HYyjvSW8c4vXQW6q5xZrCvYq-GDPGo=,Not Applicable,Pedestrian Crossing,Driving_Distraction_0,0000037,data/processed_images/traffic/Driving_Distraction_0/0000037.jpg,0000037,
Traffic,https://media.istockphoto.com/id/1215841341/photo/commuting.jpg?s=612x612&w=0&k=20&c=5SQC5NeoxkHk6HYyjvSW8c4vXQW6q5xZrCvYq-GDPGo=,Not Applicable,Road Condition,Driving_Distraction_0,0000037,data/processed_images/traffic/Driving_Distraction_0/0000037.jpg,0000037,
Traffic,https://media.istockphoto.com/id/1215841341/photo/commuting.jpg?s=612x612&w=0&k=20&c=5SQC5NeoxkHk6HYyjvSW8c4vXQW6q5xZrCvYq-GDPGo=,Not Applicable,Traffic Rules,Driving_Distraction_0,0000037,data/processed_images/traffic/Driving_Distraction_0/0000037.jpg,0000037,
Traffic,https://media.istockphoto.com/id/1215841341/photo/commuting.jpg?s=612x612&w=0&k=20&c=5SQC5NeoxkHk6HYyjvSW8c4vXQW6q5xZrCvYq-GDPGo=,Not Applicable,Vehicle Load,Driving_Distraction_0,0000037,data/processed_images/traffic/Driving_Distraction_0/0000037.jpg,0000037,
Traffic,https://media.istockphoto.com/id/2166802770/photo/businessman-driving-car-in-the-city-during-daylight.jpg?s=612x612&w=0&k=20&c=7h0T6chBtdn9EpY8lOxdO3WDk7a3cPIFz_FM2Bt27Vk=,Complied,Driving Distraction,Driving_Distraction_0,0000038,data/processed_images/traffic/Driving_Distraction_0/0000028.jpg,0000028,Duplication
Traffic,https://media.istockphoto.com/id/2166802770/photo/businessman-driving-car-in-the-city-during-daylight.jpg?s=612x612&w=0&k=20&c=7h0T6chBtdn9EpY8lOxdO3WDk7a3cPIFz_FM2Bt27Vk=,Not Applicable,Pedestrian Crossing,Driving_Distraction_0,0000038,data/processed_images/traffic/Driving_Distraction_0/0000028.jpg,0000028,Duplication
Traffic,https://media.istockphoto.com/id/2166802770/photo/businessman-driving-car-in-the-city-during-daylight.jpg?s=612x612&w=0&k=20&c=7h0T6chBtdn9EpY8lOxdO3WDk7a3cPIFz_FM2Bt27Vk=,Not Applicable,Road Condition,Driving_Distraction_0,0000038,data/processed_images/traffic/Driving_Distraction_0/0000028.jpg,0000028,Duplication
Traffic,https://media.istockphoto.com/id/2166802770/photo/businessman-driving-car-in-the-city-during-daylight.jpg?s=612x612&w=0&k=20&c=7h0T6chBtdn9EpY8lOxdO3WDk7a3cPIFz_FM2Bt27Vk=,Not Applicable,Traffic Rules,Driving_Distraction_0,0000038,data/processed_images/traffic/Driving_Distraction_0/0000028.jpg,0000028,Duplication
Traffic,https://media.istockphoto.com/id/2166802770/photo/businessman-driving-car-in-the-city-during-daylight.jpg?s=612x612&w=0&k=20&c=7h0T6chBtdn9EpY8lOxdO3WDk7a3cPIFz_FM2Bt27Vk=,Not Applicable,Vehicle Load,Driving_Distraction_0,0000038,data/processed_images/traffic/Driving_Distraction_0/0000028.jpg,0000028,Duplication
Traffic,https://media.istockphoto.com/id/2179930263/photo/woman-driving-out-of-a-car-repair-shop-driver-hand-holding-steering-wheel-for-control-car.jpg?s=612x612&w=0&k=20&c=Rg0h-CAGLQ_w9xcgsOh4NrJBXNsaQ4tR_1j8QnycLY8=,Complied,Driving Distraction,Driving_Distraction_0,0000039,data/processed_images/traffic/Driving_Distraction_0/0000039.jpg,0000039,
Traffic,https://media.istockphoto.com/id/2179930263/photo/woman-driving-out-of-a-car-repair-shop-driver-hand-holding-steering-wheel-for-control-car.jpg?s=612x612&w=0&k=20&c=Rg0h-CAGLQ_w9xcgsOh4NrJBXNsaQ4tR_1j8QnycLY8=,Not Applicable,Pedestrian Crossing,Driving_Distraction_0,0000039,data/processed_images/traffic/Driving_Distraction_0/0000039.jpg,0000039,
Traffic,https://media.istockphoto.com/id/2179930263/photo/woman-driving-out-of-a-car-repair-shop-driver-hand-holding-steering-wheel-for-control-car.jpg?s=612x612&w=0&k=20&c=Rg0h-CAGLQ_w9xcgsOh4NrJBXNsaQ4tR_1j8QnycLY8=,Not Applicable,Road Condition,Driving_Distraction_0,0000039,data/processed_images/traffic/Driving_Distraction_0/0000039.jpg,0000039,
Traffic,https://media.istockphoto.com/id/2179930263/photo/woman-driving-out-of-a-car-repair-shop-driver-hand-holding-steering-wheel-for-control-car.jpg?s=612x612&w=0&k=20&c=Rg0h-CAGLQ_w9xcgsOh4NrJBXNsaQ4tR_1j8QnycLY8=,Not Applicable,Traffic Rules,Driving_Distraction_0,0000039,data/processed_images/traffic/Driving_Distraction_0/0000039.jpg,0000039,
Traffic,https://media.istockphoto.com/id/2179930263/photo/woman-driving-out-of-a-car-repair-shop-driver-hand-holding-steering-wheel-for-control-car.jpg?s=612x612&w=0&k=20&c=Rg0h-CAGLQ_w9xcgsOh4NrJBXNsaQ4tR_1j8QnycLY8=,Not Applicable,Vehicle Load,Driving_Distraction_0,0000039,data/processed_images/traffic/Driving_Distraction_0/0000039.jpg,0000039,
Traffic,https://media.istockphoto.com/id/1582802918/photo/young-woman-taking-her-driving-test.jpg?s=612x612&w=0&k=20&c=LlQXk5yQ80x0BmY228QfTAOcPzJf_yO_stlKcQvSo6s=,Complied,Driving Distraction,Driving_Distraction_0,0000040,data/processed_images/traffic/Driving_Distraction_0/0000040.jpg,0000040,
Traffic,https://media.istockphoto.com/id/1582802918/photo/young-woman-taking-her-driving-test.jpg?s=612x612&w=0&k=20&c=LlQXk5yQ80x0BmY228QfTAOcPzJf_yO_stlKcQvSo6s=,Not Applicable,Pedestrian Crossing,Driving_Distraction_0,0000040,data/processed_images/traffic/Driving_Distraction_0/0000040.jpg,0000040,
Traffic,https://media.istockphoto.com/id/1582802918/photo/young-woman-taking-her-driving-test.jpg?s=612x612&w=0&k=20&c=LlQXk5yQ80x0BmY228QfTAOcPzJf_yO_stlKcQvSo6s=,Not Applicable,Road Condition,Driving_Distraction_0,0000040,data/processed_images/traffic/Driving_Distraction_0/0000040.jpg,0000040,
Traffic,https://media.istockphoto.com/id/1582802918/photo/young-woman-taking-her-driving-test.jpg?s=612x612&w=0&k=20&c=LlQXk5yQ80x0BmY228QfTAOcPzJf_yO_stlKcQvSo6s=,Not Applicable,Traffic Rules,Driving_Distraction_0,0000040,data/processed_images/traffic/Driving_Distraction_0/0000040.jpg,0000040,
Traffic,https://media.istockphoto.com/id/1582802918/photo/young-woman-taking-her-driving-test.jpg?s=612x612&w=0&k=20&c=LlQXk5yQ80x0BmY228QfTAOcPzJf_yO_stlKcQvSo6s=,Not Applicable,Vehicle Load,Driving_Distraction_0,0000040,data/processed_images/traffic/Driving_Distraction_0/0000040.jpg,0000040,
Traffic,https://media.istockphoto.com/id/1650662750/photo/enjoying-her-new-car.jpg?s=612x612&w=0&k=20&c=TfSE1X9T0carvYRH3pmZhVpZ9m8DQ_IfM0PcNmx3LXA=,Complied,Driving Distraction,Driving_Distraction_0,0000041,data/processed_images/traffic/Driving_Distraction_0/0000041.jpg,0000041,
Traffic,https://media.istockphoto.com/id/1650662750/photo/enjoying-her-new-car.jpg?s=612x612&w=0&k=20&c=TfSE1X9T0carvYRH3pmZhVpZ9m8DQ_IfM0PcNmx3LXA=,Not Applicable,Pedestrian Crossing,Driving_Distraction_0,0000041,data/processed_images/traffic/Driving_Distraction_0/0000041.jpg,0000041,
Traffic,https://media.istockphoto.com/id/1650662750/photo/enjoying-her-new-car.jpg?s=612x612&w=0&k=20&c=TfSE1X9T0carvYRH3pmZhVpZ9m8DQ_IfM0PcNmx3LXA=,Not Applicable,Road Condition,Driving_Distraction_0,0000041,data/processed_images/traffic/Driving_Distraction_0/0000041.jpg,0000041,
Traffic,https://media.istockphoto.com/id/1650662750/photo/enjoying-her-new-car.jpg?s=612x612&w=0&k=20&c=TfSE1X9T0carvYRH3pmZhVpZ9m8DQ_IfM0PcNmx3LXA=,Not Applicable,Traffic Rules,Driving_Distraction_0,0000041,data/processed_images/traffic/Driving_Distraction_0/0000041.jpg,0000041,
Traffic,https://media.istockphoto.com/id/1650662750/photo/enjoying-her-new-car.jpg?s=612x612&w=0&k=20&c=TfSE1X9T0carvYRH3pmZhVpZ9m8DQ_IfM0PcNmx3LXA=,Not Applicable,Vehicle Load,Driving_Distraction_0,0000041,data/processed_images/traffic/Driving_Distraction_0/0000041.jpg,0000041,
Traffic,https://images.freeimages.com/variants/YiFTAkgKPdWaYJHJW1ovEFYT/f4a36f6589a0e50e702740b15352bc00e4bfaf6f58bd4db850e167794d05993d?fmt=webp&w=500,Complied,Driving Distraction,Driving_Distraction_0,0000042,data/processed_images/traffic/Driving_Distraction_0/0000042.jpg,0000042,
Traffic,https://images.freeimages.com/variants/YiFTAkgKPdWaYJHJW1ovEFYT/f4a36f6589a0e50e702740b15352bc00e4bfaf6f58bd4db850e167794d05993d?fmt=webp&w=500,Not Applicable,Pedestrian Crossing,Driving_Distraction_0,0000042,data/processed_images/traffic/Driving_Distraction_0/0000042.jpg,0000042,
Traffic,https://images.freeimages.com/variants/YiFTAkgKPdWaYJHJW1ovEFYT/f4a36f6589a0e50e702740b15352bc00e4bfaf6f58bd4db850e167794d05993d?fmt=webp&w=500,Not Applicable,Road Condition,Driving_Distraction_0,0000042,data/processed_images/traffic/Driving_Distraction_0/0000042.jpg,0000042,
Traffic,https://images.freeimages.com/variants/YiFTAkgKPdWaYJHJW1ovEFYT/f4a36f6589a0e50e702740b15352bc00e4bfaf6f58bd4db850e167794d05993d?fmt=webp&w=500,Not Applicable,Traffic Rules,Driving_Distraction_0,0000042,data/processed_images/traffic/Driving_Distraction_0/0000042.jpg,0000042,
Traffic,https://images.freeimages.com/variants/YiFTAkgKPdWaYJHJW1ovEFYT/f4a36f6589a0e50e702740b15352bc00e4bfaf6f58bd4db850e167794d05993d?fmt=webp&w=500,Not Applicable,Vehicle Load,Driving_Distraction_0,0000042,data/processed_images/traffic/Driving_Distraction_0/0000042.jpg,0000042,
Traffic,https://media.istockphoto.com/id/2135128303/photo/young-delivery-truck-driver-with-tattoo-driving-the-car.webp?b=1&s=612x612&w=0&k=20&c=uGx-PYySW2rmgCGwnn-VqC2yWT3Rlgllvm08fMZ3OLw=,Complied,Driving Distraction,Driving_Distraction_0,0000043,data/processed_images/traffic/Driving_Distraction_0/0000043.jpg,0000043,
Traffic,https://media.istockphoto.com/id/2135128303/photo/young-delivery-truck-driver-with-tattoo-driving-the-car.webp?b=1&s=612x612&w=0&k=20&c=uGx-PYySW2rmgCGwnn-VqC2yWT3Rlgllvm08fMZ3OLw=,Not Applicable,Pedestrian Crossing,Driving_Distraction_0,0000043,data/processed_images/traffic/Driving_Distraction_0/0000043.jpg,0000043,
Traffic,https://media.istockphoto.com/id/2135128303/photo/young-delivery-truck-driver-with-tattoo-driving-the-car.webp?b=1&s=612x612&w=0&k=20&c=uGx-PYySW2rmgCGwnn-VqC2yWT3Rlgllvm08fMZ3OLw=,Not Applicable,Road Condition,Driving_Distraction_0,0000043,data/processed_images/traffic/Driving_Distraction_0/0000043.jpg,0000043,
Traffic,https://media.istockphoto.com/id/2135128303/photo/young-delivery-truck-driver-with-tattoo-driving-the-car.webp?b=1&s=612x612&w=0&k=20&c=uGx-PYySW2rmgCGwnn-VqC2yWT3Rlgllvm08fMZ3OLw=,Not Applicable,Traffic Rules,Driving_Distraction_0,0000043,data/processed_images/traffic/Driving_Distraction_0/0000043.jpg,0000043,
Traffic,https://media.istockphoto.com/id/2135128303/photo/young-delivery-truck-driver-with-tattoo-driving-the-car.webp?b=1&s=612x612&w=0&k=20&c=uGx-PYySW2rmgCGwnn-VqC2yWT3Rlgllvm08fMZ3OLw=,Not Applicable,Vehicle Load,Driving_Distraction_0,0000043,data/processed_images/traffic/Driving_Distraction_0/0000043.jpg,0000043,
Traffic,https://images.freeimages.com/variants/gxg1mVsJQgGoeGTGbJb3tUnT/f4a36f6589a0e50e702740b15352bc00e4bfaf6f58bd4db850e167794d05993d?fmt=webp&w=500,Complied,Driving Distraction,Driving_Distraction_0,0000044,data/processed_images/traffic/Driving_Distraction_0/0000044.jpg,0000044,
Traffic,https://images.freeimages.com/variants/gxg1mVsJQgGoeGTGbJb3tUnT/f4a36f6589a0e50e702740b15352bc00e4bfaf6f58bd4db850e167794d05993d?fmt=webp&w=500,Not Applicable,Pedestrian Crossing,Driving_Distraction_0,0000044,data/processed_images/traffic/Driving_Distraction_0/0000044.jpg,0000044,
Traffic,https://images.freeimages.com/variants/gxg1mVsJQgGoeGTGbJb3tUnT/f4a36f6589a0e50e702740b15352bc00e4bfaf6f58bd4db850e167794d05993d?fmt=webp&w=500,Not Applicable,Road Condition,Driving_Distraction_0,0000044,data/processed_images/traffic/Driving_Distraction_0/0000044.jpg,0000044,
Traffic,https://images.freeimages.com/variants/gxg1mVsJQgGoeGTGbJb3tUnT/f4a36f6589a0e50e702740b15352bc00e4bfaf6f58bd4db850e167794d05993d?fmt=webp&w=500,Not Applicable,Traffic Rules,Driving_Distraction_0,0000044,data/processed_images/traffic/Driving_Distraction_0/0000044.jpg,0000044,
Traffic,https://images.freeimages.com/variants/gxg1mVsJQgGoeGTGbJb3tUnT/f4a36f6589a0e50e702740b15352bc00e4bfaf6f58bd4db850e167794d05993d?fmt=webp&w=500,Not Applicable,Vehicle Load,Driving_Distraction_0,0000044,data/processed_images/traffic/Driving_Distraction_0/0000044.jpg,0000044,
Traffic,https://media.istockphoto.com/id/1209837680/photo/businessman-driving-car.jpg?s=612x612&w=0&k=20&c=GlmN0odmx-jAi1G84NkR1rt3nWGVYkBsgOb6d2W_8r4=,Complied,Driving Distraction,Driving_Distraction_0,0000045,data/processed_images/traffic/Driving_Distraction_0/0000045.jpg,0000045,
Traffic,https://media.istockphoto.com/id/1209837680/photo/businessman-driving-car.jpg?s=612x612&w=0&k=20&c=GlmN0odmx-jAi1G84NkR1rt3nWGVYkBsgOb6d2W_8r4=,Not Applicable,Pedestrian Crossing,Driving_Distraction_0,0000045,data/processed_images/traffic/Driving_Distraction_0/0000045.jpg,0000045,
Traffic,https://media.istockphoto.com/id/1209837680/photo/businessman-driving-car.jpg?s=612x612&w=0&k=20&c=GlmN0odmx-jAi1G84NkR1rt3nWGVYkBsgOb6d2W_8r4=,Not Applicable,Road Condition,Driving_Distraction_0,0000045,data/processed_images/traffic/Driving_Distraction_0/0000045.jpg,0000045,
Traffic,https://media.istockphoto.com/id/1209837680/photo/businessman-driving-car.jpg?s=612x612&w=0&k=20&c=GlmN0odmx-jAi1G84NkR1rt3nWGVYkBsgOb6d2W_8r4=,Not Applicable,Traffic Rules,Driving_Distraction_0,0000045,data/processed_images/traffic/Driving_Distraction_0/0000045.jpg,0000045,
Traffic,https://media.istockphoto.com/id/1209837680/photo/businessman-driving-car.jpg?s=612x612&w=0&k=20&c=GlmN0odmx-jAi1G84NkR1rt3nWGVYkBsgOb6d2W_8r4=,Not Applicable,Vehicle Load,Driving_Distraction_0,0000045,data/processed_images/traffic/Driving_Distraction_0/0000045.jpg,0000045,
Traffic,https://media.istockphoto.com/id/1180156633/photo/the-daily-commute.jpg?s=612x612&w=0&k=20&c=ne2JSgkEG2_9A8QVpfIb65kWaXXjH4_FBuauoHDkvAU=,Complied,Driving Distraction,Driving_Distraction_0,0000046,data/processed_images/traffic/Driving_Distraction_0/0000046.jpg,0000046,
Traffic,https://media.istockphoto.com/id/1180156633/photo/the-daily-commute.jpg?s=612x612&w=0&k=20&c=ne2JSgkEG2_9A8QVpfIb65kWaXXjH4_FBuauoHDkvAU=,Not Applicable,Pedestrian Crossing,Driving_Distraction_0,0000046,data/processed_images/traffic/Driving_Distraction_0/0000046.jpg,0000046,
Traffic,https://media.istockphoto.com/id/1180156633/photo/the-daily-commute.jpg?s=612x612&w=0&k=20&c=ne2JSgkEG2_9A8QVpfIb65kWaXXjH4_FBuauoHDkvAU=,Not Applicable,Road Condition,Driving_Distraction_0,0000046,data/processed_images/traffic/Driving_Distraction_0/0000046.jpg,0000046,
Traffic,https://media.istockphoto.com/id/1180156633/photo/the-daily-commute.jpg?s=612x612&w=0&k=20&c=ne2JSgkEG2_9A8QVpfIb65kWaXXjH4_FBuauoHDkvAU=,Not Applicable,Traffic Rules,Driving_Distraction_0,0000046,data/processed_images/traffic/Driving_Distraction_0/0000046.jpg,0000046,
Traffic,https://media.istockphoto.com/id/1180156633/photo/the-daily-commute.jpg?s=612x612&w=0&k=20&c=ne2JSgkEG2_9A8QVpfIb65kWaXXjH4_FBuauoHDkvAU=,Not Applicable,Vehicle Load,Driving_Distraction_0,0000046,data/processed_images/traffic/Driving_Distraction_0/0000046.jpg,0000046,
Traffic,https://media.istockphoto.com/id/1319192546/photo/businessman-driving.jpg?s=612x612&w=0&k=20&c=lJm3XhN8ceVA5mTcJcRPXu35ayBncmAx4cJUyP8q-08=,Complied,Driving Distraction,Driving_Distraction_0,0000047,data/processed_images/traffic/Driving_Distraction_0/0000047.jpg,0000047,
Traffic,https://media.istockphoto.com/id/1319192546/photo/businessman-driving.jpg?s=612x612&w=0&k=20&c=lJm3XhN8ceVA5mTcJcRPXu35ayBncmAx4cJUyP8q-08=,Not Applicable,Pedestrian Crossing,Driving_Distraction_0,0000047,data/processed_images/traffic/Driving_Distraction_0/0000047.jpg,0000047,
Traffic,https://media.istockphoto.com/id/1319192546/photo/businessman-driving.jpg?s=612x612&w=0&k=20&c=lJm3XhN8ceVA5mTcJcRPXu35ayBncmAx4cJUyP8q-08=,Not Applicable,Road Condition,Driving_Distraction_0,0000047,data/processed_images/traffic/Driving_Distraction_0/0000047.jpg,0000047,
Traffic,https://media.istockphoto.com/id/1319192546/photo/businessman-driving.jpg?s=612x612&w=0&k=20&c=lJm3XhN8ceVA5mTcJcRPXu35ayBncmAx4cJUyP8q-08=,Not Applicable,Traffic Rules,Driving_Distraction_0,0000047,data/processed_images/traffic/Driving_Distraction_0/0000047.jpg,0000047,
Traffic,https://media.istockphoto.com/id/1319192546/photo/businessman-driving.jpg?s=612x612&w=0&k=20&c=lJm3XhN8ceVA5mTcJcRPXu35ayBncmAx4cJUyP8q-08=,Not Applicable,Vehicle Load,Driving_Distraction_0,0000047,data/processed_images/traffic/Driving_Distraction_0/0000047.jpg,0000047,
Traffic,https://media.istockphoto.com/id/1168978310/photo/businessman-driving-a-car.jpg?s=612x612&w=0&k=20&c=r-45v2pjqkHzKQvWGONWmuDs2X65l7pQ0X_Jc3NwKxc=,Complied,Driving Distraction,Driving_Distraction_0,0000048,data/processed_images/traffic/Driving_Distraction_0/0000048.jpg,0000048,
Traffic,https://media.istockphoto.com/id/1168978310/photo/businessman-driving-a-car.jpg?s=612x612&w=0&k=20&c=r-45v2pjqkHzKQvWGONWmuDs2X65l7pQ0X_Jc3NwKxc=,Not Applicable,Pedestrian Crossing,Driving_Distraction_0,0000048,data/processed_images/traffic/Driving_Distraction_0/0000048.jpg,0000048,
Traffic,https://media.istockphoto.com/id/1168978310/photo/businessman-driving-a-car.jpg?s=612x612&w=0&k=20&c=r-45v2pjqkHzKQvWGONWmuDs2X65l7pQ0X_Jc3NwKxc=,Not Applicable,Road Condition,Driving_Distraction_0,0000048,data/processed_images/traffic/Driving_Distraction_0/0000048.jpg,0000048,
Traffic,https://media.istockphoto.com/id/1168978310/photo/businessman-driving-a-car.jpg?s=612x612&w=0&k=20&c=r-45v2pjqkHzKQvWGONWmuDs2X65l7pQ0X_Jc3NwKxc=,Not Applicable,Traffic Rules,Driving_Distraction_0,0000048,data/processed_images/traffic/Driving_Distraction_0/0000048.jpg,0000048,
Traffic,https://media.istockphoto.com/id/1168978310/photo/businessman-driving-a-car.jpg?s=612x612&w=0&k=20&c=r-45v2pjqkHzKQvWGONWmuDs2X65l7pQ0X_Jc3NwKxc=,Not Applicable,Vehicle Load,Driving_Distraction_0,0000048,data/processed_images/traffic/Driving_Distraction_0/0000048.jpg,0000048,
Traffic,https://media.istockphoto.com/id/2147544799/photo/woman-navigating-her-car-on-the-way-to-work.jpg?s=612x612&w=0&k=20&c=0IWsa8sr1i2oVVZ7FHfUDom2iwUUNeommbSXPLLpgJM=,Complied,Driving Distraction,Driving_Distraction_0,0000049,data/processed_images/traffic/Driving_Distraction_0/0000049.jpg,0000049,
Traffic,https://media.istockphoto.com/id/2147544799/photo/woman-navigating-her-car-on-the-way-to-work.jpg?s=612x612&w=0&k=20&c=0IWsa8sr1i2oVVZ7FHfUDom2iwUUNeommbSXPLLpgJM=,Not Applicable,Pedestrian Crossing,Driving_Distraction_0,0000049,data/processed_images/traffic/Driving_Distraction_0/0000049.jpg,0000049,
Traffic,https://media.istockphoto.com/id/2147544799/photo/woman-navigating-her-car-on-the-way-to-work.jpg?s=612x612&w=0&k=20&c=0IWsa8sr1i2oVVZ7FHfUDom2iwUUNeommbSXPLLpgJM=,Not Applicable,Road Condition,Driving_Distraction_0,0000049,data/processed_images/traffic/Driving_Distraction_0/0000049.jpg,0000049,
Traffic,https://media.istockphoto.com/id/2147544799/photo/woman-navigating-her-car-on-the-way-to-work.jpg?s=612x612&w=0&k=20&c=0IWsa8sr1i2oVVZ7FHfUDom2iwUUNeommbSXPLLpgJM=,Not Applicable,Traffic Rules,Driving_Distraction_0,0000049,data/processed_images/traffic/Driving_Distraction_0/0000049.jpg,0000049,
Traffic,https://media.istockphoto.com/id/2147544799/photo/woman-navigating-her-car-on-the-way-to-work.jpg?s=612x612&w=0&k=20&c=0IWsa8sr1i2oVVZ7FHfUDom2iwUUNeommbSXPLLpgJM=,Not Applicable,Vehicle Load,Driving_Distraction_0,0000049,data/processed_images/traffic/Driving_Distraction_0/0000049.jpg,0000049,
Traffic,https://media.istockphoto.com/id/1585369634/photo/portrait-of-a-beautiful-smiling-woman-in-a-car-looking-out-of-the-window.jpg?s=612x612&w=0&k=20&c=U1EqATqlE30jAP7EAOlcJ8xzJEUZwjPVkl5besilFBg=,Complied,Driving Distraction,Driving_Distraction_0,0000050,data/processed_images/traffic/Driving_Distraction_0/0000050.jpg,0000050,
Traffic,https://media.istockphoto.com/id/1585369634/photo/portrait-of-a-beautiful-smiling-woman-in-a-car-looking-out-of-the-window.jpg?s=612x612&w=0&k=20&c=U1EqATqlE30jAP7EAOlcJ8xzJEUZwjPVkl5besilFBg=,Not Applicable,Pedestrian Crossing,Driving_Distraction_0,0000050,data/processed_images/traffic/Driving_Distraction_0/0000050.jpg,0000050,
Traffic,https://media.istockphoto.com/id/1585369634/photo/portrait-of-a-beautiful-smiling-woman-in-a-car-looking-out-of-the-window.jpg?s=612x612&w=0&k=20&c=U1EqATqlE30jAP7EAOlcJ8xzJEUZwjPVkl5besilFBg=,Not Applicable,Road Condition,Driving_Distraction_0,0000050,data/processed_images/traffic/Driving_Distraction_0/0000050.jpg,0000050,
Traffic,https://media.istockphoto.com/id/1585369634/photo/portrait-of-a-beautiful-smiling-woman-in-a-car-looking-out-of-the-window.jpg?s=612x612&w=0&k=20&c=U1EqATqlE30jAP7EAOlcJ8xzJEUZwjPVkl5besilFBg=,Not Applicable,Traffic Rules,Driving_Distraction_0,0000050,data/processed_images/traffic/Driving_Distraction_0/0000050.jpg,0000050,
Traffic,https://media.istockphoto.com/id/1585369634/photo/portrait-of-a-beautiful-smiling-woman-in-a-car-looking-out-of-the-window.jpg?s=612x612&w=0&k=20&c=U1EqATqlE30jAP7EAOlcJ8xzJEUZwjPVkl5besilFBg=,Not Applicable,Vehicle Load,Driving_Distraction_0,0000050,data/processed_images/traffic/Driving_Distraction_0/0000050.jpg,0000050,
Traffic,https://media.istockphoto.com/id/1303459895/photo/beautiful-young-modern-girl-driving-a-car-on-sunny-summer-day.jpg?s=612x612&w=0&k=20&c=oic-n-ZcsVznIZZT8pEDuKL358iAD6GXdDMuhiCMqmM=,Complied,Driving Distraction,Driving_Distraction_0,0000051,data/processed_images/traffic/Driving_Distraction_0/0000051.jpg,0000051,
Traffic,https://media.istockphoto.com/id/1303459895/photo/beautiful-young-modern-girl-driving-a-car-on-sunny-summer-day.jpg?s=612x612&w=0&k=20&c=oic-n-ZcsVznIZZT8pEDuKL358iAD6GXdDMuhiCMqmM=,Not Applicable,Pedestrian Crossing,Driving_Distraction_0,0000051,data/processed_images/traffic/Driving_Distraction_0/0000051.jpg,0000051,
Traffic,https://media.istockphoto.com/id/1303459895/photo/beautiful-young-modern-girl-driving-a-car-on-sunny-summer-day.jpg?s=612x612&w=0&k=20&c=oic-n-ZcsVznIZZT8pEDuKL358iAD6GXdDMuhiCMqmM=,Not Applicable,Road Condition,Driving_Distraction_0,0000051,data/processed_images/traffic/Driving_Distraction_0/0000051.jpg,0000051,
Traffic,https://media.istockphoto.com/id/1303459895/photo/beautiful-young-modern-girl-driving-a-car-on-sunny-summer-day.jpg?s=612x612&w=0&k=20&c=oic-n-ZcsVznIZZT8pEDuKL358iAD6GXdDMuhiCMqmM=,Not Applicable,Traffic Rules,Driving_Distraction_0,0000051,data/processed_images/traffic/Driving_Distraction_0/0000051.jpg,0000051,
Traffic,https://media.istockphoto.com/id/1303459895/photo/beautiful-young-modern-girl-driving-a-car-on-sunny-summer-day.jpg?s=612x612&w=0&k=20&c=oic-n-ZcsVznIZZT8pEDuKL358iAD6GXdDMuhiCMqmM=,Not Applicable,Vehicle Load,Driving_Distraction_0,0000051,data/processed_images/traffic/Driving_Distraction_0/0000051.jpg,0000051,
Traffic,https://static.vecteezy.com/system/resources/previews/045/478/110/large_2x/young-woman-using-mobile-phone-while-driving-car-on-highway-road-during-sunset-womandriver-has-accident-calling-with-smartphone-for-help-business-woman-busy-driving-concept-photo.jpg,Violated,Driving Distraction,Driving_Distraction_1,0000001,data/processed_images/traffic/Driving_Distraction_1/0000001.jpg,0000001,
Traffic,https://static.vecteezy.com/system/resources/previews/045/478/110/large_2x/young-woman-using-mobile-phone-while-driving-car-on-highway-road-during-sunset-womandriver-has-accident-calling-with-smartphone-for-help-business-woman-busy-driving-concept-photo.jpg,Not Applicable,Pedestrian Crossing,Driving_Distraction_1,0000001,data/processed_images/traffic/Driving_Distraction_1/0000001.jpg,0000001,
Traffic,https://static.vecteezy.com/system/resources/previews/045/478/110/large_2x/young-woman-using-mobile-phone-while-driving-car-on-highway-road-during-sunset-womandriver-has-accident-calling-with-smartphone-for-help-business-woman-busy-driving-concept-photo.jpg,Not Applicable,Road Condition,Driving_Distraction_1,0000001,data/processed_images/traffic/Driving_Distraction_1/0000001.jpg,0000001,
Traffic,https://static.vecteezy.com/system/resources/previews/045/478/110/large_2x/young-woman-using-mobile-phone-while-driving-car-on-highway-road-during-sunset-womandriver-has-accident-calling-with-smartphone-for-help-business-woman-busy-driving-concept-photo.jpg,Not Applicable,Traffic Rules,Driving_Distraction_1,0000001,data/processed_images/traffic/Driving_Distraction_1/0000001.jpg,0000001,
Traffic,https://static.vecteezy.com/system/resources/previews/045/478/110/large_2x/young-woman-using-mobile-phone-while-driving-car-on-highway-road-during-sunset-womandriver-has-accident-calling-with-smartphone-for-help-business-woman-busy-driving-concept-photo.jpg,Not Applicable,Vehicle Load,Driving_Distraction_1,0000001,data/processed_images/traffic/Driving_Distraction_1/0000001.jpg,0000001,
Traffic,https://media.gettyimages.com/id/1657434172/photo/distracted-female-driver-looking-at-passengers-phone.jpg?s=612x612&w=gi&k=20&c=M2-qy8qa4RRCABGMmBCNWgS62bR56W9MQG7THhzqtX0=,Violated,Driving Distraction,Driving_Distraction_1,0000002,data/processed_images/traffic/Driving_Distraction_1/0000002.jpg,0000002,
Traffic,https://media.gettyimages.com/id/1657434172/photo/distracted-female-driver-looking-at-passengers-phone.jpg?s=612x612&w=gi&k=20&c=M2-qy8qa4RRCABGMmBCNWgS62bR56W9MQG7THhzqtX0=,Not Applicable,Pedestrian Crossing,Driving_Distraction_1,0000002,data/processed_images/traffic/Driving_Distraction_1/0000002.jpg,0000002,
Traffic,https://media.gettyimages.com/id/1657434172/photo/distracted-female-driver-looking-at-passengers-phone.jpg?s=612x612&w=gi&k=20&c=M2-qy8qa4RRCABGMmBCNWgS62bR56W9MQG7THhzqtX0=,Not Applicable,Road Condition,Driving_Distraction_1,0000002,data/processed_images/traffic/Driving_Distraction_1/0000002.jpg,0000002,
Traffic,https://media.gettyimages.com/id/1657434172/photo/distracted-female-driver-looking-at-passengers-phone.jpg?s=612x612&w=gi&k=20&c=M2-qy8qa4RRCABGMmBCNWgS62bR56W9MQG7THhzqtX0=,Not Applicable,Traffic Rules,Driving_Distraction_1,0000002,data/processed_images/traffic/Driving_Distraction_1/0000002.jpg,0000002,
Traffic,https://media.gettyimages.com/id/1657434172/photo/distracted-female-driver-looking-at-passengers-phone.jpg?s=612x612&w=gi&k=20&c=M2-qy8qa4RRCABGMmBCNWgS62bR56W9MQG7THhzqtX0=,Not Applicable,Vehicle Load,Driving_Distraction_1,0000002,data/processed_images/traffic/Driving_Distraction_1/0000002.jpg,0000002,
Traffic,https://cdn.bookingtimes.com/Common/LoadImage?Id=98991&v=1,Violated,Driving Distraction,Driving_Distraction_1,0000003,data/processed_images/traffic/Driving_Distraction_1/0000003.jpg,0000003,
Traffic,https://cdn.bookingtimes.com/Common/LoadImage?Id=98991&v=1,Not Applicable,Pedestrian Crossing,Driving_Distraction_1,0000003,data/processed_images/traffic/Driving_Distraction_1/0000003.jpg,0000003,
Traffic,https://cdn.bookingtimes.com/Common/LoadImage?Id=98991&v=1,Not Applicable,Road Condition,Driving_Distraction_1,0000003,data/processed_images/traffic/Driving_Distraction_1/0000003.jpg,0000003,
Traffic,https://cdn.bookingtimes.com/Common/LoadImage?Id=98991&v=1,Not Applicable,Traffic Rules,Driving_Distraction_1,0000003,data/processed_images/traffic/Driving_Distraction_1/0000003.jpg,0000003,
Traffic,https://cdn.bookingtimes.com/Common/LoadImage?Id=98991&v=1,Not Applicable,Vehicle Load,Driving_Distraction_1,0000003,data/processed_images/traffic/Driving_Distraction_1/0000003.jpg,0000003,
Traffic,https://cdn.hswstatic.com/gif/driving-dogs-lap.jpg,Violated,Driving Distraction,Driving_Distraction_1,0000004,data/processed_images/traffic/Driving_Distraction_1/0000004.jpg,0000004,
Traffic,https://cdn.hswstatic.com/gif/driving-dogs-lap.jpg,Not Applicable,Pedestrian Crossing,Driving_Distraction_1,0000004,data/processed_images/traffic/Driving_Distraction_1/0000004.jpg,0000004,
Traffic,https://cdn.hswstatic.com/gif/driving-dogs-lap.jpg,Not Applicable,Road Condition,Driving_Distraction_1,0000004,data/processed_images/traffic/Driving_Distraction_1/0000004.jpg,0000004,
Traffic,https://cdn.hswstatic.com/gif/driving-dogs-lap.jpg,Not Applicable,Traffic Rules,Driving_Distraction_1,0000004,data/processed_images/traffic/Driving_Distraction_1/0000004.jpg,0000004,
Traffic,https://cdn.hswstatic.com/gif/driving-dogs-lap.jpg,Not Applicable,Vehicle Load,Driving_Distraction_1,0000004,data/processed_images/traffic/Driving_Distraction_1/0000004.jpg,0000004,
Traffic,https://media.istockphoto.com/id/586357672/photo/texting-and-driving-wreck-hitting-pedestrian.jpg?s=612x612&w=0&k=20&c=4E5fpk5OP0W1V5h6Aak7iBk2wXj6_OojcoNRcQj2xzs=,Violated,Driving Distraction,Driving_Distraction_1,0000005,data/processed_images/traffic/Driving_Distraction_1/0000005.jpg,0000005,
Traffic,https://media.istockphoto.com/id/586357672/photo/texting-and-driving-wreck-hitting-pedestrian.jpg?s=612x612&w=0&k=20&c=4E5fpk5OP0W1V5h6Aak7iBk2wXj6_OojcoNRcQj2xzs=,Not Applicable,Pedestrian Crossing,Driving_Distraction_1,0000005,data/processed_images/traffic/Driving_Distraction_1/0000005.jpg,0000005,
Traffic,https://media.istockphoto.com/id/586357672/photo/texting-and-driving-wreck-hitting-pedestrian.jpg?s=612x612&w=0&k=20&c=4E5fpk5OP0W1V5h6Aak7iBk2wXj6_OojcoNRcQj2xzs=,Not Applicable,Road Condition,Driving_Distraction_1,0000005,data/processed_images/traffic/Driving_Distraction_1/0000005.jpg,0000005,
Traffic,https://media.istockphoto.com/id/586357672/photo/texting-and-driving-wreck-hitting-pedestrian.jpg?s=612x612&w=0&k=20&c=4E5fpk5OP0W1V5h6Aak7iBk2wXj6_OojcoNRcQj2xzs=,Violated,Traffic Rules,Driving_Distraction_1,0000005,data/processed_images/traffic/Driving_Distraction_1/0000005.jpg,0000005,
Traffic,https://media.istockphoto.com/id/586357672/photo/texting-and-driving-wreck-hitting-pedestrian.jpg?s=612x612&w=0&k=20&c=4E5fpk5OP0W1V5h6Aak7iBk2wXj6_OojcoNRcQj2xzs=,Not Applicable,Vehicle Load,Driving_Distraction_1,0000005,data/processed_images/traffic/Driving_Distraction_1/0000005.jpg,0000005,
Traffic,https://media.istockphoto.com/id/2157480611/photo/mother-and-son-behind-the-wheel-of-the-vehicle-and-speed-face-transportation-and-family.jpg?s=1024x1024&w=is&k=20&c=4FTXONZ1lRzx3lgQeb3SDCIGUYzprDQUe6PmXshTd1w=,Violated,Driving Distraction,Driving_Distraction_1,0000006,data/processed_images/traffic/Driving_Distraction_1/0000006.jpg,0000006,
Traffic,https://media.istockphoto.com/id/2157480611/photo/mother-and-son-behind-the-wheel-of-the-vehicle-and-speed-face-transportation-and-family.jpg?s=1024x1024&w=is&k=20&c=4FTXONZ1lRzx3lgQeb3SDCIGUYzprDQUe6PmXshTd1w=,Not Applicable,Pedestrian Crossing,Driving_Distraction_1,0000006,data/processed_images/traffic/Driving_Distraction_1/0000006.jpg,0000006,
Traffic,https://media.istockphoto.com/id/2157480611/photo/mother-and-son-behind-the-wheel-of-the-vehicle-and-speed-face-transportation-and-family.jpg?s=1024x1024&w=is&k=20&c=4FTXONZ1lRzx3lgQeb3SDCIGUYzprDQUe6PmXshTd1w=,Not Applicable,Road Condition,Driving_Distraction_1,0000006,data/processed_images/traffic/Driving_Distraction_1/0000006.jpg,0000006,
Traffic,https://media.istockphoto.com/id/2157480611/photo/mother-and-son-behind-the-wheel-of-the-vehicle-and-speed-face-transportation-and-family.jpg?s=1024x1024&w=is&k=20&c=4FTXONZ1lRzx3lgQeb3SDCIGUYzprDQUe6PmXshTd1w=,Not Applicable,Traffic Rules,Driving_Distraction_1,0000006,data/processed_images/traffic/Driving_Distraction_1/0000006.jpg,0000006,
Traffic,https://media.istockphoto.com/id/2157480611/photo/mother-and-son-behind-the-wheel-of-the-vehicle-and-speed-face-transportation-and-family.jpg?s=1024x1024&w=is&k=20&c=4FTXONZ1lRzx3lgQeb3SDCIGUYzprDQUe6PmXshTd1w=,Not Applicable,Vehicle Load,Driving_Distraction_1,0000006,data/processed_images/traffic/Driving_Distraction_1/0000006.jpg,0000006,
Traffic,https://media.gettyimages.com/id/1143801187/photo/young-girl-is-putting-lipstick-in-the-traffic-jam-in-rainy-day.jpg?s=612x612&w=gi&k=20&c=Et3dGWYdv4VZDY3n6xdXWou6oo-5_Mf-h_W0Xr1xF1A=,Violated,Driving Distraction,Driving_Distraction_1,0000007,data/processed_images/traffic/Driving_Distraction_1/0000007.jpg,0000007,
Traffic,https://media.gettyimages.com/id/1143801187/photo/young-girl-is-putting-lipstick-in-the-traffic-jam-in-rainy-day.jpg?s=612x612&w=gi&k=20&c=Et3dGWYdv4VZDY3n6xdXWou6oo-5_Mf-h_W0Xr1xF1A=,Not Applicable,Pedestrian Crossing,Driving_Distraction_1,0000007,data/processed_images/traffic/Driving_Distraction_1/0000007.jpg,0000007,
Traffic,https://media.gettyimages.com/id/1143801187/photo/young-girl-is-putting-lipstick-in-the-traffic-jam-in-rainy-day.jpg?s=612x612&w=gi&k=20&c=Et3dGWYdv4VZDY3n6xdXWou6oo-5_Mf-h_W0Xr1xF1A=,Not Applicable,Road Condition,Driving_Distraction_1,0000007,data/processed_images/traffic/Driving_Distraction_1/0000007.jpg,0000007,
Traffic,https://media.gettyimages.com/id/1143801187/photo/young-girl-is-putting-lipstick-in-the-traffic-jam-in-rainy-day.jpg?s=612x612&w=gi&k=20&c=Et3dGWYdv4VZDY3n6xdXWou6oo-5_Mf-h_W0Xr1xF1A=,Not Applicable,Traffic Rules,Driving_Distraction_1,0000007,data/processed_images/traffic/Driving_Distraction_1/0000007.jpg,0000007,
Traffic,https://media.gettyimages.com/id/1143801187/photo/young-girl-is-putting-lipstick-in-the-traffic-jam-in-rainy-day.jpg?s=612x612&w=gi&k=20&c=Et3dGWYdv4VZDY3n6xdXWou6oo-5_Mf-h_W0Xr1xF1A=,Not Applicable,Vehicle Load,Driving_Distraction_1,0000007,data/processed_images/traffic/Driving_Distraction_1/0000007.jpg,0000007,
Traffic,https://www.sleepscore.com/wp-content/uploads/2016/10/blog-SleepyDriving-preview.jpg,Violated,Driving Distraction,Driving_Distraction_1,0000008,data/processed_images/traffic/Driving_Distraction_1/0000008.jpg,0000008,
Traffic,https://www.sleepscore.com/wp-content/uploads/2016/10/blog-SleepyDriving-preview.jpg,Not Applicable,Pedestrian Crossing,Driving_Distraction_1,0000008,data/processed_images/traffic/Driving_Distraction_1/0000008.jpg,0000008,
Traffic,https://www.sleepscore.com/wp-content/uploads/2016/10/blog-SleepyDriving-preview.jpg,Not Applicable,Road Condition,Driving_Distraction_1,0000008,data/processed_images/traffic/Driving_Distraction_1/0000008.jpg,0000008,
Traffic,https://www.sleepscore.com/wp-content/uploads/2016/10/blog-SleepyDriving-preview.jpg,Not Applicable,Traffic Rules,Driving_Distraction_1,0000008,data/processed_images/traffic/Driving_Distraction_1/0000008.jpg,0000008,
Traffic,https://www.sleepscore.com/wp-content/uploads/2016/10/blog-SleepyDriving-preview.jpg,Not Applicable,Vehicle Load,Driving_Distraction_1,0000008,data/processed_images/traffic/Driving_Distraction_1/0000008.jpg,0000008,
Traffic,https://c8.alamy.com/comp/2JA250B/a-tired-driver-asleep-at-the-wheel-concept-of-man-tired-of-driving-a-man-driver-asleep-at-the-wheel-a-tired-person-sleeping-at-the-wheel-of-the-car-2JA250B.jpg,Violated,Driving Distraction,Driving_Distraction_1,0000009,data/processed_images/traffic/Driving_Distraction_1/0000009.jpg,0000009,
Traffic,https://c8.alamy.com/comp/2JA250B/a-tired-driver-asleep-at-the-wheel-concept-of-man-tired-of-driving-a-man-driver-asleep-at-the-wheel-a-tired-person-sleeping-at-the-wheel-of-the-car-2JA250B.jpg,Not Applicable,Pedestrian Crossing,Driving_Distraction_1,0000009,data/processed_images/traffic/Driving_Distraction_1/0000009.jpg,0000009,
Traffic,https://c8.alamy.com/comp/2JA250B/a-tired-driver-asleep-at-the-wheel-concept-of-man-tired-of-driving-a-man-driver-asleep-at-the-wheel-a-tired-person-sleeping-at-the-wheel-of-the-car-2JA250B.jpg,Not Applicable,Road Condition,Driving_Distraction_1,0000009,data/processed_images/traffic/Driving_Distraction_1/0000009.jpg,0000009,
Traffic,https://c8.alamy.com/comp/2JA250B/a-tired-driver-asleep-at-the-wheel-concept-of-man-tired-of-driving-a-man-driver-asleep-at-the-wheel-a-tired-person-sleeping-at-the-wheel-of-the-car-2JA250B.jpg,Not Applicable,Traffic Rules,Driving_Distraction_1,0000009,data/processed_images/traffic/Driving_Distraction_1/0000009.jpg,0000009,
Traffic,https://c8.alamy.com/comp/2JA250B/a-tired-driver-asleep-at-the-wheel-concept-of-man-tired-of-driving-a-man-driver-asleep-at-the-wheel-a-tired-person-sleeping-at-the-wheel-of-the-car-2JA250B.jpg,Not Applicable,Vehicle Load,Driving_Distraction_1,0000009,data/processed_images/traffic/Driving_Distraction_1/0000009.jpg,0000009,
Traffic,https://lh5.googleusercontent.com/y9o_BIcSyYxMONRHr8zx58hUr4Hjlj3in_9pHGaKDTSERFpVk-Y61wpqsD6O5KSdK_Xix4aQ076yOvTpnRtjyDAnXdrJ--QNzoVS21A_nBDXOggRcJkoIC0OQpbdgdewbg,Violated,Driving Distraction,Driving_Distraction_1,0000010,data/processed_images/traffic/Driving_Distraction_1/0000010.jpg,0000010,
Traffic,https://lh5.googleusercontent.com/y9o_BIcSyYxMONRHr8zx58hUr4Hjlj3in_9pHGaKDTSERFpVk-Y61wpqsD6O5KSdK_Xix4aQ076yOvTpnRtjyDAnXdrJ--QNzoVS21A_nBDXOggRcJkoIC0OQpbdgdewbg,Not Applicable,Pedestrian Crossing,Driving_Distraction_1,0000010,data/processed_images/traffic/Driving_Distraction_1/0000010.jpg,0000010,
Traffic,https://lh5.googleusercontent.com/y9o_BIcSyYxMONRHr8zx58hUr4Hjlj3in_9pHGaKDTSERFpVk-Y61wpqsD6O5KSdK_Xix4aQ076yOvTpnRtjyDAnXdrJ--QNzoVS21A_nBDXOggRcJkoIC0OQpbdgdewbg,Not Applicable,Road Condition,Driving_Distraction_1,0000010,data/processed_images/traffic/Driving_Distraction_1/0000010.jpg,0000010,
Traffic,https://lh5.googleusercontent.com/y9o_BIcSyYxMONRHr8zx58hUr4Hjlj3in_9pHGaKDTSERFpVk-Y61wpqsD6O5KSdK_Xix4aQ076yOvTpnRtjyDAnXdrJ--QNzoVS21A_nBDXOggRcJkoIC0OQpbdgdewbg,Not Applicable,Traffic Rules,Driving_Distraction_1,0000010,data/processed_images/traffic/Driving_Distraction_1/0000010.jpg,0000010,
Traffic,https://lh5.googleusercontent.com/y9o_BIcSyYxMONRHr8zx58hUr4Hjlj3in_9pHGaKDTSERFpVk-Y61wpqsD6O5KSdK_Xix4aQ076yOvTpnRtjyDAnXdrJ--QNzoVS21A_nBDXOggRcJkoIC0OQpbdgdewbg,Not Applicable,Vehicle Load,Driving_Distraction_1,0000010,data/processed_images/traffic/Driving_Distraction_1/0000010.jpg,0000010,
Traffic,https://cdn.prod.website-files.com/608c6d5b8637279ee57c44d9/626263396fca14f25eb9a229_Distracted%20Driving%20feature-min.png,Violated,Driving Distraction,Driving_Distraction_1,0000011,data/processed_images/traffic/Driving_Distraction_1/0000011.png,0000011,
Traffic,https://cdn.prod.website-files.com/608c6d5b8637279ee57c44d9/626263396fca14f25eb9a229_Distracted%20Driving%20feature-min.png,Not Applicable,Pedestrian Crossing,Driving_Distraction_1,0000011,data/processed_images/traffic/Driving_Distraction_1/0000011.png,0000011,
Traffic,https://cdn.prod.website-files.com/608c6d5b8637279ee57c44d9/626263396fca14f25eb9a229_Distracted%20Driving%20feature-min.png,Not Applicable,Road Condition,Driving_Distraction_1,0000011,data/processed_images/traffic/Driving_Distraction_1/0000011.png,0000011,
Traffic,https://cdn.prod.website-files.com/608c6d5b8637279ee57c44d9/626263396fca14f25eb9a229_Distracted%20Driving%20feature-min.png,Not Applicable,Traffic Rules,Driving_Distraction_1,0000011,data/processed_images/traffic/Driving_Distraction_1/0000011.png,0000011,
Traffic,https://cdn.prod.website-files.com/608c6d5b8637279ee57c44d9/626263396fca14f25eb9a229_Distracted%20Driving%20feature-min.png,Not Applicable,Vehicle Load,Driving_Distraction_1,0000011,data/processed_images/traffic/Driving_Distraction_1/0000011.png,0000011,
Traffic,https://encrypted-tbn0.gstatic.com/images?q=tbn:ANd9GcTmLs4VMbGPydxFkll6dkIaX7Q3RYUNiQok5qkr4Oay7j-E3tfS2Q2mAPA6sokR9AZ25YA&usqp=CAU,Violated,Driving Distraction,Driving_Distraction_1,0000012,data/processed_images/traffic/Driving_Distraction_1/0000012.jpg,0000012,
Traffic,https://encrypted-tbn0.gstatic.com/images?q=tbn:ANd9GcTmLs4VMbGPydxFkll6dkIaX7Q3RYUNiQok5qkr4Oay7j-E3tfS2Q2mAPA6sokR9AZ25YA&usqp=CAU,Not Applicable,Pedestrian Crossing,Driving_Distraction_1,0000012,data/processed_images/traffic/Driving_Distraction_1/0000012.jpg,0000012,
Traffic,https://encrypted-tbn0.gstatic.com/images?q=tbn:ANd9GcTmLs4VMbGPydxFkll6dkIaX7Q3RYUNiQok5qkr4Oay7j-E3tfS2Q2mAPA6sokR9AZ25YA&usqp=CAU,Not Applicable,Road Condition,Driving_Distraction_1,0000012,data/processed_images/traffic/Driving_Distraction_1/0000012.jpg,0000012,
Traffic,https://encrypted-tbn0.gstatic.com/images?q=tbn:ANd9GcTmLs4VMbGPydxFkll6dkIaX7Q3RYUNiQok5qkr4Oay7j-E3tfS2Q2mAPA6sokR9AZ25YA&usqp=CAU,Not Applicable,Traffic Rules,Driving_Distraction_1,0000012,data/processed_images/traffic/Driving_Distraction_1/0000012.jpg,0000012,
Traffic,https://encrypted-tbn0.gstatic.com/images?q=tbn:ANd9GcTmLs4VMbGPydxFkll6dkIaX7Q3RYUNiQok5qkr4Oay7j-E3tfS2Q2mAPA6sokR9AZ25YA&usqp=CAU,Not Applicable,Vehicle Load,Driving_Distraction_1,0000012,data/processed_images/traffic/Driving_Distraction_1/0000012.jpg,0000012,
Traffic,https://www.johnsongarcialaw.com/wp-content/uploads/2020/12/Johnson-Garcia-blog-post-image_Common-signs-of-distracted-driving-scaled-1.jpg.webp,Violated,Driving Distraction,Driving_Distraction_1,0000013,,nan,Wrong Format (e.g. .webp)
Traffic,https://www.johnsongarcialaw.com/wp-content/uploads/2020/12/Johnson-Garcia-blog-post-image_Common-signs-of-distracted-driving-scaled-1.jpg.webp,Not Applicable,Pedestrian Crossing,Driving_Distraction_1,0000013,,nan,Wrong Format (e.g. .webp)
Traffic,https://www.johnsongarcialaw.com/wp-content/uploads/2020/12/Johnson-Garcia-blog-post-image_Common-signs-of-distracted-driving-scaled-1.jpg.webp,Not Applicable,Road Condition,Driving_Distraction_1,0000013,,nan,Wrong Format (e.g. .webp)
Traffic,https://www.johnsongarcialaw.com/wp-content/uploads/2020/12/Johnson-Garcia-blog-post-image_Common-signs-of-distracted-driving-scaled-1.jpg.webp,Not Applicable,Traffic Rules,Driving_Distraction_1,0000013,,nan,Wrong Format (e.g. .webp)
Traffic,https://www.johnsongarcialaw.com/wp-content/uploads/2020/12/Johnson-Garcia-blog-post-image_Common-signs-of-distracted-driving-scaled-1.jpg.webp,Not Applicable,Vehicle Load,Driving_Distraction_1,0000013,,nan,Wrong Format (e.g. .webp)
Traffic,https://www.iii.org/sites/default/files/p_woman_lipstick_drive_453162261.jpg,Violated,Driving Distraction,Driving_Distraction_1,0000014,data/processed_images/traffic/Driving_Distraction_1/0000014.jpg,0000014,
Traffic,https://www.iii.org/sites/default/files/p_woman_lipstick_drive_453162261.jpg,Not Applicable,Pedestrian Crossing,Driving_Distraction_1,0000014,data/processed_images/traffic/Driving_Distraction_1/0000014.jpg,0000014,
Traffic,https://www.iii.org/sites/default/files/p_woman_lipstick_drive_453162261.jpg,Not Applicable,Road Condition,Driving_Distraction_1,0000014,data/processed_images/traffic/Driving_Distraction_1/0000014.jpg,0000014,
Traffic,https://www.iii.org/sites/default/files/p_woman_lipstick_drive_453162261.jpg,Not Applicable,Traffic Rules,Driving_Distraction_1,0000014,data/processed_images/traffic/Driving_Distraction_1/0000014.jpg,0000014,
Traffic,https://www.iii.org/sites/default/files/p_woman_lipstick_drive_453162261.jpg,Not Applicable,Vehicle Load,Driving_Distraction_1,0000014,data/processed_images/traffic/Driving_Distraction_1/0000014.jpg,0000014,
Traffic,https://encrypted-tbn0.gstatic.com/images?q=tbn:ANd9GcQHT8CiwIYQlBMMMwkmE2Gk0G77PMfEoeJcAaZVgyFGtq33nRDSqYR5_6aYe4kZyUAVqNQ&usqp=CAU,Violated,Driving Distraction,Driving_Distraction_1,0000015,data/processed_images/traffic/Driving_Distraction_1/0000015.jpg,0000015,
Traffic,https://encrypted-tbn0.gstatic.com/images?q=tbn:ANd9GcQHT8CiwIYQlBMMMwkmE2Gk0G77PMfEoeJcAaZVgyFGtq33nRDSqYR5_6aYe4kZyUAVqNQ&usqp=CAU,Not Applicable,Pedestrian Crossing,Driving_Distraction_1,0000015,data/processed_images/traffic/Driving_Distraction_1/0000015.jpg,0000015,
Traffic,https://encrypted-tbn0.gstatic.com/images?q=tbn:ANd9GcQHT8CiwIYQlBMMMwkmE2Gk0G77PMfEoeJcAaZVgyFGtq33nRDSqYR5_6aYe4kZyUAVqNQ&usqp=CAU,Not Applicable,Road Condition,Driving_Distraction_1,0000015,data/processed_images/traffic/Driving_Distraction_1/0000015.jpg,0000015,
Traffic,https://encrypted-tbn0.gstatic.com/images?q=tbn:ANd9GcQHT8CiwIYQlBMMMwkmE2Gk0G77PMfEoeJcAaZVgyFGtq33nRDSqYR5_6aYe4kZyUAVqNQ&usqp=CAU,Not Applicable,Traffic Rules,Driving_Distraction_1,0000015,data/processed_images/traffic/Driving_Distraction_1/0000015.jpg,0000015,
Traffic,https://encrypted-tbn0.gstatic.com/images?q=tbn:ANd9GcQHT8CiwIYQlBMMMwkmE2Gk0G77PMfEoeJcAaZVgyFGtq33nRDSqYR5_6aYe4kZyUAVqNQ&usqp=CAU,Not Applicable,Vehicle Load,Driving_Distraction_1,0000015,data/processed_images/traffic/Driving_Distraction_1/0000015.jpg,0000015,
Traffic,https://encrypted-tbn0.gstatic.com/images?q=tbn:ANd9GcSBBAqHIsPq0uGWEjuW0SgHflSVqP24-lk3UY9ySmpTT-cfcHxt75kG_Ez7HYqzDMLv-1o&usqp=CAU,Violated,Driving Distraction,Driving_Distraction_1,0000016,data/processed_images/traffic/Driving_Distraction_1/0000016.jpg,0000016,
Traffic,https://encrypted-tbn0.gstatic.com/images?q=tbn:ANd9GcSBBAqHIsPq0uGWEjuW0SgHflSVqP24-lk3UY9ySmpTT-cfcHxt75kG_Ez7HYqzDMLv-1o&usqp=CAU,Not Applicable,Pedestrian Crossing,Driving_Distraction_1,0000016,data/processed_images/traffic/Driving_Distraction_1/0000016.jpg,0000016,
Traffic,https://encrypted-tbn0.gstatic.com/images?q=tbn:ANd9GcSBBAqHIsPq0uGWEjuW0SgHflSVqP24-lk3UY9ySmpTT-cfcHxt75kG_Ez7HYqzDMLv-1o&usqp=CAU,Not Applicable,Road Condition,Driving_Distraction_1,0000016,data/processed_images/traffic/Driving_Distraction_1/0000016.jpg,0000016,
Traffic,https://encrypted-tbn0.gstatic.com/images?q=tbn:ANd9GcSBBAqHIsPq0uGWEjuW0SgHflSVqP24-lk3UY9ySmpTT-cfcHxt75kG_Ez7HYqzDMLv-1o&usqp=CAU,Not Applicable,Traffic Rules,Driving_Distraction_1,0000016,data/processed_images/traffic/Driving_Distraction_1/0000016.jpg,0000016,
Traffic,https://encrypted-tbn0.gstatic.com/images?q=tbn:ANd9GcSBBAqHIsPq0uGWEjuW0SgHflSVqP24-lk3UY9ySmpTT-cfcHxt75kG_Ez7HYqzDMLv-1o&usqp=CAU,Not Applicable,Vehicle Load,Driving_Distraction_1,0000016,data/processed_images/traffic/Driving_Distraction_1/0000016.jpg,0000016,
Traffic,https://encrypted-tbn0.gstatic.com/images?q=tbn:ANd9GcRMFQZRfP-wYoDwRnlbwmIozvrM1nhlIkz3eA&s,Violated,Driving Distraction,Driving_Distraction_1,0000017,data/processed_images/traffic/Driving_Distraction_1/0000017.jpg,0000017,
Traffic,https://encrypted-tbn0.gstatic.com/images?q=tbn:ANd9GcRMFQZRfP-wYoDwRnlbwmIozvrM1nhlIkz3eA&s,Not Applicable,Pedestrian Crossing,Driving_Distraction_1,0000017,data/processed_images/traffic/Driving_Distraction_1/0000017.jpg,0000017,
Traffic,https://encrypted-tbn0.gstatic.com/images?q=tbn:ANd9GcRMFQZRfP-wYoDwRnlbwmIozvrM1nhlIkz3eA&s,Not Applicable,Road Condition,Driving_Distraction_1,0000017,data/processed_images/traffic/Driving_Distraction_1/0000017.jpg,0000017,
Traffic,https://encrypted-tbn0.gstatic.com/images?q=tbn:ANd9GcRMFQZRfP-wYoDwRnlbwmIozvrM1nhlIkz3eA&s,Not Applicable,Traffic Rules,Driving_Distraction_1,0000017,data/processed_images/traffic/Driving_Distraction_1/0000017.jpg,0000017,
Traffic,https://encrypted-tbn0.gstatic.com/images?q=tbn:ANd9GcRMFQZRfP-wYoDwRnlbwmIozvrM1nhlIkz3eA&s,Not Applicable,Vehicle Load,Driving_Distraction_1,0000017,data/processed_images/traffic/Driving_Distraction_1/0000017.jpg,0000017,
Traffic,https://encrypted-tbn0.gstatic.com/images?q=tbn:ANd9GcSbHxmvukcBzqFL3TrMnmgyM0Wo56WFjrDWJg&s,Violated,Driving Distraction,Driving_Distraction_1,0000018,data/processed_images/traffic/Driving_Distraction_1/0000018.jpg,0000018,
Traffic,https://encrypted-tbn0.gstatic.com/images?q=tbn:ANd9GcSbHxmvukcBzqFL3TrMnmgyM0Wo56WFjrDWJg&s,Not Applicable,Pedestrian Crossing,Driving_Distraction_1,0000018,data/processed_images/traffic/Driving_Distraction_1/0000018.jpg,0000018,
Traffic,https://encrypted-tbn0.gstatic.com/images?q=tbn:ANd9GcSbHxmvukcBzqFL3TrMnmgyM0Wo56WFjrDWJg&s,Not Applicable,Road Condition,Driving_Distraction_1,0000018,data/processed_images/traffic/Driving_Distraction_1/0000018.jpg,0000018,
Traffic,https://encrypted-tbn0.gstatic.com/images?q=tbn:ANd9GcSbHxmvukcBzqFL3TrMnmgyM0Wo56WFjrDWJg&s,Not Applicable,Traffic Rules,Driving_Distraction_1,0000018,data/processed_images/traffic/Driving_Distraction_1/0000018.jpg,0000018,
Traffic,https://encrypted-tbn0.gstatic.com/images?q=tbn:ANd9GcSbHxmvukcBzqFL3TrMnmgyM0Wo56WFjrDWJg&s,Not Applicable,Vehicle Load,Driving_Distraction_1,0000018,data/processed_images/traffic/Driving_Distraction_1/0000018.jpg,0000018,
Traffic,https://encrypted-tbn0.gstatic.com/images?q=tbn:ANd9GcTUS4Iz29HjVQQXCjQRjZz9xUR0wyC8o-Me6Q&s,Violated,Driving Distraction,Driving_Distraction_1,0000019,data/processed_images/traffic/Driving_Distraction_1/0000019.jpg,0000019,
Traffic,https://encrypted-tbn0.gstatic.com/images?q=tbn:ANd9GcTUS4Iz29HjVQQXCjQRjZz9xUR0wyC8o-Me6Q&s,Not Applicable,Pedestrian Crossing,Driving_Distraction_1,0000019,data/processed_images/traffic/Driving_Distraction_1/0000019.jpg,0000019,
Traffic,https://encrypted-tbn0.gstatic.com/images?q=tbn:ANd9GcTUS4Iz29HjVQQXCjQRjZz9xUR0wyC8o-Me6Q&s,Not Applicable,Road Condition,Driving_Distraction_1,0000019,data/processed_images/traffic/Driving_Distraction_1/0000019.jpg,0000019,
Traffic,https://encrypted-tbn0.gstatic.com/images?q=tbn:ANd9GcTUS4Iz29HjVQQXCjQRjZz9xUR0wyC8o-Me6Q&s,Not Applicable,Traffic Rules,Driving_Distraction_1,0000019,data/processed_images/traffic/Driving_Distraction_1/0000019.jpg,0000019,
Traffic,https://encrypted-tbn0.gstatic.com/images?q=tbn:ANd9GcTUS4Iz29HjVQQXCjQRjZz9xUR0wyC8o-Me6Q&s,Not Applicable,Vehicle Load,Driving_Distraction_1,0000019,data/processed_images/traffic/Driving_Distraction_1/0000019.jpg,0000019,
Traffic,https://encrypted-tbn0.gstatic.com/images?q=tbn:ANd9GcSQi60NR5C_mhIOdPKqpLY6ZCF3S8bse7oQFAB72sXYGRrprtMRyq1ahILc-reoBbGvb-E&usqp=CAU,Violated,Driving Distraction,Driving_Distraction_1,0000020,data/processed_images/traffic/Driving_Distraction_1/0000020.jpg,0000020,
Traffic,https://encrypted-tbn0.gstatic.com/images?q=tbn:ANd9GcSQi60NR5C_mhIOdPKqpLY6ZCF3S8bse7oQFAB72sXYGRrprtMRyq1ahILc-reoBbGvb-E&usqp=CAU,Not Applicable,Pedestrian Crossing,Driving_Distraction_1,0000020,data/processed_images/traffic/Driving_Distraction_1/0000020.jpg,0000020,
Traffic,https://encrypted-tbn0.gstatic.com/images?q=tbn:ANd9GcSQi60NR5C_mhIOdPKqpLY6ZCF3S8bse7oQFAB72sXYGRrprtMRyq1ahILc-reoBbGvb-E&usqp=CAU,Not Applicable,Road Condition,Driving_Distraction_1,0000020,data/processed_images/traffic/Driving_Distraction_1/0000020.jpg,0000020,
Traffic,https://encrypted-tbn0.gstatic.com/images?q=tbn:ANd9GcSQi60NR5C_mhIOdPKqpLY6ZCF3S8bse7oQFAB72sXYGRrprtMRyq1ahILc-reoBbGvb-E&usqp=CAU,Not Applicable,Traffic Rules,Driving_Distraction_1,0000020,data/processed_images/traffic/Driving_Distraction_1/0000020.jpg,0000020,
Traffic,https://encrypted-tbn0.gstatic.com/images?q=tbn:ANd9GcSQi60NR5C_mhIOdPKqpLY6ZCF3S8bse7oQFAB72sXYGRrprtMRyq1ahILc-reoBbGvb-E&usqp=CAU,Not Applicable,Vehicle Load,Driving_Distraction_1,0000020,data/processed_images/traffic/Driving_Distraction_1/0000020.jpg,0000020,
Traffic,https://st2.depositphotos.com/1662991/7158/i/380/depositphotos_71584357-stock-photo-couple-texting-and-driving.jpg,Violated,Driving Distraction,Driving_Distraction_1,0000021,data/processed_images/traffic/Driving_Distraction_1/0000021.jpg,0000021,
Traffic,https://st2.depositphotos.com/1662991/7158/i/380/depositphotos_71584357-stock-photo-couple-texting-and-driving.jpg,Not Applicable,Pedestrian Crossing,Driving_Distraction_1,0000021,data/processed_images/traffic/Driving_Distraction_1/0000021.jpg,0000021,
Traffic,https://st2.depositphotos.com/1662991/7158/i/380/depositphotos_71584357-stock-photo-couple-texting-and-driving.jpg,Not Applicable,Road Condition,Driving_Distraction_1,0000021,data/processed_images/traffic/Driving_Distraction_1/0000021.jpg,0000021,
Traffic,https://st2.depositphotos.com/1662991/7158/i/380/depositphotos_71584357-stock-photo-couple-texting-and-driving.jpg,Not Applicable,Traffic Rules,Driving_Distraction_1,0000021,data/processed_images/traffic/Driving_Distraction_1/0000021.jpg,0000021,
Traffic,https://st2.depositphotos.com/1662991/7158/i/380/depositphotos_71584357-stock-photo-couple-texting-and-driving.jpg,Not Applicable,Vehicle Load,Driving_Distraction_1,0000021,data/processed_images/traffic/Driving_Distraction_1/0000021.jpg,0000021,
Traffic,https://upload.wikimedia.org/wikipedia/commons/thumb/4/42/Drinking_and_driving.jpg/960px-Drinking_and_driving.jpg,Violated,Driving Distraction,Driving_Distraction_1,0000022,data/processed_images/traffic/Driving_Distraction_1/0000022.jpg,0000022,
Traffic,https://upload.wikimedia.org/wikipedia/commons/thumb/4/42/Drinking_and_driving.jpg/960px-Drinking_and_driving.jpg,Not Applicable,Pedestrian Crossing,Driving_Distraction_1,0000022,data/processed_images/traffic/Driving_Distraction_1/0000022.jpg,0000022,
Traffic,https://upload.wikimedia.org/wikipedia/commons/thumb/4/42/Drinking_and_driving.jpg/960px-Drinking_and_driving.jpg,Not Applicable,Road Condition,Driving_Distraction_1,0000022,data/processed_images/traffic/Driving_Distraction_1/0000022.jpg,0000022,
Traffic,https://upload.wikimedia.org/wikipedia/commons/thumb/4/42/Drinking_and_driving.jpg/960px-Drinking_and_driving.jpg,Not Applicable,Traffic Rules,Driving_Distraction_1,0000022,data/processed_images/traffic/Driving_Distraction_1/0000022.jpg,0000022,
Traffic,https://upload.wikimedia.org/wikipedia/commons/thumb/4/42/Drinking_and_driving.jpg/960px-Drinking_and_driving.jpg,Not Applicable,Vehicle Load,Driving_Distraction_1,0000022,data/processed_images/traffic/Driving_Distraction_1/0000022.jpg,0000022,
Traffic,https://images.pexels.com/photos/10466263/pexels-photo-10466263.jpeg,Violated,Driving Distraction,Driving_Distraction_1,0000023,data/processed_images/traffic/Driving_Distraction_1/0000023.jpeg,0000023,
Traffic,https://images.pexels.com/photos/10466263/pexels-photo-10466263.jpeg,Not Applicable,Pedestrian Crossing,Driving_Distraction_1,0000023,data/processed_images/traffic/Driving_Distraction_1/0000023.jpeg,0000023,
Traffic,https://images.pexels.com/photos/10466263/pexels-photo-10466263.jpeg,Not Applicable,Road Condition,Driving_Distraction_1,0000023,data/processed_images/traffic/Driving_Distraction_1/0000023.jpeg,0000023,
Traffic,https://images.pexels.com/photos/10466263/pexels-photo-10466263.jpeg,Not Applicable,Traffic Rules,Driving_Distraction_1,0000023,data/processed_images/traffic/Driving_Distraction_1/0000023.jpeg,0000023,
Traffic,https://images.pexels.com/photos/10466263/pexels-photo-10466263.jpeg,Not Applicable,Vehicle Load,Driving_Distraction_1,0000023,data/processed_images/traffic/Driving_Distraction_1/0000023.jpeg,0000023,
Traffic,https://images.pexels.com/photos/8387455/pexels-photo-8387455.jpeg,Violated,Driving Distraction,Driving_Distraction_1,0000024,data/processed_images/traffic/Driving_Distraction_1/0000024.jpeg,0000024,
Traffic,https://images.pexels.com/photos/8387455/pexels-photo-8387455.jpeg,Not Applicable,Pedestrian Crossing,Driving_Distraction_1,0000024,data/processed_images/traffic/Driving_Distraction_1/0000024.jpeg,0000024,
Traffic,https://images.pexels.com/photos/8387455/pexels-photo-8387455.jpeg,Not Applicable,Road Condition,Driving_Distraction_1,0000024,data/processed_images/traffic/Driving_Distraction_1/0000024.jpeg,0000024,
Traffic,https://images.pexels.com/photos/8387455/pexels-photo-8387455.jpeg,Not Applicable,Traffic Rules,Driving_Distraction_1,0000024,data/processed_images/traffic/Driving_Distraction_1/0000024.jpeg,0000024,
Traffic,https://images.pexels.com/photos/8387455/pexels-photo-8387455.jpeg,Not Applicable,Vehicle Load,Driving_Distraction_1,0000024,data/processed_images/traffic/Driving_Distraction_1/0000024.jpeg,0000024,
Traffic,https://images.pexels.com/photos/6529871/pexels-photo-6529871.jpeg,Violated,Driving Distraction,Driving_Distraction_1,0000025,data/processed_images/traffic/Driving_Distraction_1/0000025.jpeg,0000025,
Traffic,https://images.pexels.com/photos/6529871/pexels-photo-6529871.jpeg,Not Applicable,Pedestrian Crossing,Driving_Distraction_1,0000025,data/processed_images/traffic/Driving_Distraction_1/0000025.jpeg,0000025,
Traffic,https://images.pexels.com/photos/6529871/pexels-photo-6529871.jpeg,Not Applicable,Road Condition,Driving_Distraction_1,0000025,data/processed_images/traffic/Driving_Distraction_1/0000025.jpeg,0000025,
Traffic,https://images.pexels.com/photos/6529871/pexels-photo-6529871.jpeg,Not Applicable,Traffic Rules,Driving_Distraction_1,0000025,data/processed_images/traffic/Driving_Distraction_1/0000025.jpeg,0000025,
Traffic,https://images.pexels.com/photos/6529871/pexels-photo-6529871.jpeg,Not Applicable,Vehicle Load,Driving_Distraction_1,0000025,data/processed_images/traffic/Driving_Distraction_1/0000025.jpeg,0000025,
Traffic,https://images.pexels.com/photos/4084276/pexels-photo-4084276.jpeg,Violated,Driving Distraction,Driving_Distraction_1,0000026,data/processed_images/traffic/Driving_Distraction_1/0000026.jpeg,0000026,
Traffic,https://images.pexels.com/photos/4084276/pexels-photo-4084276.jpeg,Not Applicable,Pedestrian Crossing,Driving_Distraction_1,0000026,data/processed_images/traffic/Driving_Distraction_1/0000026.jpeg,0000026,
Traffic,https://images.pexels.com/photos/4084276/pexels-photo-4084276.jpeg,Not Applicable,Road Condition,Driving_Distraction_1,0000026,data/processed_images/traffic/Driving_Distraction_1/0000026.jpeg,0000026,
Traffic,https://images.pexels.com/photos/4084276/pexels-photo-4084276.jpeg,Not Applicable,Traffic Rules,Driving_Distraction_1,0000026,data/processed_images/traffic/Driving_Distraction_1/0000026.jpeg,0000026,
Traffic,https://images.pexels.com/photos/4084276/pexels-photo-4084276.jpeg,Not Applicable,Vehicle Load,Driving_Distraction_1,0000026,data/processed_images/traffic/Driving_Distraction_1/0000026.jpeg,0000026,
Traffic,https://media.istockphoto.com/id/1639627914/photo/young-man-eating-a-sandwich-while-driving-a-car.webp?s=2048x2048&w=is&k=20&c=0u3vyUzJSCNKGh9f5iMiJeBOViFjHL3NTQLsja5gVLc=,Violated,Driving Distraction,Driving_Distraction_1,0000027,data/processed_images/traffic/Driving_Distraction_1/0000027.jpg,0000027,
Traffic,https://media.istockphoto.com/id/1639627914/photo/young-man-eating-a-sandwich-while-driving-a-car.webp?s=2048x2048&w=is&k=20&c=0u3vyUzJSCNKGh9f5iMiJeBOViFjHL3NTQLsja5gVLc=,Not Applicable,Pedestrian Crossing,Driving_Distraction_1,0000027,data/processed_images/traffic/Driving_Distraction_1/0000027.jpg,0000027,
Traffic,https://media.istockphoto.com/id/1639627914/photo/young-man-eating-a-sandwich-while-driving-a-car.webp?s=2048x2048&w=is&k=20&c=0u3vyUzJSCNKGh9f5iMiJeBOViFjHL3NTQLsja5gVLc=,Not Applicable,Road Condition,Driving_Distraction_1,0000027,data/processed_images/traffic/Driving_Distraction_1/0000027.jpg,0000027,
Traffic,https://media.istockphoto.com/id/1639627914/photo/young-man-eating-a-sandwich-while-driving-a-car.webp?s=2048x2048&w=is&k=20&c=0u3vyUzJSCNKGh9f5iMiJeBOViFjHL3NTQLsja5gVLc=,Not Applicable,Traffic Rules,Driving_Distraction_1,0000027,data/processed_images/traffic/Driving_Distraction_1/0000027.jpg,0000027,
Traffic,https://media.istockphoto.com/id/1639627914/photo/young-man-eating-a-sandwich-while-driving-a-car.webp?s=2048x2048&w=is&k=20&c=0u3vyUzJSCNKGh9f5iMiJeBOViFjHL3NTQLsja5gVLc=,Not Applicable,Vehicle Load,Driving_Distraction_1,0000027,data/processed_images/traffic/Driving_Distraction_1/0000027.jpg,0000027,
Traffic,https://media.istockphoto.com/id/2024952271/photo/asian-lady-holding-hamburger-and-french-fries-to-eat-in-car-dangerous-and-risk-an-accident.webp?s=2048x2048&w=is&k=20&c=bw7NsEOEORfD3GSkyGj8xugiS-xpk5BXFyh-2TyOGrg=,Violated,Driving Distraction,Driving_Distraction_1,0000028,data/processed_images/traffic/Driving_Distraction_1/0000028.jpg,0000028,
Traffic,https://media.istockphoto.com/id/2024952271/photo/asian-lady-holding-hamburger-and-french-fries-to-eat-in-car-dangerous-and-risk-an-accident.webp?s=2048x2048&w=is&k=20&c=bw7NsEOEORfD3GSkyGj8xugiS-xpk5BXFyh-2TyOGrg=,Not Applicable,Pedestrian Crossing,Driving_Distraction_1,0000028,data/processed_images/traffic/Driving_Distraction_1/0000028.jpg,0000028,
Traffic,https://media.istockphoto.com/id/2024952271/photo/asian-lady-holding-hamburger-and-french-fries-to-eat-in-car-dangerous-and-risk-an-accident.webp?s=2048x2048&w=is&k=20&c=bw7NsEOEORfD3GSkyGj8xugiS-xpk5BXFyh-2TyOGrg=,Not Applicable,Road Condition,Driving_Distraction_1,0000028,data/processed_images/traffic/Driving_Distraction_1/0000028.jpg,0000028,
Traffic,https://media.istockphoto.com/id/2024952271/photo/asian-lady-holding-hamburger-and-french-fries-to-eat-in-car-dangerous-and-risk-an-accident.webp?s=2048x2048&w=is&k=20&c=bw7NsEOEORfD3GSkyGj8xugiS-xpk5BXFyh-2TyOGrg=,Not Applicable,Traffic Rules,Driving_Distraction_1,0000028,data/processed_images/traffic/Driving_Distraction_1/0000028.jpg,0000028,
Traffic,https://media.istockphoto.com/id/2024952271/photo/asian-lady-holding-hamburger-and-french-fries-to-eat-in-car-dangerous-and-risk-an-accident.webp?s=2048x2048&w=is&k=20&c=bw7NsEOEORfD3GSkyGj8xugiS-xpk5BXFyh-2TyOGrg=,Not Applicable,Vehicle Load,Driving_Distraction_1,0000028,data/processed_images/traffic/Driving_Distraction_1/0000028.jpg,0000028,
Traffic,https://st2.depositphotos.com/1236925/8010/i/380/depositphotos_80101804-stock-photo-young-man-driving-his-car.jpg,Violated,Driving Distraction,Driving_Distraction_1,0000029,data/processed_images/traffic/Driving_Distraction_1/0000029.jpg,0000029,
Traffic,https://st2.depositphotos.com/1236925/8010/i/380/depositphotos_80101804-stock-photo-young-man-driving-his-car.jpg,Not Applicable,Pedestrian Crossing,Driving_Distraction_1,0000029,data/processed_images/traffic/Driving_Distraction_1/0000029.jpg,0000029,
Traffic,https://st2.depositphotos.com/1236925/8010/i/380/depositphotos_80101804-stock-photo-young-man-driving-his-car.jpg,Not Applicable,Road Condition,Driving_Distraction_1,0000029,data/processed_images/traffic/Driving_Distraction_1/0000029.jpg,0000029,
Traffic,https://st2.depositphotos.com/1236925/8010/i/380/depositphotos_80101804-stock-photo-young-man-driving-his-car.jpg,Not Applicable,Traffic Rules,Driving_Distraction_1,0000029,data/processed_images/traffic/Driving_Distraction_1/0000029.jpg,0000029,
Traffic,https://st2.depositphotos.com/1236925/8010/i/380/depositphotos_80101804-stock-photo-young-man-driving-his-car.jpg,Not Applicable,Vehicle Load,Driving_Distraction_1,0000029,data/processed_images/traffic/Driving_Distraction_1/0000029.jpg,0000029,
Traffic,https://st3.depositphotos.com/1761743/16656/i/380/depositphotos_166565754-stock-photo-man-eating-an-hamburger-while.jpg,Violated,Driving Distraction,Driving_Distraction_1,0000030,data/processed_images/traffic/Driving_Distraction_1/0000030.jpg,0000030,
Traffic,https://st3.depositphotos.com/1761743/16656/i/380/depositphotos_166565754-stock-photo-man-eating-an-hamburger-while.jpg,Not Applicable,Pedestrian Crossing,Driving_Distraction_1,0000030,data/processed_images/traffic/Driving_Distraction_1/0000030.jpg,0000030,
Traffic,https://st3.depositphotos.com/1761743/16656/i/380/depositphotos_166565754-stock-photo-man-eating-an-hamburger-while.jpg,Not Applicable,Road Condition,Driving_Distraction_1,0000030,data/processed_images/traffic/Driving_Distraction_1/0000030.jpg,0000030,
Traffic,https://st3.depositphotos.com/1761743/16656/i/380/depositphotos_166565754-stock-photo-man-eating-an-hamburger-while.jpg,Not Applicable,Traffic Rules,Driving_Distraction_1,0000030,data/processed_images/traffic/Driving_Distraction_1/0000030.jpg,0000030,
Traffic,https://st3.depositphotos.com/1761743/16656/i/380/depositphotos_166565754-stock-photo-man-eating-an-hamburger-while.jpg,Not Applicable,Vehicle Load,Driving_Distraction_1,0000030,data/processed_images/traffic/Driving_Distraction_1/0000030.jpg,0000030,
Traffic,https://st4.depositphotos.com/5675252/22611/i/380/depositphotos_226118748-stock-photo-man-driving-car-while-eating.jpg,Violated,Driving Distraction,Driving_Distraction_1,0000031,data/processed_images/traffic/Driving_Distraction_1/0000031.jpg,0000031,
Traffic,https://st4.depositphotos.com/5675252/22611/i/380/depositphotos_226118748-stock-photo-man-driving-car-while-eating.jpg,Not Applicable,Pedestrian Crossing,Driving_Distraction_1,0000031,data/processed_images/traffic/Driving_Distraction_1/0000031.jpg,0000031,
Traffic,https://st4.depositphotos.com/5675252/22611/i/380/depositphotos_226118748-stock-photo-man-driving-car-while-eating.jpg,Not Applicable,Road Condition,Driving_Distraction_1,0000031,data/processed_images/traffic/Driving_Distraction_1/0000031.jpg,0000031,
Traffic,https://st4.depositphotos.com/5675252/22611/i/380/depositphotos_226118748-stock-photo-man-driving-car-while-eating.jpg,Not Applicable,Traffic Rules,Driving_Distraction_1,0000031,data/processed_images/traffic/Driving_Distraction_1/0000031.jpg,0000031,
Traffic,https://st4.depositphotos.com/5675252/22611/i/380/depositphotos_226118748-stock-photo-man-driving-car-while-eating.jpg,Not Applicable,Vehicle Load,Driving_Distraction_1,0000031,data/processed_images/traffic/Driving_Distraction_1/0000031.jpg,0000031,
Traffic,https://st3.depositphotos.com/13146722/33934/i/380/depositphotos_339345688-stock-photo-adult-male-caucasian-person-eating.jpg,Violated,Driving Distraction,Driving_Distraction_1,0000032,data/processed_images/traffic/Driving_Distraction_1/0000032.jpg,0000032,
Traffic,https://st3.depositphotos.com/13146722/33934/i/380/depositphotos_339345688-stock-photo-adult-male-caucasian-person-eating.jpg,Not Applicable,Pedestrian Crossing,Driving_Distraction_1,0000032,data/processed_images/traffic/Driving_Distraction_1/0000032.jpg,0000032,
Traffic,https://st3.depositphotos.com/13146722/33934/i/380/depositphotos_339345688-stock-photo-adult-male-caucasian-person-eating.jpg,Not Applicable,Road Condition,Driving_Distraction_1,0000032,data/processed_images/traffic/Driving_Distraction_1/0000032.jpg,0000032,
Traffic,https://st3.depositphotos.com/13146722/33934/i/380/depositphotos_339345688-stock-photo-adult-male-caucasian-person-eating.jpg,Not Applicable,Traffic Rules,Driving_Distraction_1,0000032,data/processed_images/traffic/Driving_Distraction_1/0000032.jpg,0000032,
Traffic,https://st3.depositphotos.com/13146722/33934/i/380/depositphotos_339345688-stock-photo-adult-male-caucasian-person-eating.jpg,Not Applicable,Vehicle Load,Driving_Distraction_1,0000032,data/processed_images/traffic/Driving_Distraction_1/0000032.jpg,0000032,
Traffic,https://st4.depositphotos.com/1635543/41922/i/380/depositphotos_419223430-stock-photo-asian-woman-eating-food-fastfood.jpg,Violated,Driving Distraction,Driving_Distraction_1,0000033,data/processed_images/traffic/Driving_Distraction_1/0000033.jpg,0000033,
Traffic,https://st4.depositphotos.com/1635543/41922/i/380/depositphotos_419223430-stock-photo-asian-woman-eating-food-fastfood.jpg,Not Applicable,Pedestrian Crossing,Driving_Distraction_1,0000033,data/processed_images/traffic/Driving_Distraction_1/0000033.jpg,0000033,
Traffic,https://st4.depositphotos.com/1635543/41922/i/380/depositphotos_419223430-stock-photo-asian-woman-eating-food-fastfood.jpg,Not Applicable,Road Condition,Driving_Distraction_1,0000033,data/processed_images/traffic/Driving_Distraction_1/0000033.jpg,0000033,
Traffic,https://st4.depositphotos.com/1635543/41922/i/380/depositphotos_419223430-stock-photo-asian-woman-eating-food-fastfood.jpg,Not Applicable,Traffic Rules,Driving_Distraction_1,0000033,data/processed_images/traffic/Driving_Distraction_1/0000033.jpg,0000033,
Traffic,https://st4.depositphotos.com/1635543/41922/i/380/depositphotos_419223430-stock-photo-asian-woman-eating-food-fastfood.jpg,Not Applicable,Vehicle Load,Driving_Distraction_1,0000033,data/processed_images/traffic/Driving_Distraction_1/0000033.jpg,0000033,
Traffic,https://st2.depositphotos.com/1010613/7611/i/380/depositphotos_76114713-stock-photo-businessman-eating-snack.jpg,Violated,Driving Distraction,Driving_Distraction_1,0000034,data/processed_images/traffic/Driving_Distraction_1/0000034.jpg,0000034,
Traffic,https://st2.depositphotos.com/1010613/7611/i/380/depositphotos_76114713-stock-photo-businessman-eating-snack.jpg,Not Applicable,Pedestrian Crossing,Driving_Distraction_1,0000034,data/processed_images/traffic/Driving_Distraction_1/0000034.jpg,0000034,
Traffic,https://st2.depositphotos.com/1010613/7611/i/380/depositphotos_76114713-stock-photo-businessman-eating-snack.jpg,Not Applicable,Road Condition,Driving_Distraction_1,0000034,data/processed_images/traffic/Driving_Distraction_1/0000034.jpg,0000034,
Traffic,https://st2.depositphotos.com/1010613/7611/i/380/depositphotos_76114713-stock-photo-businessman-eating-snack.jpg,Not Applicable,Traffic Rules,Driving_Distraction_1,0000034,data/processed_images/traffic/Driving_Distraction_1/0000034.jpg,0000034,
Traffic,https://st2.depositphotos.com/1010613/7611/i/380/depositphotos_76114713-stock-photo-businessman-eating-snack.jpg,Not Applicable,Vehicle Load,Driving_Distraction_1,0000034,data/processed_images/traffic/Driving_Distraction_1/0000034.jpg,0000034,
Traffic,https://st.depositphotos.com/1116685/3497/i/380/depositphotos_34979839-stock-photo-businesswoman-drinking-coffee-while-driving.jpg,Violated,Driving Distraction,Driving_Distraction_1,0000035,data/processed_images/traffic/Driving_Distraction_1/0000035.jpg,0000035,
Traffic,https://st.depositphotos.com/1116685/3497/i/380/depositphotos_34979839-stock-photo-businesswoman-drinking-coffee-while-driving.jpg,Not Applicable,Pedestrian Crossing,Driving_Distraction_1,0000035,data/processed_images/traffic/Driving_Distraction_1/0000035.jpg,0000035,
Traffic,https://st.depositphotos.com/1116685/3497/i/380/depositphotos_34979839-stock-photo-businesswoman-drinking-coffee-while-driving.jpg,Not Applicable,Road Condition,Driving_Distraction_1,0000035,data/processed_images/traffic/Driving_Distraction_1/0000035.jpg,0000035,
Traffic,https://st.depositphotos.com/1116685/3497/i/380/depositphotos_34979839-stock-photo-businesswoman-drinking-coffee-while-driving.jpg,Not Applicable,Traffic Rules,Driving_Distraction_1,0000035,data/processed_images/traffic/Driving_Distraction_1/0000035.jpg,0000035,
Traffic,https://st.depositphotos.com/1116685/3497/i/380/depositphotos_34979839-stock-photo-businesswoman-drinking-coffee-while-driving.jpg,Not Applicable,Vehicle Load,Driving_Distraction_1,0000035,data/processed_images/traffic/Driving_Distraction_1/0000035.jpg,0000035,
Traffic,https://st5.depositphotos.com/4395427/66280/i/380/depositphotos_662804030-stock-photo-asian-woman-bad-eating-habits.jpg,Violated,Driving Distraction,Driving_Distraction_1,0000036,data/processed_images/traffic/Driving_Distraction_1/0000036.jpg,0000036,
Traffic,https://st5.depositphotos.com/4395427/66280/i/380/depositphotos_662804030-stock-photo-asian-woman-bad-eating-habits.jpg,Not Applicable,Pedestrian Crossing,Driving_Distraction_1,0000036,data/processed_images/traffic/Driving_Distraction_1/0000036.jpg,0000036,
Traffic,https://st5.depositphotos.com/4395427/66280/i/380/depositphotos_662804030-stock-photo-asian-woman-bad-eating-habits.jpg,Not Applicable,Road Condition,Driving_Distraction_1,0000036,data/processed_images/traffic/Driving_Distraction_1/0000036.jpg,0000036,
Traffic,https://st5.depositphotos.com/4395427/66280/i/380/depositphotos_662804030-stock-photo-asian-woman-bad-eating-habits.jpg,Not Applicable,Traffic Rules,Driving_Distraction_1,0000036,data/processed_images/traffic/Driving_Distraction_1/0000036.jpg,0000036,
Traffic,https://st5.depositphotos.com/4395427/66280/i/380/depositphotos_662804030-stock-photo-asian-woman-bad-eating-habits.jpg,Not Applicable,Vehicle Load,Driving_Distraction_1,0000036,data/processed_images/traffic/Driving_Distraction_1/0000036.jpg,0000036,
Traffic,https://st2.depositphotos.com/14799452/47325/i/380/depositphotos_473251102-stock-photo-happy-woman-eating-food-drinking.jpg,Violated,Driving Distraction,Driving_Distraction_1,0000037,data/processed_images/traffic/Driving_Distraction_1/0000037.jpg,0000037,
Traffic,https://st2.depositphotos.com/14799452/47325/i/380/depositphotos_473251102-stock-photo-happy-woman-eating-food-drinking.jpg,Not Applicable,Pedestrian Crossing,Driving_Distraction_1,0000037,data/processed_images/traffic/Driving_Distraction_1/0000037.jpg,0000037,
Traffic,https://st2.depositphotos.com/14799452/47325/i/380/depositphotos_473251102-stock-photo-happy-woman-eating-food-drinking.jpg,Not Applicable,Road Condition,Driving_Distraction_1,0000037,data/processed_images/traffic/Driving_Distraction_1/0000037.jpg,0000037,
Traffic,https://st2.depositphotos.com/14799452/47325/i/380/depositphotos_473251102-stock-photo-happy-woman-eating-food-drinking.jpg,Not Applicable,Traffic Rules,Driving_Distraction_1,0000037,data/processed_images/traffic/Driving_Distraction_1/0000037.jpg,0000037,
Traffic,https://st2.depositphotos.com/14799452/47325/i/380/depositphotos_473251102-stock-photo-happy-woman-eating-food-drinking.jpg,Not Applicable,Vehicle Load,Driving_Distraction_1,0000037,data/processed_images/traffic/Driving_Distraction_1/0000037.jpg,0000037,
Traffic,https://st2.depositphotos.com/14799452/47325/i/380/depositphotos_473251100-stock-photo-happy-woman-eating-food-drinking.jpg,Violated,Driving Distraction,Driving_Distraction_1,0000038,data/processed_images/traffic/Driving_Distraction_1/0000038.jpg,0000038,
Traffic,https://st2.depositphotos.com/14799452/47325/i/380/depositphotos_473251100-stock-photo-happy-woman-eating-food-drinking.jpg,Not Applicable,Pedestrian Crossing,Driving_Distraction_1,0000038,data/processed_images/traffic/Driving_Distraction_1/0000038.jpg,0000038,
Traffic,https://st2.depositphotos.com/14799452/47325/i/380/depositphotos_473251100-stock-photo-happy-woman-eating-food-drinking.jpg,Not Applicable,Road Condition,Driving_Distraction_1,0000038,data/processed_images/traffic/Driving_Distraction_1/0000038.jpg,0000038,
Traffic,https://st2.depositphotos.com/14799452/47325/i/380/depositphotos_473251100-stock-photo-happy-woman-eating-food-drinking.jpg,Not Applicable,Traffic Rules,Driving_Distraction_1,0000038,data/processed_images/traffic/Driving_Distraction_1/0000038.jpg,0000038,
Traffic,https://st2.depositphotos.com/14799452/47325/i/380/depositphotos_473251100-stock-photo-happy-woman-eating-food-drinking.jpg,Not Applicable,Vehicle Load,Driving_Distraction_1,0000038,data/processed_images/traffic/Driving_Distraction_1/0000038.jpg,0000038,
Traffic,https://st5.depositphotos.com/1020218/67914/i/380/depositphotos_679146880-stock-photo-close-woman-using-mobile-phone.jpg,Violated,Driving Distraction,Driving_Distraction_1,0000039,data/processed_images/traffic/Driving_Distraction_1/0000039.jpg,0000039,
Traffic,https://st5.depositphotos.com/1020218/67914/i/380/depositphotos_679146880-stock-photo-close-woman-using-mobile-phone.jpg,Not Applicable,Pedestrian Crossing,Driving_Distraction_1,0000039,data/processed_images/traffic/Driving_Distraction_1/0000039.jpg,0000039,
Traffic,https://st5.depositphotos.com/1020218/67914/i/380/depositphotos_679146880-stock-photo-close-woman-using-mobile-phone.jpg,Not Applicable,Road Condition,Driving_Distraction_1,0000039,data/processed_images/traffic/Driving_Distraction_1/0000039.jpg,0000039,
Traffic,https://st5.depositphotos.com/1020218/67914/i/380/depositphotos_679146880-stock-photo-close-woman-using-mobile-phone.jpg,Not Applicable,Traffic Rules,Driving_Distraction_1,0000039,data/processed_images/traffic/Driving_Distraction_1/0000039.jpg,0000039,
Traffic,https://st5.depositphotos.com/1020218/67914/i/380/depositphotos_679146880-stock-photo-close-woman-using-mobile-phone.jpg,Not Applicable,Vehicle Load,Driving_Distraction_1,0000039,data/processed_images/traffic/Driving_Distraction_1/0000039.jpg,0000039,
Traffic,https://st4.depositphotos.com/5675252/22612/i/380/depositphotos_226125066-stock-photo-man-eating-pizza-coffee-while.jpg,Violated,Driving Distraction,Driving_Distraction_1,0000040,data/processed_images/traffic/Driving_Distraction_1/0000040.jpg,0000040,
Traffic,https://st4.depositphotos.com/5675252/22612/i/380/depositphotos_226125066-stock-photo-man-eating-pizza-coffee-while.jpg,Not Applicable,Pedestrian Crossing,Driving_Distraction_1,0000040,data/processed_images/traffic/Driving_Distraction_1/0000040.jpg,0000040,
Traffic,https://st4.depositphotos.com/5675252/22612/i/380/depositphotos_226125066-stock-photo-man-eating-pizza-coffee-while.jpg,Not Applicable,Road Condition,Driving_Distraction_1,0000040,data/processed_images/traffic/Driving_Distraction_1/0000040.jpg,0000040,
Traffic,https://st4.depositphotos.com/5675252/22612/i/380/depositphotos_226125066-stock-photo-man-eating-pizza-coffee-while.jpg,Not Applicable,Traffic Rules,Driving_Distraction_1,0000040,data/processed_images/traffic/Driving_Distraction_1/0000040.jpg,0000040,
Traffic,https://st4.depositphotos.com/5675252/22612/i/380/depositphotos_226125066-stock-photo-man-eating-pizza-coffee-while.jpg,Not Applicable,Vehicle Load,Driving_Distraction_1,0000040,data/processed_images/traffic/Driving_Distraction_1/0000040.jpg,0000040,
Traffic,https://st3.depositphotos.com/1003697/12762/i/380/depositphotos_127620912-stock-photo-woman-making-makeup-while-driving.jpg,Violated,Driving Distraction,Driving_Distraction_1,0000041,data/processed_images/traffic/Driving_Distraction_1/0000041.jpg,0000041,
Traffic,https://st3.depositphotos.com/1003697/12762/i/380/depositphotos_127620912-stock-photo-woman-making-makeup-while-driving.jpg,Not Applicable,Pedestrian Crossing,Driving_Distraction_1,0000041,data/processed_images/traffic/Driving_Distraction_1/0000041.jpg,0000041,
Traffic,https://st3.depositphotos.com/1003697/12762/i/380/depositphotos_127620912-stock-photo-woman-making-makeup-while-driving.jpg,Not Applicable,Road Condition,Driving_Distraction_1,0000041,data/processed_images/traffic/Driving_Distraction_1/0000041.jpg,0000041,
Traffic,https://st3.depositphotos.com/1003697/12762/i/380/depositphotos_127620912-stock-photo-woman-making-makeup-while-driving.jpg,Not Applicable,Traffic Rules,Driving_Distraction_1,0000041,data/processed_images/traffic/Driving_Distraction_1/0000041.jpg,0000041,
Traffic,https://st3.depositphotos.com/1003697/12762/i/380/depositphotos_127620912-stock-photo-woman-making-makeup-while-driving.jpg,Not Applicable,Vehicle Load,Driving_Distraction_1,0000041,data/processed_images/traffic/Driving_Distraction_1/0000041.jpg,0000041,
Traffic,https://st4.depositphotos.com/1192060/38820/i/380/depositphotos_388208736-stock-photo-woman-applying-lipstick-while-driving.jpg,Violated,Driving Distraction,Driving_Distraction_1,0000042,data/processed_images/traffic/Driving_Distraction_1/0000042.jpg,0000042,
Traffic,https://st4.depositphotos.com/1192060/38820/i/380/depositphotos_388208736-stock-photo-woman-applying-lipstick-while-driving.jpg,Not Applicable,Pedestrian Crossing,Driving_Distraction_1,0000042,data/processed_images/traffic/Driving_Distraction_1/0000042.jpg,0000042,
Traffic,https://st4.depositphotos.com/1192060/38820/i/380/depositphotos_388208736-stock-photo-woman-applying-lipstick-while-driving.jpg,Not Applicable,Road Condition,Driving_Distraction_1,0000042,data/processed_images/traffic/Driving_Distraction_1/0000042.jpg,0000042,
Traffic,https://st4.depositphotos.com/1192060/38820/i/380/depositphotos_388208736-stock-photo-woman-applying-lipstick-while-driving.jpg,Not Applicable,Traffic Rules,Driving_Distraction_1,0000042,data/processed_images/traffic/Driving_Distraction_1/0000042.jpg,0000042,
Traffic,https://st4.depositphotos.com/1192060/38820/i/380/depositphotos_388208736-stock-photo-woman-applying-lipstick-while-driving.jpg,Not Applicable,Vehicle Load,Driving_Distraction_1,0000042,data/processed_images/traffic/Driving_Distraction_1/0000042.jpg,0000042,
Traffic,https://st5.depositphotos.com/1192060/65935/i/380/depositphotos_659354892-stock-photo-woman-putting-lipstick-while-steering.jpg,Violated,Driving Distraction,Driving_Distraction_1,0000043,data/processed_images/traffic/Driving_Distraction_1/0000043.jpg,0000043,
Traffic,https://st5.depositphotos.com/1192060/65935/i/380/depositphotos_659354892-stock-photo-woman-putting-lipstick-while-steering.jpg,Not Applicable,Pedestrian Crossing,Driving_Distraction_1,0000043,data/processed_images/traffic/Driving_Distraction_1/0000043.jpg,0000043,
Traffic,https://st5.depositphotos.com/1192060/65935/i/380/depositphotos_659354892-stock-photo-woman-putting-lipstick-while-steering.jpg,Not Applicable,Road Condition,Driving_Distraction_1,0000043,data/processed_images/traffic/Driving_Distraction_1/0000043.jpg,0000043,
Traffic,https://st5.depositphotos.com/1192060/65935/i/380/depositphotos_659354892-stock-photo-woman-putting-lipstick-while-steering.jpg,Not Applicable,Traffic Rules,Driving_Distraction_1,0000043,data/processed_images/traffic/Driving_Distraction_1/0000043.jpg,0000043,
Traffic,https://st5.depositphotos.com/1192060/65935/i/380/depositphotos_659354892-stock-photo-woman-putting-lipstick-while-steering.jpg,Not Applicable,Vehicle Load,Driving_Distraction_1,0000043,data/processed_images/traffic/Driving_Distraction_1/0000043.jpg,0000043,
Traffic,https://st5.depositphotos.com/38340270/78389/i/380/depositphotos_783890122-stock-photo-pretty-woman-her-30s-applying.jpg,Violated,Driving Distraction,Driving_Distraction_1,0000044,data/processed_images/traffic/Driving_Distraction_1/0000044.jpg,0000044,
Traffic,https://st5.depositphotos.com/38340270/78389/i/380/depositphotos_783890122-stock-photo-pretty-woman-her-30s-applying.jpg,Not Applicable,Pedestrian Crossing,Driving_Distraction_1,0000044,data/processed_images/traffic/Driving_Distraction_1/0000044.jpg,0000044,
Traffic,https://st5.depositphotos.com/38340270/78389/i/380/depositphotos_783890122-stock-photo-pretty-woman-her-30s-applying.jpg,Not Applicable,Road Condition,Driving_Distraction_1,0000044,data/processed_images/traffic/Driving_Distraction_1/0000044.jpg,0000044,
Traffic,https://st5.depositphotos.com/38340270/78389/i/380/depositphotos_783890122-stock-photo-pretty-woman-her-30s-applying.jpg,Not Applicable,Traffic Rules,Driving_Distraction_1,0000044,data/processed_images/traffic/Driving_Distraction_1/0000044.jpg,0000044,
Traffic,https://st5.depositphotos.com/38340270/78389/i/380/depositphotos_783890122-stock-photo-pretty-woman-her-30s-applying.jpg,Not Applicable,Vehicle Load,Driving_Distraction_1,0000044,data/processed_images/traffic/Driving_Distraction_1/0000044.jpg,0000044,
Traffic,https://st5.depositphotos.com/9045224/75564/i/380/depositphotos_755649942-stock-photo-woman-applying-lipstick-while-seated.jpg,Violated,Driving Distraction,Driving_Distraction_1,0000045,data/processed_images/traffic/Driving_Distraction_1/0000045.jpg,0000045,
Traffic,https://st5.depositphotos.com/9045224/75564/i/380/depositphotos_755649942-stock-photo-woman-applying-lipstick-while-seated.jpg,Not Applicable,Pedestrian Crossing,Driving_Distraction_1,0000045,data/processed_images/traffic/Driving_Distraction_1/0000045.jpg,0000045,
Traffic,https://st5.depositphotos.com/9045224/75564/i/380/depositphotos_755649942-stock-photo-woman-applying-lipstick-while-seated.jpg,Not Applicable,Road Condition,Driving_Distraction_1,0000045,data/processed_images/traffic/Driving_Distraction_1/0000045.jpg,0000045,
Traffic,https://st5.depositphotos.com/9045224/75564/i/380/depositphotos_755649942-stock-photo-woman-applying-lipstick-while-seated.jpg,Not Applicable,Traffic Rules,Driving_Distraction_1,0000045,data/processed_images/traffic/Driving_Distraction_1/0000045.jpg,0000045,
Traffic,https://st5.depositphotos.com/9045224/75564/i/380/depositphotos_755649942-stock-photo-woman-applying-lipstick-while-seated.jpg,Not Applicable,Vehicle Load,Driving_Distraction_1,0000045,data/processed_images/traffic/Driving_Distraction_1/0000045.jpg,0000045,
Traffic,https://st5.depositphotos.com/82627138/78110/i/380/depositphotos_781109856-stock-photo-businesswoman-putting-makeup-while-sitting.jpg,Violated,Driving Distraction,Driving_Distraction_1,0000046,data/processed_images/traffic/Driving_Distraction_1/0000046.jpg,0000046,
Traffic,https://st5.depositphotos.com/82627138/78110/i/380/depositphotos_781109856-stock-photo-businesswoman-putting-makeup-while-sitting.jpg,Not Applicable,Pedestrian Crossing,Driving_Distraction_1,0000046,data/processed_images/traffic/Driving_Distraction_1/0000046.jpg,0000046,
Traffic,https://st5.depositphotos.com/82627138/78110/i/380/depositphotos_781109856-stock-photo-businesswoman-putting-makeup-while-sitting.jpg,Not Applicable,Road Condition,Driving_Distraction_1,0000046,data/processed_images/traffic/Driving_Distraction_1/0000046.jpg,0000046,
Traffic,https://st5.depositphotos.com/82627138/78110/i/380/depositphotos_781109856-stock-photo-businesswoman-putting-makeup-while-sitting.jpg,Not Applicable,Traffic Rules,Driving_Distraction_1,0000046,data/processed_images/traffic/Driving_Distraction_1/0000046.jpg,0000046,
Traffic,https://st5.depositphotos.com/82627138/78110/i/380/depositphotos_781109856-stock-photo-businesswoman-putting-makeup-while-sitting.jpg,Not Applicable,Vehicle Load,Driving_Distraction_1,0000046,data/processed_images/traffic/Driving_Distraction_1/0000046.jpg,0000046,
Traffic,https://st2.depositphotos.com/1735158/6602/i/380/depositphotos_66027449-stock-photo-girl-doing-make-up-while.jpg,Violated,Driving Distraction,Driving_Distraction_1,0000047,data/processed_images/traffic/Driving_Distraction_1/0000047.jpg,0000047,
Traffic,https://st2.depositphotos.com/1735158/6602/i/380/depositphotos_66027449-stock-photo-girl-doing-make-up-while.jpg,Not Applicable,Pedestrian Crossing,Driving_Distraction_1,0000047,data/processed_images/traffic/Driving_Distraction_1/0000047.jpg,0000047,
Traffic,https://st2.depositphotos.com/1735158/6602/i/380/depositphotos_66027449-stock-photo-girl-doing-make-up-while.jpg,Not Applicable,Road Condition,Driving_Distraction_1,0000047,data/processed_images/traffic/Driving_Distraction_1/0000047.jpg,0000047,
Traffic,https://st2.depositphotos.com/1735158/6602/i/380/depositphotos_66027449-stock-photo-girl-doing-make-up-while.jpg,Not Applicable,Traffic Rules,Driving_Distraction_1,0000047,data/processed_images/traffic/Driving_Distraction_1/0000047.jpg,0000047,
Traffic,https://st2.depositphotos.com/1735158/6602/i/380/depositphotos_66027449-stock-photo-girl-doing-make-up-while.jpg,Not Applicable,Vehicle Load,Driving_Distraction_1,0000047,data/processed_images/traffic/Driving_Distraction_1/0000047.jpg,0000047,
Traffic,https://st.depositphotos.com/1000647/4674/i/380/depositphotos_46742309-stock-photo-driving-a-car.jpg,Violated,Driving Distraction,Driving_Distraction_1,0000048,data/processed_images/traffic/Driving_Distraction_1/0000048.jpg,0000048,
Traffic,https://st.depositphotos.com/1000647/4674/i/380/depositphotos_46742309-stock-photo-driving-a-car.jpg,Not Applicable,Pedestrian Crossing,Driving_Distraction_1,0000048,data/processed_images/traffic/Driving_Distraction_1/0000048.jpg,0000048,
Traffic,https://st.depositphotos.com/1000647/4674/i/380/depositphotos_46742309-stock-photo-driving-a-car.jpg,Not Applicable,Road Condition,Driving_Distraction_1,0000048,data/processed_images/traffic/Driving_Distraction_1/0000048.jpg,0000048,
Traffic,https://st.depositphotos.com/1000647/4674/i/380/depositphotos_46742309-stock-photo-driving-a-car.jpg,Not Applicable,Traffic Rules,Driving_Distraction_1,0000048,data/processed_images/traffic/Driving_Distraction_1/0000048.jpg,0000048,
Traffic,https://st.depositphotos.com/1000647/4674/i/380/depositphotos_46742309-stock-photo-driving-a-car.jpg,Not Applicable,Vehicle Load,Driving_Distraction_1,0000048,data/processed_images/traffic/Driving_Distraction_1/0000048.jpg,0000048,
Traffic,https://st.depositphotos.com/2534189/2866/i/380/depositphotos_28666549-stock-photo-man-at-wheel-using-cell.jpg,Violated,Driving Distraction,Driving_Distraction_1,0000049,data/processed_images/traffic/Driving_Distraction_1/0000049.jpg,0000049,
Traffic,https://st.depositphotos.com/2534189/2866/i/380/depositphotos_28666549-stock-photo-man-at-wheel-using-cell.jpg,Not Applicable,Pedestrian Crossing,Driving_Distraction_1,0000049,data/processed_images/traffic/Driving_Distraction_1/0000049.jpg,0000049,
Traffic,https://st.depositphotos.com/2534189/2866/i/380/depositphotos_28666549-stock-photo-man-at-wheel-using-cell.jpg,Not Applicable,Road Condition,Driving_Distraction_1,0000049,data/processed_images/traffic/Driving_Distraction_1/0000049.jpg,0000049,
Traffic,https://st.depositphotos.com/2534189/2866/i/380/depositphotos_28666549-stock-photo-man-at-wheel-using-cell.jpg,Not Applicable,Traffic Rules,Driving_Distraction_1,0000049,data/processed_images/traffic/Driving_Distraction_1/0000049.jpg,0000049,
Traffic,https://st.depositphotos.com/2534189/2866/i/380/depositphotos_28666549-stock-photo-man-at-wheel-using-cell.jpg,Not Applicable,Vehicle Load,Driving_Distraction_1,0000049,data/processed_images/traffic/Driving_Distraction_1/0000049.jpg,0000049,
Traffic,https://st5.depositphotos.com/3773545/71750/i/380/depositphotos_717508808-stock-photo-young-woman-listening-voice-message.jpg,Violated,Driving Distraction,Driving_Distraction_1,0000050,data/processed_images/traffic/Driving_Distraction_1/0000050.jpg,0000050,
Traffic,https://st5.depositphotos.com/3773545/71750/i/380/depositphotos_717508808-stock-photo-young-woman-listening-voice-message.jpg,Not Applicable,Pedestrian Crossing,Driving_Distraction_1,0000050,data/processed_images/traffic/Driving_Distraction_1/0000050.jpg,0000050,
Traffic,https://st5.depositphotos.com/3773545/71750/i/380/depositphotos_717508808-stock-photo-young-woman-listening-voice-message.jpg,Not Applicable,Road Condition,Driving_Distraction_1,0000050,data/processed_images/traffic/Driving_Distraction_1/0000050.jpg,0000050,
Traffic,https://st5.depositphotos.com/3773545/71750/i/380/depositphotos_717508808-stock-photo-young-woman-listening-voice-message.jpg,Not Applicable,Traffic Rules,Driving_Distraction_1,0000050,data/processed_images/traffic/Driving_Distraction_1/0000050.jpg,0000050,
Traffic,https://st5.depositphotos.com/3773545/71750/i/380/depositphotos_717508808-stock-photo-young-woman-listening-voice-message.jpg,Not Applicable,Vehicle Load,Driving_Distraction_1,0000050,data/processed_images/traffic/Driving_Distraction_1/0000050.jpg,0000050,
Traffic,https://st5.depositphotos.com/36525122/71224/i/380/depositphotos_712248936-stock-photo-woman-driving-sending-voice-message.jpg,Violated,Driving Distraction,Driving_Distraction_1,0000051,data/processed_images/traffic/Driving_Distraction_1/0000051.jpg,0000051,
Traffic,https://st5.depositphotos.com/36525122/71224/i/380/depositphotos_712248936-stock-photo-woman-driving-sending-voice-message.jpg,Not Applicable,Pedestrian Crossing,Driving_Distraction_1,0000051,data/processed_images/traffic/Driving_Distraction_1/0000051.jpg,0000051,
Traffic,https://st5.depositphotos.com/36525122/71224/i/380/depositphotos_712248936-stock-photo-woman-driving-sending-voice-message.jpg,Not Applicable,Road Condition,Driving_Distraction_1,0000051,data/processed_images/traffic/Driving_Distraction_1/0000051.jpg,0000051,
Traffic,https://st5.depositphotos.com/36525122/71224/i/380/depositphotos_712248936-stock-photo-woman-driving-sending-voice-message.jpg,Not Applicable,Traffic Rules,Driving_Distraction_1,0000051,data/processed_images/traffic/Driving_Distraction_1/0000051.jpg,0000051,
Traffic,https://st5.depositphotos.com/36525122/71224/i/380/depositphotos_712248936-stock-photo-woman-driving-sending-voice-message.jpg,Not Applicable,Vehicle Load,Driving_Distraction_1,0000051,data/processed_images/traffic/Driving_Distraction_1/0000051.jpg,0000051,
Traffic,https://st2.depositphotos.com/1806242/5531/i/380/depositphotos_55319041-stock-photo-young-man-reading-and-drinking.jpg,Violated,Driving Distraction,Driving_Distraction_1,0000052,data/processed_images/traffic/Driving_Distraction_1/0000052.jpg,0000052,
Traffic,https://st2.depositphotos.com/1806242/5531/i/380/depositphotos_55319041-stock-photo-young-man-reading-and-drinking.jpg,Not Applicable,Pedestrian Crossing,Driving_Distraction_1,0000052,data/processed_images/traffic/Driving_Distraction_1/0000052.jpg,0000052,
Traffic,https://st2.depositphotos.com/1806242/5531/i/380/depositphotos_55319041-stock-photo-young-man-reading-and-drinking.jpg,Not Applicable,Road Condition,Driving_Distraction_1,0000052,data/processed_images/traffic/Driving_Distraction_1/0000052.jpg,0000052,
Traffic,https://st2.depositphotos.com/1806242/5531/i/380/depositphotos_55319041-stock-photo-young-man-reading-and-drinking.jpg,Not Applicable,Traffic Rules,Driving_Distraction_1,0000052,data/processed_images/traffic/Driving_Distraction_1/0000052.jpg,0000052,
Traffic,https://st2.depositphotos.com/1806242/5531/i/380/depositphotos_55319041-stock-photo-young-man-reading-and-drinking.jpg,Not Applicable,Vehicle Load,Driving_Distraction_1,0000052,data/processed_images/traffic/Driving_Distraction_1/0000052.jpg,0000052,
Traffic,https://st5.depositphotos.com/4218696/67112/i/380/depositphotos_671121532-stock-photo-distracted-driving-concept-shocked-scared.jpg,Violated,Driving Distraction,Driving_Distraction_1,0000053,data/processed_images/traffic/Driving_Distraction_1/0000053.jpg,0000053,
Traffic,https://st5.depositphotos.com/4218696/67112/i/380/depositphotos_671121532-stock-photo-distracted-driving-concept-shocked-scared.jpg,Not Applicable,Pedestrian Crossing,Driving_Distraction_1,0000053,data/processed_images/traffic/Driving_Distraction_1/0000053.jpg,0000053,
Traffic,https://st5.depositphotos.com/4218696/67112/i/380/depositphotos_671121532-stock-photo-distracted-driving-concept-shocked-scared.jpg,Not Applicable,Road Condition,Driving_Distraction_1,0000053,data/processed_images/traffic/Driving_Distraction_1/0000053.jpg,0000053,
Traffic,https://st5.depositphotos.com/4218696/67112/i/380/depositphotos_671121532-stock-photo-distracted-driving-concept-shocked-scared.jpg,Not Applicable,Traffic Rules,Driving_Distraction_1,0000053,data/processed_images/traffic/Driving_Distraction_1/0000053.jpg,0000053,
Traffic,https://st5.depositphotos.com/4218696/67112/i/380/depositphotos_671121532-stock-photo-distracted-driving-concept-shocked-scared.jpg,Not Applicable,Vehicle Load,Driving_Distraction_1,0000053,data/processed_images/traffic/Driving_Distraction_1/0000053.jpg,0000053,
Traffic,https://st2.depositphotos.com/3947277/5734/i/380/depositphotos_57340311-stock-photo-african-woman-stuck-in-traffic.jpg,Violated,Driving Distraction,Driving_Distraction_1,0000054,data/processed_images/traffic/Driving_Distraction_1/0000054.jpg,0000054,
Traffic,https://st2.depositphotos.com/3947277/5734/i/380/depositphotos_57340311-stock-photo-african-woman-stuck-in-traffic.jpg,Not Applicable,Pedestrian Crossing,Driving_Distraction_1,0000054,data/processed_images/traffic/Driving_Distraction_1/0000054.jpg,0000054,
Traffic,https://st2.depositphotos.com/3947277/5734/i/380/depositphotos_57340311-stock-photo-african-woman-stuck-in-traffic.jpg,Not Applicable,Road Condition,Driving_Distraction_1,0000054,data/processed_images/traffic/Driving_Distraction_1/0000054.jpg,0000054,
Traffic,https://st2.depositphotos.com/3947277/5734/i/380/depositphotos_57340311-stock-photo-african-woman-stuck-in-traffic.jpg,Not Applicable,Traffic Rules,Driving_Distraction_1,0000054,data/processed_images/traffic/Driving_Distraction_1/0000054.jpg,0000054,
Traffic,https://st2.depositphotos.com/3947277/5734/i/380/depositphotos_57340311-stock-photo-african-woman-stuck-in-traffic.jpg,Not Applicable,Vehicle Load,Driving_Distraction_1,0000054,data/processed_images/traffic/Driving_Distraction_1/0000054.jpg,0000054,
Traffic,https://st4.depositphotos.com/4218696/27231/i/380/depositphotos_272314514-stock-photo-african-american-couple-using-navigator.jpg,Violated,Driving Distraction,Driving_Distraction_1,0000055,data/processed_images/traffic/Driving_Distraction_1/0000055.jpg,0000055,
Traffic,https://st4.depositphotos.com/4218696/27231/i/380/depositphotos_272314514-stock-photo-african-american-couple-using-navigator.jpg,Not Applicable,Pedestrian Crossing,Driving_Distraction_1,0000055,data/processed_images/traffic/Driving_Distraction_1/0000055.jpg,0000055,
Traffic,https://st4.depositphotos.com/4218696/27231/i/380/depositphotos_272314514-stock-photo-african-american-couple-using-navigator.jpg,Not Applicable,Road Condition,Driving_Distraction_1,0000055,data/processed_images/traffic/Driving_Distraction_1/0000055.jpg,0000055,
Traffic,https://st4.depositphotos.com/4218696/27231/i/380/depositphotos_272314514-stock-photo-african-american-couple-using-navigator.jpg,Not Applicable,Traffic Rules,Driving_Distraction_1,0000055,data/processed_images/traffic/Driving_Distraction_1/0000055.jpg,0000055,
Traffic,https://st4.depositphotos.com/4218696/27231/i/380/depositphotos_272314514-stock-photo-african-american-couple-using-navigator.jpg,Not Applicable,Vehicle Load,Driving_Distraction_1,0000055,data/processed_images/traffic/Driving_Distraction_1/0000055.jpg,0000055,
Traffic,https://images.pexels.com/photos/16352748/pexels-photo-16352748.jpeg,Violated,Driving Distraction,Driving_Distraction_1,0000056,data/processed_images/traffic/Driving_Distraction_1/0000056.jpeg,0000056,
Traffic,https://images.pexels.com/photos/16352748/pexels-photo-16352748.jpeg,Not Applicable,Pedestrian Crossing,Driving_Distraction_1,0000056,data/processed_images/traffic/Driving_Distraction_1/0000056.jpeg,0000056,
Traffic,https://images.pexels.com/photos/16352748/pexels-photo-16352748.jpeg,Not Applicable,Road Condition,Driving_Distraction_1,0000056,data/processed_images/traffic/Driving_Distraction_1/0000056.jpeg,0000056,
Traffic,https://images.pexels.com/photos/16352748/pexels-photo-16352748.jpeg,Not Applicable,Traffic Rules,Driving_Distraction_1,0000056,data/processed_images/traffic/Driving_Distraction_1/0000056.jpeg,0000056,
Traffic,https://images.pexels.com/photos/16352748/pexels-photo-16352748.jpeg,Not Applicable,Vehicle Load,Driving_Distraction_1,0000056,data/processed_images/traffic/Driving_Distraction_1/0000056.jpeg,0000056,
Traffic,https://media.istockphoto.com/id/1073413506/photo/traveling-with-my-best-friend.jpg?b=1&s=612x612&w=0&k=20&c=lvzmPaFUveIQUT6lNYrK1IIdLct2ZQZRvGrusOrcP7s=,Violated,Driving Distraction,Driving_Distraction_1,0000057,data/processed_images/traffic/Driving_Distraction_1/0000057.jpg,0000057,
Traffic,https://media.istockphoto.com/id/1073413506/photo/traveling-with-my-best-friend.jpg?b=1&s=612x612&w=0&k=20&c=lvzmPaFUveIQUT6lNYrK1IIdLct2ZQZRvGrusOrcP7s=,Not Applicable,Pedestrian Crossing,Driving_Distraction_1,0000057,data/processed_images/traffic/Driving_Distraction_1/0000057.jpg,0000057,
Traffic,https://media.istockphoto.com/id/1073413506/photo/traveling-with-my-best-friend.jpg?b=1&s=612x612&w=0&k=20&c=lvzmPaFUveIQUT6lNYrK1IIdLct2ZQZRvGrusOrcP7s=,Not Applicable,Road Condition,Driving_Distraction_1,0000057,data/processed_images/traffic/Driving_Distraction_1/0000057.jpg,0000057,
Traffic,https://media.istockphoto.com/id/1073413506/photo/traveling-with-my-best-friend.jpg?b=1&s=612x612&w=0&k=20&c=lvzmPaFUveIQUT6lNYrK1IIdLct2ZQZRvGrusOrcP7s=,Not Applicable,Traffic Rules,Driving_Distraction_1,0000057,data/processed_images/traffic/Driving_Distraction_1/0000057.jpg,0000057,
Traffic,https://media.istockphoto.com/id/1073413506/photo/traveling-with-my-best-friend.jpg?b=1&s=612x612&w=0&k=20&c=lvzmPaFUveIQUT6lNYrK1IIdLct2ZQZRvGrusOrcP7s=,Not Applicable,Vehicle Load,Driving_Distraction_1,0000057,data/processed_images/traffic/Driving_Distraction_1/0000057.jpg,0000057,
Traffic,https://media.istockphoto.com/id/877029722/photo/mom-texts-while-driving-with-child-in-the-backseat.jpg?s=612x612&w=0&k=20&c=3ox2pF4drxmlDYNl1DhA-6Znk_Srj10trA3xMhtkI50=,Violated,Driving Distraction,Driving_Distraction_1,0000058,data/processed_images/traffic/Driving_Distraction_1/0000058.jpg,0000058,
Traffic,https://media.istockphoto.com/id/877029722/photo/mom-texts-while-driving-with-child-in-the-backseat.jpg?s=612x612&w=0&k=20&c=3ox2pF4drxmlDYNl1DhA-6Znk_Srj10trA3xMhtkI50=,Not Applicable,Pedestrian Crossing,Driving_Distraction_1,0000058,data/processed_images/traffic/Driving_Distraction_1/0000058.jpg,0000058,
Traffic,https://media.istockphoto.com/id/877029722/photo/mom-texts-while-driving-with-child-in-the-backseat.jpg?s=612x612&w=0&k=20&c=3ox2pF4drxmlDYNl1DhA-6Znk_Srj10trA3xMhtkI50=,Not Applicable,Road Condition,Driving_Distraction_1,0000058,data/processed_images/traffic/Driving_Distraction_1/0000058.jpg,0000058,
Traffic,https://media.istockphoto.com/id/877029722/photo/mom-texts-while-driving-with-child-in-the-backseat.jpg?s=612x612&w=0&k=20&c=3ox2pF4drxmlDYNl1DhA-6Znk_Srj10trA3xMhtkI50=,Not Applicable,Traffic Rules,Driving_Distraction_1,0000058,data/processed_images/traffic/Driving_Distraction_1/0000058.jpg,0000058,
Traffic,https://media.istockphoto.com/id/877029722/photo/mom-texts-while-driving-with-child-in-the-backseat.jpg?s=612x612&w=0&k=20&c=3ox2pF4drxmlDYNl1DhA-6Znk_Srj10trA3xMhtkI50=,Not Applicable,Vehicle Load,Driving_Distraction_1,0000058,data/processed_images/traffic/Driving_Distraction_1/0000058.jpg,0000058,
Traffic,https://mlazgc8qzi72.i.optimole.com/w:1080/h:1080/q:mauto/ig:avif/https:/national-claims.co.uk/wp-content/uploads/2024/03/behzad-ghaffarian-GdRI9Bh2nJo-unsplash-1.jpg,Not Applicable,Driving Distraction,Pedestrian_Crossing_0,0000001,data/processed_images/traffic/Pedestrian_Crossing_0/0000001.jpg,0000001,
Traffic,https://mlazgc8qzi72.i.optimole.com/w:1080/h:1080/q:mauto/ig:avif/https:/national-claims.co.uk/wp-content/uploads/2024/03/behzad-ghaffarian-GdRI9Bh2nJo-unsplash-1.jpg,Complied,Pedestrian Crossing,Pedestrian_Crossing_0,0000001,data/processed_images/traffic/Pedestrian_Crossing_0/0000001.jpg,0000001,
Traffic,https://mlazgc8qzi72.i.optimole.com/w:1080/h:1080/q:mauto/ig:avif/https:/national-claims.co.uk/wp-content/uploads/2024/03/behzad-ghaffarian-GdRI9Bh2nJo-unsplash-1.jpg,Not Applicable,Road Condition,Pedestrian_Crossing_0,0000001,data/processed_images/traffic/Pedestrian_Crossing_0/0000001.jpg,0000001,
Traffic,https://mlazgc8qzi72.i.optimole.com/w:1080/h:1080/q:mauto/ig:avif/https:/national-claims.co.uk/wp-content/uploads/2024/03/behzad-ghaffarian-GdRI9Bh2nJo-unsplash-1.jpg,Not Applicable,Traffic Rules,Pedestrian_Crossing_0,0000001,data/processed_images/traffic/Pedestrian_Crossing_0/0000001.jpg,0000001,
Traffic,https://mlazgc8qzi72.i.optimole.com/w:1080/h:1080/q:mauto/ig:avif/https:/national-claims.co.uk/wp-content/uploads/2024/03/behzad-ghaffarian-GdRI9Bh2nJo-unsplash-1.jpg,Not Applicable,Vehicle Load,Pedestrian_Crossing_0,0000001,data/processed_images/traffic/Pedestrian_Crossing_0/0000001.jpg,0000001,
Traffic,https://www.legalexaminer.com/wp-content/claris-images-uploads/pedestrian-crossing@large.jpg,Not Applicable,Driving Distraction,Pedestrian_Crossing_0,0000002,data/processed_images/traffic/Pedestrian_Crossing_0/0000002.jpg,0000002,
Traffic,https://www.legalexaminer.com/wp-content/claris-images-uploads/pedestrian-crossing@large.jpg,Complied,Pedestrian Crossing,Pedestrian_Crossing_0,0000002,data/processed_images/traffic/Pedestrian_Crossing_0/0000002.jpg,0000002,
Traffic,https://www.legalexaminer.com/wp-content/claris-images-uploads/pedestrian-crossing@large.jpg,Complied,Road Condition,Pedestrian_Crossing_0,0000002,data/processed_images/traffic/Pedestrian_Crossing_0/0000002.jpg,0000002,
Traffic,https://www.legalexaminer.com/wp-content/claris-images-uploads/pedestrian-crossing@large.jpg,Complied,Traffic Rules,Pedestrian_Crossing_0,0000002,data/processed_images/traffic/Pedestrian_Crossing_0/0000002.jpg,0000002,
Traffic,https://www.legalexaminer.com/wp-content/claris-images-uploads/pedestrian-crossing@large.jpg,Complied,Vehicle Load,Pedestrian_Crossing_0,0000002,data/processed_images/traffic/Pedestrian_Crossing_0/0000002.jpg,0000002,
Traffic,https://azstaaldotnewseus2.blob.core.windows.net/blobaldotnewsef8d948ead1/wp-content/uploads/2024/10/pedestrian-safety-image-scaled.jpg,Not Applicable,Driving Distraction,Pedestrian_Crossing_0,0000003,data/processed_images/traffic/Pedestrian_Crossing_0/0000003.jpg,0000003,
Traffic,https://azstaaldotnewseus2.blob.core.windows.net/blobaldotnewsef8d948ead1/wp-content/uploads/2024/10/pedestrian-safety-image-scaled.jpg,Complied,Pedestrian Crossing,Pedestrian_Crossing_0,0000003,data/processed_images/traffic/Pedestrian_Crossing_0/0000003.jpg,0000003,
Traffic,https://azstaaldotnewseus2.blob.core.windows.net/blobaldotnewsef8d948ead1/wp-content/uploads/2024/10/pedestrian-safety-image-scaled.jpg,Complied,Road Condition,Pedestrian_Crossing_0,0000003,data/processed_images/traffic/Pedestrian_Crossing_0/0000003.jpg,0000003,
Traffic,https://azstaaldotnewseus2.blob.core.windows.net/blobaldotnewsef8d948ead1/wp-content/uploads/2024/10/pedestrian-safety-image-scaled.jpg,Complied,Traffic Rules,Pedestrian_Crossing_0,0000003,data/processed_images/traffic/Pedestrian_Crossing_0/0000003.jpg,0000003,
Traffic,https://azstaaldotnewseus2.blob.core.windows.net/blobaldotnewsef8d948ead1/wp-content/uploads/2024/10/pedestrian-safety-image-scaled.jpg,Complied,Vehicle Load,Pedestrian_Crossing_0,0000003,data/processed_images/traffic/Pedestrian_Crossing_0/0000003.jpg,0000003,
Traffic,https://c8.alamy.com/comp/B55NHF/cars-failing-to-stop-at-a-pedestrian-crossing-B55NHF.jpg,Not Applicable,Driving Distraction,Pedestrian_Crossing_0,0000004,data/processed_images/traffic/Pedestrian_Crossing_0/0000004.jpg,0000004,
Traffic,https://c8.alamy.com/comp/B55NHF/cars-failing-to-stop-at-a-pedestrian-crossing-B55NHF.jpg,Complied,Pedestrian Crossing,Pedestrian_Crossing_0,0000004,data/processed_images/traffic/Pedestrian_Crossing_0/0000004.jpg,0000004,
Traffic,https://c8.alamy.com/comp/B55NHF/cars-failing-to-stop-at-a-pedestrian-crossing-B55NHF.jpg,Complied,Road Condition,Pedestrian_Crossing_0,0000004,data/processed_images/traffic/Pedestrian_Crossing_0/0000004.jpg,0000004,
Traffic,https://c8.alamy.com/comp/B55NHF/cars-failing-to-stop-at-a-pedestrian-crossing-B55NHF.jpg,Violated,Traffic Rules,Pedestrian_Crossing_0,0000004,data/processed_images/traffic/Pedestrian_Crossing_0/0000004.jpg,0000004,
Traffic,https://c8.alamy.com/comp/B55NHF/cars-failing-to-stop-at-a-pedestrian-crossing-B55NHF.jpg,Complied,Vehicle Load,Pedestrian_Crossing_0,0000004,data/processed_images/traffic/Pedestrian_Crossing_0/0000004.jpg,0000004,
Traffic,https://c8.alamy.com/comp/HNYN5C/frankfurt-germany-march-20-2009-children-crossing-street-with-guiding-HNYN5C.jpg,Not Applicable,Driving Distraction,Pedestrian_Crossing_0,0000005,data/processed_images/traffic/Pedestrian_Crossing_0/0000005.jpg,0000005,
Traffic,https://c8.alamy.com/comp/HNYN5C/frankfurt-germany-march-20-2009-children-crossing-street-with-guiding-HNYN5C.jpg,Complied,Pedestrian Crossing,Pedestrian_Crossing_0,0000005,data/processed_images/traffic/Pedestrian_Crossing_0/0000005.jpg,0000005,
Traffic,https://c8.alamy.com/comp/HNYN5C/frankfurt-germany-march-20-2009-children-crossing-street-with-guiding-HNYN5C.jpg,Complied,Road Condition,Pedestrian_Crossing_0,0000005,data/processed_images/traffic/Pedestrian_Crossing_0/0000005.jpg,0000005,
Traffic,https://c8.alamy.com/comp/HNYN5C/frankfurt-germany-march-20-2009-children-crossing-street-with-guiding-HNYN5C.jpg,Complied,Traffic Rules,Pedestrian_Crossing_0,0000005,data/processed_images/traffic/Pedestrian_Crossing_0/0000005.jpg,0000005,
Traffic,https://c8.alamy.com/comp/HNYN5C/frankfurt-germany-march-20-2009-children-crossing-street-with-guiding-HNYN5C.jpg,Complied,Vehicle Load,Pedestrian_Crossing_0,0000005,data/processed_images/traffic/Pedestrian_Crossing_0/0000005.jpg,0000005,
Traffic,https://c8.alamy.com/comp/EATT1X/a-mother-crosses-a-busy-road-with-her-son-on-his-first-day-of-school-EATT1X.jpg,Not Applicable,Driving Distraction,Pedestrian_Crossing_0,0000006,data/processed_images/traffic/Pedestrian_Crossing_0/0000006.jpg,0000006,
Traffic,https://c8.alamy.com/comp/EATT1X/a-mother-crosses-a-busy-road-with-her-son-on-his-first-day-of-school-EATT1X.jpg,Complied,Pedestrian Crossing,Pedestrian_Crossing_0,0000006,data/processed_images/traffic/Pedestrian_Crossing_0/0000006.jpg,0000006,
Traffic,https://c8.alamy.com/comp/EATT1X/a-mother-crosses-a-busy-road-with-her-son-on-his-first-day-of-school-EATT1X.jpg,Not Applicable,Road Condition,Pedestrian_Crossing_0,0000006,data/processed_images/traffic/Pedestrian_Crossing_0/0000006.jpg,0000006,
Traffic,https://c8.alamy.com/comp/EATT1X/a-mother-crosses-a-busy-road-with-her-son-on-his-first-day-of-school-EATT1X.jpg,Not Applicable,Traffic Rules,Pedestrian_Crossing_0,0000006,data/processed_images/traffic/Pedestrian_Crossing_0/0000006.jpg,0000006,
Traffic,https://c8.alamy.com/comp/EATT1X/a-mother-crosses-a-busy-road-with-her-son-on-his-first-day-of-school-EATT1X.jpg,Not Applicable,Vehicle Load,Pedestrian_Crossing_0,0000006,data/processed_images/traffic/Pedestrian_Crossing_0/0000006.jpg,0000006,
Traffic,https://www.shutterstock.com/shutterstock/photos/285654479/display_1500/stock-photo-woman-crossing-the-street-at-a-pedestrian-crossing-285654479.jpg,Not Applicable,Driving Distraction,Pedestrian_Crossing_0,0000007,data/processed_images/traffic/Pedestrian_Crossing_0/0000007.jpg,0000007,
Traffic,https://www.shutterstock.com/shutterstock/photos/285654479/display_1500/stock-photo-woman-crossing-the-street-at-a-pedestrian-crossing-285654479.jpg,Complied,Pedestrian Crossing,Pedestrian_Crossing_0,0000007,data/processed_images/traffic/Pedestrian_Crossing_0/0000007.jpg,0000007,
Traffic,https://www.shutterstock.com/shutterstock/photos/285654479/display_1500/stock-photo-woman-crossing-the-street-at-a-pedestrian-crossing-285654479.jpg,Complied,Road Condition,Pedestrian_Crossing_0,0000007,data/processed_images/traffic/Pedestrian_Crossing_0/0000007.jpg,0000007,
Traffic,https://www.shutterstock.com/shutterstock/photos/285654479/display_1500/stock-photo-woman-crossing-the-street-at-a-pedestrian-crossing-285654479.jpg,Complied,Traffic Rules,Pedestrian_Crossing_0,0000007,data/processed_images/traffic/Pedestrian_Crossing_0/0000007.jpg,0000007,
Traffic,https://www.shutterstock.com/shutterstock/photos/285654479/display_1500/stock-photo-woman-crossing-the-street-at-a-pedestrian-crossing-285654479.jpg,Complied,Vehicle Load,Pedestrian_Crossing_0,0000007,data/processed_images/traffic/Pedestrian_Crossing_0/0000007.jpg,0000007,
Traffic,https://live.staticflickr.com/148/332498793_c691a5507e_b.jpg,Violated,Driving Distraction,Pedestrian_Crossing_0,0000008,data/processed_images/traffic/Pedestrian_Crossing_0/0000008.jpg,0000008,
Traffic,https://live.staticflickr.com/148/332498793_c691a5507e_b.jpg,Complied,Pedestrian Crossing,Pedestrian_Crossing_0,0000008,data/processed_images/traffic/Pedestrian_Crossing_0/0000008.jpg,0000008,
Traffic,https://live.staticflickr.com/148/332498793_c691a5507e_b.jpg,Complied,Road Condition,Pedestrian_Crossing_0,0000008,data/processed_images/traffic/Pedestrian_Crossing_0/0000008.jpg,0000008,
Traffic,https://live.staticflickr.com/148/332498793_c691a5507e_b.jpg,Complied,Traffic Rules,Pedestrian_Crossing_0,0000008,data/processed_images/traffic/Pedestrian_Crossing_0/0000008.jpg,0000008,
Traffic,https://live.staticflickr.com/148/332498793_c691a5507e_b.jpg,Complied,Vehicle Load,Pedestrian_Crossing_0,0000008,data/processed_images/traffic/Pedestrian_Crossing_0/0000008.jpg,0000008,
Traffic,https://freight.cargo.site/t/original/i/34bf443e9c7940adf00d264f4b3c422233e1dc9ef4ffcb2a31eb1adeff92be95/Stands_Cover.jpg,Not Applicable,Driving Distraction,Pedestrian_Crossing_0,0000009,data/processed_images/traffic/Pedestrian_Crossing_0/0000009.jpg,0000009,
Traffic,https://freight.cargo.site/t/original/i/34bf443e9c7940adf00d264f4b3c422233e1dc9ef4ffcb2a31eb1adeff92be95/Stands_Cover.jpg,Complied,Pedestrian Crossing,Pedestrian_Crossing_0,0000009,data/processed_images/traffic/Pedestrian_Crossing_0/0000009.jpg,0000009,
Traffic,https://freight.cargo.site/t/original/i/34bf443e9c7940adf00d264f4b3c422233e1dc9ef4ffcb2a31eb1adeff92be95/Stands_Cover.jpg,Complied,Road Condition,Pedestrian_Crossing_0,0000009,data/processed_images/traffic/Pedestrian_Crossing_0/0000009.jpg,0000009,
Traffic,https://freight.cargo.site/t/original/i/34bf443e9c7940adf00d264f4b3c422233e1dc9ef4ffcb2a31eb1adeff92be95/Stands_Cover.jpg,Complied,Traffic Rules,Pedestrian_Crossing_0,0000009,data/processed_images/traffic/Pedestrian_Crossing_0/0000009.jpg,0000009,
Traffic,https://freight.cargo.site/t/original/i/34bf443e9c7940adf00d264f4b3c422233e1dc9ef4ffcb2a31eb1adeff92be95/Stands_Cover.jpg,Complied,Vehicle Load,Pedestrian_Crossing_0,0000009,data/processed_images/traffic/Pedestrian_Crossing_0/0000009.jpg,0000009,
Traffic,https://c8.alamy.com/comp/2B7MNR0/berlin-germany-januari-1-2020-people-stand-on-a-pedestrian-crossing-the-green-light-on-the-traffic-light-2B7MNR0.jpg,Not Applicable,Driving Distraction,Pedestrian_Crossing_0,0000010,data/processed_images/traffic/Pedestrian_Crossing_0/0000010.jpg,0000010,
Traffic,https://c8.alamy.com/comp/2B7MNR0/berlin-germany-januari-1-2020-people-stand-on-a-pedestrian-crossing-the-green-light-on-the-traffic-light-2B7MNR0.jpg,Complied,Pedestrian Crossing,Pedestrian_Crossing_0,0000010,data/processed_images/traffic/Pedestrian_Crossing_0/0000010.jpg,0000010,
Traffic,https://c8.alamy.com/comp/2B7MNR0/berlin-germany-januari-1-2020-people-stand-on-a-pedestrian-crossing-the-green-light-on-the-traffic-light-2B7MNR0.jpg,Complied,Road Condition,Pedestrian_Crossing_0,0000010,data/processed_images/traffic/Pedestrian_Crossing_0/0000010.jpg,0000010,
Traffic,https://c8.alamy.com/comp/2B7MNR0/berlin-germany-januari-1-2020-people-stand-on-a-pedestrian-crossing-the-green-light-on-the-traffic-light-2B7MNR0.jpg,Not Applicable,Traffic Rules,Pedestrian_Crossing_0,0000010,data/processed_images/traffic/Pedestrian_Crossing_0/0000010.jpg,0000010,
Traffic,https://c8.alamy.com/comp/2B7MNR0/berlin-germany-januari-1-2020-people-stand-on-a-pedestrian-crossing-the-green-light-on-the-traffic-light-2B7MNR0.jpg,Not Applicable,Vehicle Load,Pedestrian_Crossing_0,0000010,data/processed_images/traffic/Pedestrian_Crossing_0/0000010.jpg,0000010,
Traffic,https://media.istockphoto.com/id/1457298174/photo/citizens-crossing-crowded-zebra-wide-shot.jpg?s=612x612&w=0&k=20&c=T5VpBcBqvmb0qm92Nd8r36AiS2ArCTtgvhPN3CrBi8Y=,Not Applicable,Driving Distraction,Pedestrian_Crossing_0,0000011,data/processed_images/traffic/Pedestrian_Crossing_0/0000011.jpg,0000011,
Traffic,https://media.istockphoto.com/id/1457298174/photo/citizens-crossing-crowded-zebra-wide-shot.jpg?s=612x612&w=0&k=20&c=T5VpBcBqvmb0qm92Nd8r36AiS2ArCTtgvhPN3CrBi8Y=,Complied,Pedestrian Crossing,Pedestrian_Crossing_0,0000011,data/processed_images/traffic/Pedestrian_Crossing_0/0000011.jpg,0000011,
Traffic,https://media.istockphoto.com/id/1457298174/photo/citizens-crossing-crowded-zebra-wide-shot.jpg?s=612x612&w=0&k=20&c=T5VpBcBqvmb0qm92Nd8r36AiS2ArCTtgvhPN3CrBi8Y=,Not Applicable,Road Condition,Pedestrian_Crossing_0,0000011,data/processed_images/traffic/Pedestrian_Crossing_0/0000011.jpg,0000011,
Traffic,https://media.istockphoto.com/id/1457298174/photo/citizens-crossing-crowded-zebra-wide-shot.jpg?s=612x612&w=0&k=20&c=T5VpBcBqvmb0qm92Nd8r36AiS2ArCTtgvhPN3CrBi8Y=,Not Applicable,Traffic Rules,Pedestrian_Crossing_0,0000011,data/processed_images/traffic/Pedestrian_Crossing_0/0000011.jpg,0000011,
Traffic,https://media.istockphoto.com/id/1457298174/photo/citizens-crossing-crowded-zebra-wide-shot.jpg?s=612x612&w=0&k=20&c=T5VpBcBqvmb0qm92Nd8r36AiS2ArCTtgvhPN3CrBi8Y=,Not Applicable,Vehicle Load,Pedestrian_Crossing_0,0000011,data/processed_images/traffic/Pedestrian_Crossing_0/0000011.jpg,0000011,
Traffic,https://media.istockphoto.com/id/1132356459/photo/senior-woman-crossing.jpg?s=612x612&w=0&k=20&c=lI2anvVJtubV2aB0bzk9HeZSPpC_4G4iQNbY5L7RknM=,Not Applicable,Driving Distraction,Pedestrian_Crossing_0,0000012,data/processed_images/traffic/Pedestrian_Crossing_0/0000012.jpg,0000012,
Traffic,https://media.istockphoto.com/id/1132356459/photo/senior-woman-crossing.jpg?s=612x612&w=0&k=20&c=lI2anvVJtubV2aB0bzk9HeZSPpC_4G4iQNbY5L7RknM=,Complied,Pedestrian Crossing,Pedestrian_Crossing_0,0000012,data/processed_images/traffic/Pedestrian_Crossing_0/0000012.jpg,0000012,
Traffic,https://media.istockphoto.com/id/1132356459/photo/senior-woman-crossing.jpg?s=612x612&w=0&k=20&c=lI2anvVJtubV2aB0bzk9HeZSPpC_4G4iQNbY5L7RknM=,Not Applicable,Road Condition,Pedestrian_Crossing_0,0000012,data/processed_images/traffic/Pedestrian_Crossing_0/0000012.jpg,0000012,
Traffic,https://media.istockphoto.com/id/1132356459/photo/senior-woman-crossing.jpg?s=612x612&w=0&k=20&c=lI2anvVJtubV2aB0bzk9HeZSPpC_4G4iQNbY5L7RknM=,Not Applicable,Traffic Rules,Pedestrian_Crossing_0,0000012,data/processed_images/traffic/Pedestrian_Crossing_0/0000012.jpg,0000012,
Traffic,https://media.istockphoto.com/id/1132356459/photo/senior-woman-crossing.jpg?s=612x612&w=0&k=20&c=lI2anvVJtubV2aB0bzk9HeZSPpC_4G4iQNbY5L7RknM=,Not Applicable,Vehicle Load,Pedestrian_Crossing_0,0000012,data/processed_images/traffic/Pedestrian_Crossing_0/0000012.jpg,0000012,
Traffic,https://media.istockphoto.com/id/1287919965/photo/mother-and-son-crossing-street.jpg?s=612x612&w=0&k=20&c=E5DZ93TJOCs7XKu3sVsrY_Hnq_HI3sPmVzw0x3KtJq0=,Not Applicable,Driving Distraction,Pedestrian_Crossing_0,0000013,data/processed_images/traffic/Pedestrian_Crossing_0/0000013.jpg,0000013,
Traffic,https://media.istockphoto.com/id/1287919965/photo/mother-and-son-crossing-street.jpg?s=612x612&w=0&k=20&c=E5DZ93TJOCs7XKu3sVsrY_Hnq_HI3sPmVzw0x3KtJq0=,Complied,Pedestrian Crossing,Pedestrian_Crossing_0,0000013,data/processed_images/traffic/Pedestrian_Crossing_0/0000013.jpg,0000013,
Traffic,https://media.istockphoto.com/id/1287919965/photo/mother-and-son-crossing-street.jpg?s=612x612&w=0&k=20&c=E5DZ93TJOCs7XKu3sVsrY_Hnq_HI3sPmVzw0x3KtJq0=,Complied,Road Condition,Pedestrian_Crossing_0,0000013,data/processed_images/traffic/Pedestrian_Crossing_0/0000013.jpg,0000013,
Traffic,https://media.istockphoto.com/id/1287919965/photo/mother-and-son-crossing-street.jpg?s=612x612&w=0&k=20&c=E5DZ93TJOCs7XKu3sVsrY_Hnq_HI3sPmVzw0x3KtJq0=,Not Applicable,Traffic Rules,Pedestrian_Crossing_0,0000013,data/processed_images/traffic/Pedestrian_Crossing_0/0000013.jpg,0000013,
Traffic,https://media.istockphoto.com/id/1287919965/photo/mother-and-son-crossing-street.jpg?s=612x612&w=0&k=20&c=E5DZ93TJOCs7XKu3sVsrY_Hnq_HI3sPmVzw0x3KtJq0=,Not Applicable,Vehicle Load,Pedestrian_Crossing_0,0000013,data/processed_images/traffic/Pedestrian_Crossing_0/0000013.jpg,0000013,
Traffic,https://media.istockphoto.com/id/1138882552/photo/crossing-in-the-rain.jpg?s=612x612&w=0&k=20&c=y9v3epb4_qWdHWvF_aVRBW5xZ4wTWZgkqUhaG9xH3Vo=,Not Applicable,Driving Distraction,Pedestrian_Crossing_0,0000014,data/processed_images/traffic/Pedestrian_Crossing_0/0000014.jpg,0000014,
Traffic,https://media.istockphoto.com/id/1138882552/photo/crossing-in-the-rain.jpg?s=612x612&w=0&k=20&c=y9v3epb4_qWdHWvF_aVRBW5xZ4wTWZgkqUhaG9xH3Vo=,Complied,Pedestrian Crossing,Pedestrian_Crossing_0,0000014,data/processed_images/traffic/Pedestrian_Crossing_0/0000014.jpg,0000014,
Traffic,https://media.istockphoto.com/id/1138882552/photo/crossing-in-the-rain.jpg?s=612x612&w=0&k=20&c=y9v3epb4_qWdHWvF_aVRBW5xZ4wTWZgkqUhaG9xH3Vo=,Complied,Road Condition,Pedestrian_Crossing_0,0000014,data/processed_images/traffic/Pedestrian_Crossing_0/0000014.jpg,0000014,
Traffic,https://media.istockphoto.com/id/1138882552/photo/crossing-in-the-rain.jpg?s=612x612&w=0&k=20&c=y9v3epb4_qWdHWvF_aVRBW5xZ4wTWZgkqUhaG9xH3Vo=,Not Applicable,Traffic Rules,Pedestrian_Crossing_0,0000014,data/processed_images/traffic/Pedestrian_Crossing_0/0000014.jpg,0000014,
Traffic,https://media.istockphoto.com/id/1138882552/photo/crossing-in-the-rain.jpg?s=612x612&w=0&k=20&c=y9v3epb4_qWdHWvF_aVRBW5xZ4wTWZgkqUhaG9xH3Vo=,Not Applicable,Vehicle Load,Pedestrian_Crossing_0,0000014,data/processed_images/traffic/Pedestrian_Crossing_0/0000014.jpg,0000014,
Traffic,https://media.istockphoto.com/id/1138882521/photo/crossing-the-street-in-san-franciscos-mission-district.jpg?s=612x612&w=0&k=20&c=lAvxWIESjRZfzBYfaVFqwCJQyqZAy8Go3ajhsvovsW0=,Not Applicable,Driving Distraction,Pedestrian_Crossing_0,0000015,data/processed_images/traffic/Pedestrian_Crossing_0/0000015.jpg,0000015,
Traffic,https://media.istockphoto.com/id/1138882521/photo/crossing-the-street-in-san-franciscos-mission-district.jpg?s=612x612&w=0&k=20&c=lAvxWIESjRZfzBYfaVFqwCJQyqZAy8Go3ajhsvovsW0=,Complied,Pedestrian Crossing,Pedestrian_Crossing_0,0000015,data/processed_images/traffic/Pedestrian_Crossing_0/0000015.jpg,0000015,
Traffic,https://media.istockphoto.com/id/1138882521/photo/crossing-the-street-in-san-franciscos-mission-district.jpg?s=612x612&w=0&k=20&c=lAvxWIESjRZfzBYfaVFqwCJQyqZAy8Go3ajhsvovsW0=,Complied,Road Condition,Pedestrian_Crossing_0,0000015,data/processed_images/traffic/Pedestrian_Crossing_0/0000015.jpg,0000015,
Traffic,https://media.istockphoto.com/id/1138882521/photo/crossing-the-street-in-san-franciscos-mission-district.jpg?s=612x612&w=0&k=20&c=lAvxWIESjRZfzBYfaVFqwCJQyqZAy8Go3ajhsvovsW0=,Not Applicable,Traffic Rules,Pedestrian_Crossing_0,0000015,data/processed_images/traffic/Pedestrian_Crossing_0/0000015.jpg,0000015,
Traffic,https://media.istockphoto.com/id/1138882521/photo/crossing-the-street-in-san-franciscos-mission-district.jpg?s=612x612&w=0&k=20&c=lAvxWIESjRZfzBYfaVFqwCJQyqZAy8Go3ajhsvovsW0=,Not Applicable,Vehicle Load,Pedestrian_Crossing_0,0000015,data/processed_images/traffic/Pedestrian_Crossing_0/0000015.jpg,0000015,
Traffic,https://media.istockphoto.com/id/1143981682/photo/children-next-to-a-car-walking-through-pedestrian-crossing-to-the-school.jpg?s=612x612&w=0&k=20&c=lDXFrGAhXDy_WJPOa4sQXcGm8snIOxSGvbnXM2NCEl8=,Not Applicable,Driving Distraction,Pedestrian_Crossing_0,0000016,data/processed_images/traffic/Pedestrian_Crossing_0/0000016.jpg,0000016,
Traffic,https://media.istockphoto.com/id/1143981682/photo/children-next-to-a-car-walking-through-pedestrian-crossing-to-the-school.jpg?s=612x612&w=0&k=20&c=lDXFrGAhXDy_WJPOa4sQXcGm8snIOxSGvbnXM2NCEl8=,Complied,Pedestrian Crossing,Pedestrian_Crossing_0,0000016,data/processed_images/traffic/Pedestrian_Crossing_0/0000016.jpg,0000016,
Traffic,https://media.istockphoto.com/id/1143981682/photo/children-next-to-a-car-walking-through-pedestrian-crossing-to-the-school.jpg?s=612x612&w=0&k=20&c=lDXFrGAhXDy_WJPOa4sQXcGm8snIOxSGvbnXM2NCEl8=,Complied,Road Condition,Pedestrian_Crossing_0,0000016,data/processed_images/traffic/Pedestrian_Crossing_0/0000016.jpg,0000016,
Traffic,https://media.istockphoto.com/id/1143981682/photo/children-next-to-a-car-walking-through-pedestrian-crossing-to-the-school.jpg?s=612x612&w=0&k=20&c=lDXFrGAhXDy_WJPOa4sQXcGm8snIOxSGvbnXM2NCEl8=,Complied,Traffic Rules,Pedestrian_Crossing_0,0000016,data/processed_images/traffic/Pedestrian_Crossing_0/0000016.jpg,0000016,
Traffic,https://media.istockphoto.com/id/1143981682/photo/children-next-to-a-car-walking-through-pedestrian-crossing-to-the-school.jpg?s=612x612&w=0&k=20&c=lDXFrGAhXDy_WJPOa4sQXcGm8snIOxSGvbnXM2NCEl8=,Not Applicable,Vehicle Load,Pedestrian_Crossing_0,0000016,data/processed_images/traffic/Pedestrian_Crossing_0/0000016.jpg,0000016,
Traffic,https://media.istockphoto.com/id/163654089/photo/car-stopped-for-pedestrian.jpg?s=612x612&w=0&k=20&c=KR2rAvp9aU4KYFs8G6d4g3hvW-HyMy70Eyk6i66zb1w=,Not Applicable,Driving Distraction,Pedestrian_Crossing_0,0000017,data/processed_images/traffic/Pedestrian_Crossing_0/0000017.jpg,0000017,
Traffic,https://media.istockphoto.com/id/163654089/photo/car-stopped-for-pedestrian.jpg?s=612x612&w=0&k=20&c=KR2rAvp9aU4KYFs8G6d4g3hvW-HyMy70Eyk6i66zb1w=,Complied,Pedestrian Crossing,Pedestrian_Crossing_0,0000017,data/processed_images/traffic/Pedestrian_Crossing_0/0000017.jpg,0000017,
Traffic,https://media.istockphoto.com/id/163654089/photo/car-stopped-for-pedestrian.jpg?s=612x612&w=0&k=20&c=KR2rAvp9aU4KYFs8G6d4g3hvW-HyMy70Eyk6i66zb1w=,Complied,Road Condition,Pedestrian_Crossing_0,0000017,data/processed_images/traffic/Pedestrian_Crossing_0/0000017.jpg,0000017,
Traffic,https://media.istockphoto.com/id/163654089/photo/car-stopped-for-pedestrian.jpg?s=612x612&w=0&k=20&c=KR2rAvp9aU4KYFs8G6d4g3hvW-HyMy70Eyk6i66zb1w=,Complied,Traffic Rules,Pedestrian_Crossing_0,0000017,data/processed_images/traffic/Pedestrian_Crossing_0/0000017.jpg,0000017,
Traffic,https://media.istockphoto.com/id/163654089/photo/car-stopped-for-pedestrian.jpg?s=612x612&w=0&k=20&c=KR2rAvp9aU4KYFs8G6d4g3hvW-HyMy70Eyk6i66zb1w=,Not Applicable,Vehicle Load,Pedestrian_Crossing_0,0000017,data/processed_images/traffic/Pedestrian_Crossing_0/0000017.jpg,0000017,
Traffic,https://media.istockphoto.com/id/478525372/photo/woman-crossing-the-street-at-pedestrian-crossing.jpg?s=612x612&w=0&k=20&c=eLWbO3l_mLfgUYDadVagNAKpeuJ_DuRFby3V8H3gqLQ=,Not Applicable,Driving Distraction,Pedestrian_Crossing_0,0000018,data/processed_images/traffic/Pedestrian_Crossing_0/0000018.jpg,0000018,
Traffic,https://media.istockphoto.com/id/478525372/photo/woman-crossing-the-street-at-pedestrian-crossing.jpg?s=612x612&w=0&k=20&c=eLWbO3l_mLfgUYDadVagNAKpeuJ_DuRFby3V8H3gqLQ=,Complied,Pedestrian Crossing,Pedestrian_Crossing_0,0000018,data/processed_images/traffic/Pedestrian_Crossing_0/0000018.jpg,0000018,
Traffic,https://media.istockphoto.com/id/478525372/photo/woman-crossing-the-street-at-pedestrian-crossing.jpg?s=612x612&w=0&k=20&c=eLWbO3l_mLfgUYDadVagNAKpeuJ_DuRFby3V8H3gqLQ=,Complied,Road Condition,Pedestrian_Crossing_0,0000018,data/processed_images/traffic/Pedestrian_Crossing_0/0000018.jpg,0000018,
Traffic,https://media.istockphoto.com/id/478525372/photo/woman-crossing-the-street-at-pedestrian-crossing.jpg?s=612x612&w=0&k=20&c=eLWbO3l_mLfgUYDadVagNAKpeuJ_DuRFby3V8H3gqLQ=,Complied,Traffic Rules,Pedestrian_Crossing_0,0000018,data/processed_images/traffic/Pedestrian_Crossing_0/0000018.jpg,0000018,
Traffic,https://media.istockphoto.com/id/478525372/photo/woman-crossing-the-street-at-pedestrian-crossing.jpg?s=612x612&w=0&k=20&c=eLWbO3l_mLfgUYDadVagNAKpeuJ_DuRFby3V8H3gqLQ=,Complied,Vehicle Load,Pedestrian_Crossing_0,0000018,data/processed_images/traffic/Pedestrian_Crossing_0/0000018.jpg,0000018,
Traffic,https://media.istockphoto.com/id/1415122300/photo/a-mother-and-her-son-crossing-road-on-way-to-school.jpg?s=612x612&w=0&k=20&c=AWKWp2uR3tG0yv4LzR1qeN5btTQU7hiS-RMOhUa-pW4=,Not Applicable,Driving Distraction,Pedestrian_Crossing_0,0000019,data/processed_images/traffic/Pedestrian_Crossing_0/0000019.jpg,0000019,
Traffic,https://media.istockphoto.com/id/1415122300/photo/a-mother-and-her-son-crossing-road-on-way-to-school.jpg?s=612x612&w=0&k=20&c=AWKWp2uR3tG0yv4LzR1qeN5btTQU7hiS-RMOhUa-pW4=,Complied,Pedestrian Crossing,Pedestrian_Crossing_0,0000019,data/processed_images/traffic/Pedestrian_Crossing_0/0000019.jpg,0000019,
Traffic,https://media.istockphoto.com/id/1415122300/photo/a-mother-and-her-son-crossing-road-on-way-to-school.jpg?s=612x612&w=0&k=20&c=AWKWp2uR3tG0yv4LzR1qeN5btTQU7hiS-RMOhUa-pW4=,Complied,Road Condition,Pedestrian_Crossing_0,0000019,data/processed_images/traffic/Pedestrian_Crossing_0/0000019.jpg,0000019,
Traffic,https://media.istockphoto.com/id/1415122300/photo/a-mother-and-her-son-crossing-road-on-way-to-school.jpg?s=612x612&w=0&k=20&c=AWKWp2uR3tG0yv4LzR1qeN5btTQU7hiS-RMOhUa-pW4=,Not Applicable,Traffic Rules,Pedestrian_Crossing_0,0000019,data/processed_images/traffic/Pedestrian_Crossing_0/0000019.jpg,0000019,
Traffic,https://media.istockphoto.com/id/1415122300/photo/a-mother-and-her-son-crossing-road-on-way-to-school.jpg?s=612x612&w=0&k=20&c=AWKWp2uR3tG0yv4LzR1qeN5btTQU7hiS-RMOhUa-pW4=,Not Applicable,Vehicle Load,Pedestrian_Crossing_0,0000019,data/processed_images/traffic/Pedestrian_Crossing_0/0000019.jpg,0000019,
Traffic,https://media.istockphoto.com/id/1144320423/photo/crosswalk-people-crossing-in-downtown.jpg?s=612x612&w=0&k=20&c=00bXtY6qbcH_3XGO_XJeCz167oR4VQYEy9D2hrg6w5M=,Not Applicable,Driving Distraction,Pedestrian_Crossing_0,0000020,data/processed_images/traffic/Pedestrian_Crossing_0/0000020.jpg,0000020,
Traffic,https://media.istockphoto.com/id/1144320423/photo/crosswalk-people-crossing-in-downtown.jpg?s=612x612&w=0&k=20&c=00bXtY6qbcH_3XGO_XJeCz167oR4VQYEy9D2hrg6w5M=,Complied,Pedestrian Crossing,Pedestrian_Crossing_0,0000020,data/processed_images/traffic/Pedestrian_Crossing_0/0000020.jpg,0000020,
Traffic,https://media.istockphoto.com/id/1144320423/photo/crosswalk-people-crossing-in-downtown.jpg?s=612x612&w=0&k=20&c=00bXtY6qbcH_3XGO_XJeCz167oR4VQYEy9D2hrg6w5M=,Not Applicable,Road Condition,Pedestrian_Crossing_0,0000020,data/processed_images/traffic/Pedestrian_Crossing_0/0000020.jpg,0000020,
Traffic,https://media.istockphoto.com/id/1144320423/photo/crosswalk-people-crossing-in-downtown.jpg?s=612x612&w=0&k=20&c=00bXtY6qbcH_3XGO_XJeCz167oR4VQYEy9D2hrg6w5M=,Not Applicable,Traffic Rules,Pedestrian_Crossing_0,0000020,data/processed_images/traffic/Pedestrian_Crossing_0/0000020.jpg,0000020,
Traffic,https://media.istockphoto.com/id/1144320423/photo/crosswalk-people-crossing-in-downtown.jpg?s=612x612&w=0&k=20&c=00bXtY6qbcH_3XGO_XJeCz167oR4VQYEy9D2hrg6w5M=,Not Applicable,Vehicle Load,Pedestrian_Crossing_0,0000020,data/processed_images/traffic/Pedestrian_Crossing_0/0000020.jpg,0000020,
Traffic,https://media.istockphoto.com/id/1373732934/photo/hipster-teenage-urban-lifestyle-music-students-go-to-class-or-to-a-concert-concept-of.jpg?s=612x612&w=0&k=20&c=nDZVdpbMObNQZLXfZ3D61DYaRgnqmlYKjDeei9B_iHI=,Not Applicable,Driving Distraction,Pedestrian_Crossing_0,0000021,data/processed_images/traffic/Pedestrian_Crossing_0/0000021.jpg,0000021,
Traffic,https://media.istockphoto.com/id/1373732934/photo/hipster-teenage-urban-lifestyle-music-students-go-to-class-or-to-a-concert-concept-of.jpg?s=612x612&w=0&k=20&c=nDZVdpbMObNQZLXfZ3D61DYaRgnqmlYKjDeei9B_iHI=,Complied,Pedestrian Crossing,Pedestrian_Crossing_0,0000021,data/processed_images/traffic/Pedestrian_Crossing_0/0000021.jpg,0000021,
Traffic,https://media.istockphoto.com/id/1373732934/photo/hipster-teenage-urban-lifestyle-music-students-go-to-class-or-to-a-concert-concept-of.jpg?s=612x612&w=0&k=20&c=nDZVdpbMObNQZLXfZ3D61DYaRgnqmlYKjDeei9B_iHI=,Complied,Road Condition,Pedestrian_Crossing_0,0000021,data/processed_images/traffic/Pedestrian_Crossing_0/0000021.jpg,0000021,
Traffic,https://media.istockphoto.com/id/1373732934/photo/hipster-teenage-urban-lifestyle-music-students-go-to-class-or-to-a-concert-concept-of.jpg?s=612x612&w=0&k=20&c=nDZVdpbMObNQZLXfZ3D61DYaRgnqmlYKjDeei9B_iHI=,Not Applicable,Traffic Rules,Pedestrian_Crossing_0,0000021,data/processed_images/traffic/Pedestrian_Crossing_0/0000021.jpg,0000021,
Traffic,https://media.istockphoto.com/id/1373732934/photo/hipster-teenage-urban-lifestyle-music-students-go-to-class-or-to-a-concert-concept-of.jpg?s=612x612&w=0&k=20&c=nDZVdpbMObNQZLXfZ3D61DYaRgnqmlYKjDeei9B_iHI=,Not Applicable,Vehicle Load,Pedestrian_Crossing_0,0000021,data/processed_images/traffic/Pedestrian_Crossing_0/0000021.jpg,0000021,
Traffic,https://media.istockphoto.com/id/1207725287/photo/woman-with-mask-crossing-street.jpg?s=612x612&w=0&k=20&c=mRwOSQJnl3sNw58Hp8UM9MMOqy4j6rZAv15w03yth5c=,Not Applicable,Driving Distraction,Pedestrian_Crossing_0,0000022,data/processed_images/traffic/Pedestrian_Crossing_0/0000022.jpg,0000022,
Traffic,https://media.istockphoto.com/id/1207725287/photo/woman-with-mask-crossing-street.jpg?s=612x612&w=0&k=20&c=mRwOSQJnl3sNw58Hp8UM9MMOqy4j6rZAv15w03yth5c=,Complied,Pedestrian Crossing,Pedestrian_Crossing_0,0000022,data/processed_images/traffic/Pedestrian_Crossing_0/0000022.jpg,0000022,
Traffic,https://media.istockphoto.com/id/1207725287/photo/woman-with-mask-crossing-street.jpg?s=612x612&w=0&k=20&c=mRwOSQJnl3sNw58Hp8UM9MMOqy4j6rZAv15w03yth5c=,Complied,Road Condition,Pedestrian_Crossing_0,0000022,data/processed_images/traffic/Pedestrian_Crossing_0/0000022.jpg,0000022,
Traffic,https://media.istockphoto.com/id/1207725287/photo/woman-with-mask-crossing-street.jpg?s=612x612&w=0&k=20&c=mRwOSQJnl3sNw58Hp8UM9MMOqy4j6rZAv15w03yth5c=,Not Applicable,Traffic Rules,Pedestrian_Crossing_0,0000022,data/processed_images/traffic/Pedestrian_Crossing_0/0000022.jpg,0000022,
Traffic,https://media.istockphoto.com/id/1207725287/photo/woman-with-mask-crossing-street.jpg?s=612x612&w=0&k=20&c=mRwOSQJnl3sNw58Hp8UM9MMOqy4j6rZAv15w03yth5c=,Not Applicable,Vehicle Load,Pedestrian_Crossing_0,0000022,data/processed_images/traffic/Pedestrian_Crossing_0/0000022.jpg,0000022,
Traffic,https://media.istockphoto.com/id/596792426/photo/shinjuku-shopping-district-tokyo-japan.jpg?s=612x612&w=0&k=20&c=mIlda86ptulybv1R3Dw8OUcShy0FDqqEQTRXAPM79Qc=,Not Applicable,Driving Distraction,Pedestrian_Crossing_0,0000023,data/processed_images/traffic/Pedestrian_Crossing_0/0000023.jpg,0000023,
Traffic,https://media.istockphoto.com/id/596792426/photo/shinjuku-shopping-district-tokyo-japan.jpg?s=612x612&w=0&k=20&c=mIlda86ptulybv1R3Dw8OUcShy0FDqqEQTRXAPM79Qc=,Complied,Pedestrian Crossing,Pedestrian_Crossing_0,0000023,data/processed_images/traffic/Pedestrian_Crossing_0/0000023.jpg,0000023,
Traffic,https://media.istockphoto.com/id/596792426/photo/shinjuku-shopping-district-tokyo-japan.jpg?s=612x612&w=0&k=20&c=mIlda86ptulybv1R3Dw8OUcShy0FDqqEQTRXAPM79Qc=,Not Applicable,Road Condition,Pedestrian_Crossing_0,0000023,data/processed_images/traffic/Pedestrian_Crossing_0/0000023.jpg,0000023,
Traffic,https://media.istockphoto.com/id/596792426/photo/shinjuku-shopping-district-tokyo-japan.jpg?s=612x612&w=0&k=20&c=mIlda86ptulybv1R3Dw8OUcShy0FDqqEQTRXAPM79Qc=,Not Applicable,Traffic Rules,Pedestrian_Crossing_0,0000023,data/processed_images/traffic/Pedestrian_Crossing_0/0000023.jpg,0000023,
Traffic,https://media.istockphoto.com/id/596792426/photo/shinjuku-shopping-district-tokyo-japan.jpg?s=612x612&w=0&k=20&c=mIlda86ptulybv1R3Dw8OUcShy0FDqqEQTRXAPM79Qc=,Not Applicable,Vehicle Load,Pedestrian_Crossing_0,0000023,data/processed_images/traffic/Pedestrian_Crossing_0/0000023.jpg,0000023,
Traffic,https://media.istockphoto.com/id/1288149637/photo/young-happy-intercultural-friends-having-drinks-and-talking-while-crossing-road.jpg?s=612x612&w=0&k=20&c=4eYg7B05aIBl2nF6hPlUJEniQuOMQZKj4ZWt93FZoIo=,Not Applicable,Driving Distraction,Pedestrian_Crossing_0,0000024,data/processed_images/traffic/Pedestrian_Crossing_0/0000024.jpg,0000024,
Traffic,https://media.istockphoto.com/id/1288149637/photo/young-happy-intercultural-friends-having-drinks-and-talking-while-crossing-road.jpg?s=612x612&w=0&k=20&c=4eYg7B05aIBl2nF6hPlUJEniQuOMQZKj4ZWt93FZoIo=,Complied,Pedestrian Crossing,Pedestrian_Crossing_0,0000024,data/processed_images/traffic/Pedestrian_Crossing_0/0000024.jpg,0000024,
Traffic,https://media.istockphoto.com/id/1288149637/photo/young-happy-intercultural-friends-having-drinks-and-talking-while-crossing-road.jpg?s=612x612&w=0&k=20&c=4eYg7B05aIBl2nF6hPlUJEniQuOMQZKj4ZWt93FZoIo=,Complied,Road Condition,Pedestrian_Crossing_0,0000024,data/processed_images/traffic/Pedestrian_Crossing_0/0000024.jpg,0000024,
Traffic,https://media.istockphoto.com/id/1288149637/photo/young-happy-intercultural-friends-having-drinks-and-talking-while-crossing-road.jpg?s=612x612&w=0&k=20&c=4eYg7B05aIBl2nF6hPlUJEniQuOMQZKj4ZWt93FZoIo=,Not Applicable,Traffic Rules,Pedestrian_Crossing_0,0000024,data/processed_images/traffic/Pedestrian_Crossing_0/0000024.jpg,0000024,
Traffic,https://media.istockphoto.com/id/1288149637/photo/young-happy-intercultural-friends-having-drinks-and-talking-while-crossing-road.jpg?s=612x612&w=0&k=20&c=4eYg7B05aIBl2nF6hPlUJEniQuOMQZKj4ZWt93FZoIo=,Not Applicable,Vehicle Load,Pedestrian_Crossing_0,0000024,data/processed_images/traffic/Pedestrian_Crossing_0/0000024.jpg,0000024,
Traffic,https://st2.depositphotos.com/1609055/7563/i/380/depositphotos_75638913-stock-photo-woman-crossing-street-at-pedestrian.jpg,Not Applicable,Driving Distraction,Pedestrian_Crossing_0,0000025,data/processed_images/traffic/Pedestrian_Crossing_0/0000025.jpg,0000025,
Traffic,https://st2.depositphotos.com/1609055/7563/i/380/depositphotos_75638913-stock-photo-woman-crossing-street-at-pedestrian.jpg,Complied,Pedestrian Crossing,Pedestrian_Crossing_0,0000025,data/processed_images/traffic/Pedestrian_Crossing_0/0000025.jpg,0000025,
Traffic,https://st2.depositphotos.com/1609055/7563/i/380/depositphotos_75638913-stock-photo-woman-crossing-street-at-pedestrian.jpg,Complied,Road Condition,Pedestrian_Crossing_0,0000025,data/processed_images/traffic/Pedestrian_Crossing_0/0000025.jpg,0000025,
Traffic,https://st2.depositphotos.com/1609055/7563/i/380/depositphotos_75638913-stock-photo-woman-crossing-street-at-pedestrian.jpg,Complied,Traffic Rules,Pedestrian_Crossing_0,0000025,data/processed_images/traffic/Pedestrian_Crossing_0/0000025.jpg,0000025,
Traffic,https://st2.depositphotos.com/1609055/7563/i/380/depositphotos_75638913-stock-photo-woman-crossing-street-at-pedestrian.jpg,Complied,Vehicle Load,Pedestrian_Crossing_0,0000025,data/processed_images/traffic/Pedestrian_Crossing_0/0000025.jpg,0000025,
Traffic,https://st3.depositphotos.com/16849182/33660/i/380/depositphotos_336604854-stock-photo-one-pedestrian-walking-through-the.jpg,Not Applicable,Driving Distraction,Pedestrian_Crossing_0,0000026,data/processed_images/traffic/Pedestrian_Crossing_0/0000026.jpg,0000026,
Traffic,https://st3.depositphotos.com/16849182/33660/i/380/depositphotos_336604854-stock-photo-one-pedestrian-walking-through-the.jpg,Complied,Pedestrian Crossing,Pedestrian_Crossing_0,0000026,data/processed_images/traffic/Pedestrian_Crossing_0/0000026.jpg,0000026,
Traffic,https://st3.depositphotos.com/16849182/33660/i/380/depositphotos_336604854-stock-photo-one-pedestrian-walking-through-the.jpg,Complied,Road Condition,Pedestrian_Crossing_0,0000026,data/processed_images/traffic/Pedestrian_Crossing_0/0000026.jpg,0000026,
Traffic,https://st3.depositphotos.com/16849182/33660/i/380/depositphotos_336604854-stock-photo-one-pedestrian-walking-through-the.jpg,Not Applicable,Traffic Rules,Pedestrian_Crossing_0,0000026,data/processed_images/traffic/Pedestrian_Crossing_0/0000026.jpg,0000026,
Traffic,https://st3.depositphotos.com/16849182/33660/i/380/depositphotos_336604854-stock-photo-one-pedestrian-walking-through-the.jpg,Not Applicable,Vehicle Load,Pedestrian_Crossing_0,0000026,data/processed_images/traffic/Pedestrian_Crossing_0/0000026.jpg,0000026,
Traffic,https://st2.depositphotos.com/1609055/7563/i/380/depositphotos_75638043-stock-photo-young-woman-crossing-road.jpg,Not Applicable,Driving Distraction,Pedestrian_Crossing_0,0000027,data/processed_images/traffic/Pedestrian_Crossing_0/0000027.jpg,0000027,
Traffic,https://st2.depositphotos.com/1609055/7563/i/380/depositphotos_75638043-stock-photo-young-woman-crossing-road.jpg,Complied,Pedestrian Crossing,Pedestrian_Crossing_0,0000027,data/processed_images/traffic/Pedestrian_Crossing_0/0000027.jpg,0000027,
Traffic,https://st2.depositphotos.com/1609055/7563/i/380/depositphotos_75638043-stock-photo-young-woman-crossing-road.jpg,Complied,Road Condition,Pedestrian_Crossing_0,0000027,data/processed_images/traffic/Pedestrian_Crossing_0/0000027.jpg,0000027,
Traffic,https://st2.depositphotos.com/1609055/7563/i/380/depositphotos_75638043-stock-photo-young-woman-crossing-road.jpg,Not Applicable,Traffic Rules,Pedestrian_Crossing_0,0000027,data/processed_images/traffic/Pedestrian_Crossing_0/0000027.jpg,0000027,
Traffic,https://st2.depositphotos.com/1609055/7563/i/380/depositphotos_75638043-stock-photo-young-woman-crossing-road.jpg,Not Applicable,Vehicle Load,Pedestrian_Crossing_0,0000027,data/processed_images/traffic/Pedestrian_Crossing_0/0000027.jpg,0000027,
Traffic,https://images.unsplash.com/photo-1624816804260-65ea43f9615e?w=500&auto=format&fit=crop&q=60&ixlib=rb-4.1.0&ixid=M3wxMjA3fDB8MHxzZWFyY2h8N3x8cGVkZXN0cmlhbiUyMHdhbGtpbmd8ZW58MHx8MHx8fDA%3D,Not Applicable,Driving Distraction,Pedestrian_Crossing_0,0000028,data/processed_images/traffic/Pedestrian_Crossing_0/0000028.jpg,0000028,
Traffic,https://images.unsplash.com/photo-1624816804260-65ea43f9615e?w=500&auto=format&fit=crop&q=60&ixlib=rb-4.1.0&ixid=M3wxMjA3fDB8MHxzZWFyY2h8N3x8cGVkZXN0cmlhbiUyMHdhbGtpbmd8ZW58MHx8MHx8fDA%3D,Complied,Pedestrian Crossing,Pedestrian_Crossing_0,0000028,data/processed_images/traffic/Pedestrian_Crossing_0/0000028.jpg,0000028,
Traffic,https://images.unsplash.com/photo-1624816804260-65ea43f9615e?w=500&auto=format&fit=crop&q=60&ixlib=rb-4.1.0&ixid=M3wxMjA3fDB8MHxzZWFyY2h8N3x8cGVkZXN0cmlhbiUyMHdhbGtpbmd8ZW58MHx8MHx8fDA%3D,Not Applicable,Road Condition,Pedestrian_Crossing_0,0000028,data/processed_images/traffic/Pedestrian_Crossing_0/0000028.jpg,0000028,
Traffic,https://images.unsplash.com/photo-1624816804260-65ea43f9615e?w=500&auto=format&fit=crop&q=60&ixlib=rb-4.1.0&ixid=M3wxMjA3fDB8MHxzZWFyY2h8N3x8cGVkZXN0cmlhbiUyMHdhbGtpbmd8ZW58MHx8MHx8fDA%3D,Not Applicable,Traffic Rules,Pedestrian_Crossing_0,0000028,data/processed_images/traffic/Pedestrian_Crossing_0/0000028.jpg,0000028,
Traffic,https://images.unsplash.com/photo-1624816804260-65ea43f9615e?w=500&auto=format&fit=crop&q=60&ixlib=rb-4.1.0&ixid=M3wxMjA3fDB8MHxzZWFyY2h8N3x8cGVkZXN0cmlhbiUyMHdhbGtpbmd8ZW58MHx8MHx8fDA%3D,Not Applicable,Vehicle Load,Pedestrian_Crossing_0,0000028,data/processed_images/traffic/Pedestrian_Crossing_0/0000028.jpg,0000028,
Traffic,https://images.unsplash.com/photo-1644534226441-9078b613c3ec?w=500&auto=format&fit=crop&q=60&ixlib=rb-4.1.0&ixid=M3wxMjA3fDB8MHxzZWFyY2h8MTl8fHBlZGVzdHJpYW4lMjB3YWxraW5nJTIwc2FmZXxlbnwwfHwwfHx8MA%3D%3D,Not Applicable,Driving Distraction,Pedestrian_Crossing_0,0000029,data/processed_images/traffic/Pedestrian_Crossing_0/0000029.jpg,0000029,
Traffic,https://images.unsplash.com/photo-1644534226441-9078b613c3ec?w=500&auto=format&fit=crop&q=60&ixlib=rb-4.1.0&ixid=M3wxMjA3fDB8MHxzZWFyY2h8MTl8fHBlZGVzdHJpYW4lMjB3YWxraW5nJTIwc2FmZXxlbnwwfHwwfHx8MA%3D%3D,Complied,Pedestrian Crossing,Pedestrian_Crossing_0,0000029,data/processed_images/traffic/Pedestrian_Crossing_0/0000029.jpg,0000029,
Traffic,https://images.unsplash.com/photo-1644534226441-9078b613c3ec?w=500&auto=format&fit=crop&q=60&ixlib=rb-4.1.0&ixid=M3wxMjA3fDB8MHxzZWFyY2h8MTl8fHBlZGVzdHJpYW4lMjB3YWxraW5nJTIwc2FmZXxlbnwwfHwwfHx8MA%3D%3D,Complied,Road Condition,Pedestrian_Crossing_0,0000029,data/processed_images/traffic/Pedestrian_Crossing_0/0000029.jpg,0000029,
Traffic,https://images.unsplash.com/photo-1644534226441-9078b613c3ec?w=500&auto=format&fit=crop&q=60&ixlib=rb-4.1.0&ixid=M3wxMjA3fDB8MHxzZWFyY2h8MTl8fHBlZGVzdHJpYW4lMjB3YWxraW5nJTIwc2FmZXxlbnwwfHwwfHx8MA%3D%3D,Not Applicable,Traffic Rules,Pedestrian_Crossing_0,0000029,data/processed_images/traffic/Pedestrian_Crossing_0/0000029.jpg,0000029,
Traffic,https://images.unsplash.com/photo-1644534226441-9078b613c3ec?w=500&auto=format&fit=crop&q=60&ixlib=rb-4.1.0&ixid=M3wxMjA3fDB8MHxzZWFyY2h8MTl8fHBlZGVzdHJpYW4lMjB3YWxraW5nJTIwc2FmZXxlbnwwfHwwfHx8MA%3D%3D,Not Applicable,Vehicle Load,Pedestrian_Crossing_0,0000029,data/processed_images/traffic/Pedestrian_Crossing_0/0000029.jpg,0000029,
Traffic,https://plus.unsplash.com/premium_photo-1661671983641-8ec2c3fcd8cb?w=500&auto=format&fit=crop&q=60&ixlib=rb-4.1.0&ixid=M3wxMjA3fDB8MHxzZWFyY2h8NjF8fHBlZGVzdHJpYW4lMjB3YWxraW5nJTIwZ3JlZW4lMjBsaWdodHxlbnwwfHwwfHx8MA%3D%3D,Not Applicable,Driving Distraction,Pedestrian_Crossing_0,0000030,data/processed_images/traffic/Pedestrian_Crossing_0/0000030.jpg,0000030,
Traffic,https://plus.unsplash.com/premium_photo-1661671983641-8ec2c3fcd8cb?w=500&auto=format&fit=crop&q=60&ixlib=rb-4.1.0&ixid=M3wxMjA3fDB8MHxzZWFyY2h8NjF8fHBlZGVzdHJpYW4lMjB3YWxraW5nJTIwZ3JlZW4lMjBsaWdodHxlbnwwfHwwfHx8MA%3D%3D,Complied,Pedestrian Crossing,Pedestrian_Crossing_0,0000030,data/processed_images/traffic/Pedestrian_Crossing_0/0000030.jpg,0000030,
Traffic,https://plus.unsplash.com/premium_photo-1661671983641-8ec2c3fcd8cb?w=500&auto=format&fit=crop&q=60&ixlib=rb-4.1.0&ixid=M3wxMjA3fDB8MHxzZWFyY2h8NjF8fHBlZGVzdHJpYW4lMjB3YWxraW5nJTIwZ3JlZW4lMjBsaWdodHxlbnwwfHwwfHx8MA%3D%3D,Not Applicable,Road Condition,Pedestrian_Crossing_0,0000030,data/processed_images/traffic/Pedestrian_Crossing_0/0000030.jpg,0000030,
Traffic,https://plus.unsplash.com/premium_photo-1661671983641-8ec2c3fcd8cb?w=500&auto=format&fit=crop&q=60&ixlib=rb-4.1.0&ixid=M3wxMjA3fDB8MHxzZWFyY2h8NjF8fHBlZGVzdHJpYW4lMjB3YWxraW5nJTIwZ3JlZW4lMjBsaWdodHxlbnwwfHwwfHx8MA%3D%3D,Not Applicable,Traffic Rules,Pedestrian_Crossing_0,0000030,data/processed_images/traffic/Pedestrian_Crossing_0/0000030.jpg,0000030,
Traffic,https://plus.unsplash.com/premium_photo-1661671983641-8ec2c3fcd8cb?w=500&auto=format&fit=crop&q=60&ixlib=rb-4.1.0&ixid=M3wxMjA3fDB8MHxzZWFyY2h8NjF8fHBlZGVzdHJpYW4lMjB3YWxraW5nJTIwZ3JlZW4lMjBsaWdodHxlbnwwfHwwfHx8MA%3D%3D,Not Applicable,Vehicle Load,Pedestrian_Crossing_0,0000030,data/processed_images/traffic/Pedestrian_Crossing_0/0000030.jpg,0000030,
Traffic,https://images.unsplash.com/photo-1717199891158-66008d9c68b5?w=500&auto=format&fit=crop&q=60&ixlib=rb-4.1.0&ixid=M3wxMjA3fDB8MHxzZWFyY2h8NjZ8fHBlZGVzdHJpYW4lMjB3YWxraW5nJTIwZ3JlZW4lMjBsaWdodHxlbnwwfHwwfHx8MA%3D%3D,Not Applicable,Driving Distraction,Pedestrian_Crossing_0,0000031,data/processed_images/traffic/Pedestrian_Crossing_0/0000031.jpg,0000031,
Traffic,https://images.unsplash.com/photo-1717199891158-66008d9c68b5?w=500&auto=format&fit=crop&q=60&ixlib=rb-4.1.0&ixid=M3wxMjA3fDB8MHxzZWFyY2h8NjZ8fHBlZGVzdHJpYW4lMjB3YWxraW5nJTIwZ3JlZW4lMjBsaWdodHxlbnwwfHwwfHx8MA%3D%3D,Complied,Pedestrian Crossing,Pedestrian_Crossing_0,0000031,data/processed_images/traffic/Pedestrian_Crossing_0/0000031.jpg,0000031,
Traffic,https://images.unsplash.com/photo-1717199891158-66008d9c68b5?w=500&auto=format&fit=crop&q=60&ixlib=rb-4.1.0&ixid=M3wxMjA3fDB8MHxzZWFyY2h8NjZ8fHBlZGVzdHJpYW4lMjB3YWxraW5nJTIwZ3JlZW4lMjBsaWdodHxlbnwwfHwwfHx8MA%3D%3D,Complied,Road Condition,Pedestrian_Crossing_0,0000031,data/processed_images/traffic/Pedestrian_Crossing_0/0000031.jpg,0000031,
Traffic,https://images.unsplash.com/photo-1717199891158-66008d9c68b5?w=500&auto=format&fit=crop&q=60&ixlib=rb-4.1.0&ixid=M3wxMjA3fDB8MHxzZWFyY2h8NjZ8fHBlZGVzdHJpYW4lMjB3YWxraW5nJTIwZ3JlZW4lMjBsaWdodHxlbnwwfHwwfHx8MA%3D%3D,Not Applicable,Traffic Rules,Pedestrian_Crossing_0,0000031,data/processed_images/traffic/Pedestrian_Crossing_0/0000031.jpg,0000031,
Traffic,https://images.unsplash.com/photo-1717199891158-66008d9c68b5?w=500&auto=format&fit=crop&q=60&ixlib=rb-4.1.0&ixid=M3wxMjA3fDB8MHxzZWFyY2h8NjZ8fHBlZGVzdHJpYW4lMjB3YWxraW5nJTIwZ3JlZW4lMjBsaWdodHxlbnwwfHwwfHx8MA%3D%3D,Not Applicable,Vehicle Load,Pedestrian_Crossing_0,0000031,data/processed_images/traffic/Pedestrian_Crossing_0/0000031.jpg,0000031,
Traffic,https://images.unsplash.com/photo-1610210734809-1beaf51099c5?w=500&auto=format&fit=crop&q=60&ixlib=rb-4.1.0&ixid=M3wxMjA3fDB8MHxzZWFyY2h8NzF8fHBlZGVzdHJpYW4lMjB3YWxraW5nJTIwZ3JlZW4lMjBsaWdodHxlbnwwfHwwfHx8MA%3D%3D,Not Applicable,Driving Distraction,Pedestrian_Crossing_0,0000032,data/processed_images/traffic/Pedestrian_Crossing_0/0000032.jpg,0000032,
Traffic,https://images.unsplash.com/photo-1610210734809-1beaf51099c5?w=500&auto=format&fit=crop&q=60&ixlib=rb-4.1.0&ixid=M3wxMjA3fDB8MHxzZWFyY2h8NzF8fHBlZGVzdHJpYW4lMjB3YWxraW5nJTIwZ3JlZW4lMjBsaWdodHxlbnwwfHwwfHx8MA%3D%3D,Complied,Pedestrian Crossing,Pedestrian_Crossing_0,0000032,data/processed_images/traffic/Pedestrian_Crossing_0/0000032.jpg,0000032,
Traffic,https://images.unsplash.com/photo-1610210734809-1beaf51099c5?w=500&auto=format&fit=crop&q=60&ixlib=rb-4.1.0&ixid=M3wxMjA3fDB8MHxzZWFyY2h8NzF8fHBlZGVzdHJpYW4lMjB3YWxraW5nJTIwZ3JlZW4lMjBsaWdodHxlbnwwfHwwfHx8MA%3D%3D,Not Applicable,Road Condition,Pedestrian_Crossing_0,0000032,data/processed_images/traffic/Pedestrian_Crossing_0/0000032.jpg,0000032,
Traffic,https://images.unsplash.com/photo-1610210734809-1beaf51099c5?w=500&auto=format&fit=crop&q=60&ixlib=rb-4.1.0&ixid=M3wxMjA3fDB8MHxzZWFyY2h8NzF8fHBlZGVzdHJpYW4lMjB3YWxraW5nJTIwZ3JlZW4lMjBsaWdodHxlbnwwfHwwfHx8MA%3D%3D,Not Applicable,Traffic Rules,Pedestrian_Crossing_0,0000032,data/processed_images/traffic/Pedestrian_Crossing_0/0000032.jpg,0000032,
Traffic,https://images.unsplash.com/photo-1610210734809-1beaf51099c5?w=500&auto=format&fit=crop&q=60&ixlib=rb-4.1.0&ixid=M3wxMjA3fDB8MHxzZWFyY2h8NzF8fHBlZGVzdHJpYW4lMjB3YWxraW5nJTIwZ3JlZW4lMjBsaWdodHxlbnwwfHwwfHx8MA%3D%3D,Not Applicable,Vehicle Load,Pedestrian_Crossing_0,0000032,data/processed_images/traffic/Pedestrian_Crossing_0/0000032.jpg,0000032,
Traffic,https://images.unsplash.com/photo-1668661825431-a5526806e086?w=500&auto=format&fit=crop&q=60&ixlib=rb-4.1.0&ixid=M3wxMjA3fDB8MHxzZWFyY2h8OTV8fHBlZGVzdHJpYW4lMjB3YWxraW5nJTIwZ3JlZW4lMjBsaWdodHxlbnwwfHwwfHx8MA%3D%3D,Not Applicable,Driving Distraction,Pedestrian_Crossing_0,0000033,data/processed_images/traffic/Pedestrian_Crossing_0/0000033.jpg,0000033,
Traffic,https://images.unsplash.com/photo-1668661825431-a5526806e086?w=500&auto=format&fit=crop&q=60&ixlib=rb-4.1.0&ixid=M3wxMjA3fDB8MHxzZWFyY2h8OTV8fHBlZGVzdHJpYW4lMjB3YWxraW5nJTIwZ3JlZW4lMjBsaWdodHxlbnwwfHwwfHx8MA%3D%3D,Complied,Pedestrian Crossing,Pedestrian_Crossing_0,0000033,data/processed_images/traffic/Pedestrian_Crossing_0/0000033.jpg,0000033,
Traffic,https://images.unsplash.com/photo-1668661825431-a5526806e086?w=500&auto=format&fit=crop&q=60&ixlib=rb-4.1.0&ixid=M3wxMjA3fDB8MHxzZWFyY2h8OTV8fHBlZGVzdHJpYW4lMjB3YWxraW5nJTIwZ3JlZW4lMjBsaWdodHxlbnwwfHwwfHx8MA%3D%3D,Complied,Road Condition,Pedestrian_Crossing_0,0000033,data/processed_images/traffic/Pedestrian_Crossing_0/0000033.jpg,0000033,
Traffic,https://images.unsplash.com/photo-1668661825431-a5526806e086?w=500&auto=format&fit=crop&q=60&ixlib=rb-4.1.0&ixid=M3wxMjA3fDB8MHxzZWFyY2h8OTV8fHBlZGVzdHJpYW4lMjB3YWxraW5nJTIwZ3JlZW4lMjBsaWdodHxlbnwwfHwwfHx8MA%3D%3D,Not Applicable,Traffic Rules,Pedestrian_Crossing_0,0000033,data/processed_images/traffic/Pedestrian_Crossing_0/0000033.jpg,0000033,
Traffic,https://images.unsplash.com/photo-1668661825431-a5526806e086?w=500&auto=format&fit=crop&q=60&ixlib=rb-4.1.0&ixid=M3wxMjA3fDB8MHxzZWFyY2h8OTV8fHBlZGVzdHJpYW4lMjB3YWxraW5nJTIwZ3JlZW4lMjBsaWdodHxlbnwwfHwwfHx8MA%3D%3D,Not Applicable,Vehicle Load,Pedestrian_Crossing_0,0000033,data/processed_images/traffic/Pedestrian_Crossing_0/0000033.jpg,0000033,
Traffic,https://images.unsplash.com/photo-1642071241624-4886abb7a3e1?w=500&auto=format&fit=crop&q=60&ixlib=rb-4.1.0&ixid=M3wxMjA3fDB8MHxzZWFyY2h8MTA4fHxwZWRlc3RyaWFuJTIwd2Fsa2luZyUyMGdyZWVuJTIwbGlnaHR8ZW58MHx8MHx8fDA%3D,Not Applicable,Driving Distraction,Pedestrian_Crossing_0,0000034,data/processed_images/traffic/Pedestrian_Crossing_0/0000034.jpg,0000034,
Traffic,https://images.unsplash.com/photo-1642071241624-4886abb7a3e1?w=500&auto=format&fit=crop&q=60&ixlib=rb-4.1.0&ixid=M3wxMjA3fDB8MHxzZWFyY2h8MTA4fHxwZWRlc3RyaWFuJTIwd2Fsa2luZyUyMGdyZWVuJTIwbGlnaHR8ZW58MHx8MHx8fDA%3D,Complied,Pedestrian Crossing,Pedestrian_Crossing_0,0000034,data/processed_images/traffic/Pedestrian_Crossing_0/0000034.jpg,0000034,
Traffic,https://images.unsplash.com/photo-1642071241624-4886abb7a3e1?w=500&auto=format&fit=crop&q=60&ixlib=rb-4.1.0&ixid=M3wxMjA3fDB8MHxzZWFyY2h8MTA4fHxwZWRlc3RyaWFuJTIwd2Fsa2luZyUyMGdyZWVuJTIwbGlnaHR8ZW58MHx8MHx8fDA%3D,Complied,Road Condition,Pedestrian_Crossing_0,0000034,data/processed_images/traffic/Pedestrian_Crossing_0/0000034.jpg,0000034,
Traffic,https://images.unsplash.com/photo-1642071241624-4886abb7a3e1?w=500&auto=format&fit=crop&q=60&ixlib=rb-4.1.0&ixid=M3wxMjA3fDB8MHxzZWFyY2h8MTA4fHxwZWRlc3RyaWFuJTIwd2Fsa2luZyUyMGdyZWVuJTIwbGlnaHR8ZW58MHx8MHx8fDA%3D,Not Applicable,Traffic Rules,Pedestrian_Crossing_0,0000034,data/processed_images/traffic/Pedestrian_Crossing_0/0000034.jpg,0000034,
Traffic,https://images.unsplash.com/photo-1642071241624-4886abb7a3e1?w=500&auto=format&fit=crop&q=60&ixlib=rb-4.1.0&ixid=M3wxMjA3fDB8MHxzZWFyY2h8MTA4fHxwZWRlc3RyaWFuJTIwd2Fsa2luZyUyMGdyZWVuJTIwbGlnaHR8ZW58MHx8MHx8fDA%3D,Not Applicable,Vehicle Load,Pedestrian_Crossing_0,0000034,data/processed_images/traffic/Pedestrian_Crossing_0/0000034.jpg,0000034,
Traffic,https://images.unsplash.com/photo-1623029861914-bd883be5969e?w=500&auto=format&fit=crop&q=60&ixlib=rb-4.1.0&ixid=M3wxMjA3fDB8MHxzZWFyY2h8MTIyfHxwZWRlc3RyaWFuJTIwd2Fsa2luZyUyMGdyZWVuJTIwbGlnaHR8ZW58MHx8MHx8fDA%3D,Not Applicable,Driving Distraction,Pedestrian_Crossing_0,0000035,data/processed_images/traffic/Pedestrian_Crossing_0/0000035.jpg,0000035,
Traffic,https://images.unsplash.com/photo-1623029861914-bd883be5969e?w=500&auto=format&fit=crop&q=60&ixlib=rb-4.1.0&ixid=M3wxMjA3fDB8MHxzZWFyY2h8MTIyfHxwZWRlc3RyaWFuJTIwd2Fsa2luZyUyMGdyZWVuJTIwbGlnaHR8ZW58MHx8MHx8fDA%3D,Complied,Pedestrian Crossing,Pedestrian_Crossing_0,0000035,data/processed_images/traffic/Pedestrian_Crossing_0/0000035.jpg,0000035,
Traffic,https://images.unsplash.com/photo-1623029861914-bd883be5969e?w=500&auto=format&fit=crop&q=60&ixlib=rb-4.1.0&ixid=M3wxMjA3fDB8MHxzZWFyY2h8MTIyfHxwZWRlc3RyaWFuJTIwd2Fsa2luZyUyMGdyZWVuJTIwbGlnaHR8ZW58MHx8MHx8fDA%3D,Not Applicable,Road Condition,Pedestrian_Crossing_0,0000035,data/processed_images/traffic/Pedestrian_Crossing_0/0000035.jpg,0000035,
Traffic,https://images.unsplash.com/photo-1623029861914-bd883be5969e?w=500&auto=format&fit=crop&q=60&ixlib=rb-4.1.0&ixid=M3wxMjA3fDB8MHxzZWFyY2h8MTIyfHxwZWRlc3RyaWFuJTIwd2Fsa2luZyUyMGdyZWVuJTIwbGlnaHR8ZW58MHx8MHx8fDA%3D,Not Applicable,Traffic Rules,Pedestrian_Crossing_0,0000035,data/processed_images/traffic/Pedestrian_Crossing_0/0000035.jpg,0000035,
Traffic,https://images.unsplash.com/photo-1623029861914-bd883be5969e?w=500&auto=format&fit=crop&q=60&ixlib=rb-4.1.0&ixid=M3wxMjA3fDB8MHxzZWFyY2h8MTIyfHxwZWRlc3RyaWFuJTIwd2Fsa2luZyUyMGdyZWVuJTIwbGlnaHR8ZW58MHx8MHx8fDA%3D,Not Applicable,Vehicle Load,Pedestrian_Crossing_0,0000035,data/processed_images/traffic/Pedestrian_Crossing_0/0000035.jpg,0000035,
Traffic,https://images.pexels.com/photos/31585198/pexels-photo-31585198.jpeg,Not Applicable,Driving Distraction,Pedestrian_Crossing_0,0000036,data/processed_images/traffic/Pedestrian_Crossing_0/0000036.jpeg,0000036,
Traffic,https://images.pexels.com/photos/31585198/pexels-photo-31585198.jpeg,Complied,Pedestrian Crossing,Pedestrian_Crossing_0,0000036,data/processed_images/traffic/Pedestrian_Crossing_0/0000036.jpeg,0000036,
Traffic,https://images.pexels.com/photos/31585198/pexels-photo-31585198.jpeg,Not Applicable,Road Condition,Pedestrian_Crossing_0,0000036,data/processed_images/traffic/Pedestrian_Crossing_0/0000036.jpeg,0000036,
Traffic,https://images.pexels.com/photos/31585198/pexels-photo-31585198.jpeg,Not Applicable,Traffic Rules,Pedestrian_Crossing_0,0000036,data/processed_images/traffic/Pedestrian_Crossing_0/0000036.jpeg,0000036,
Traffic,https://images.pexels.com/photos/31585198/pexels-photo-31585198.jpeg,Not Applicable,Vehicle Load,Pedestrian_Crossing_0,0000036,data/processed_images/traffic/Pedestrian_Crossing_0/0000036.jpeg,0000036,
Traffic,https://images.pexels.com/photos/8576222/pexels-photo-8576222.jpeg,Not Applicable,Driving Distraction,Pedestrian_Crossing_0,0000037,data/processed_images/traffic/Pedestrian_Crossing_0/0000037.jpeg,0000037,
Traffic,https://images.pexels.com/photos/8576222/pexels-photo-8576222.jpeg,Complied,Pedestrian Crossing,Pedestrian_Crossing_0,0000037,data/processed_images/traffic/Pedestrian_Crossing_0/0000037.jpeg,0000037,
Traffic,https://images.pexels.com/photos/8576222/pexels-photo-8576222.jpeg,Complied,Road Condition,Pedestrian_Crossing_0,0000037,data/processed_images/traffic/Pedestrian_Crossing_0/0000037.jpeg,0000037,
Traffic,https://images.pexels.com/photos/8576222/pexels-photo-8576222.jpeg,Not Applicable,Traffic Rules,Pedestrian_Crossing_0,0000037,data/processed_images/traffic/Pedestrian_Crossing_0/0000037.jpeg,0000037,
Traffic,https://images.pexels.com/photos/8576222/pexels-photo-8576222.jpeg,Not Applicable,Vehicle Load,Pedestrian_Crossing_0,0000037,data/processed_images/traffic/Pedestrian_Crossing_0/0000037.jpeg,0000037,
Traffic,https://media.istockphoto.com/id/478525372/photo/woman-crossing-the-street-at-pedestrian-crossing.jpg?s=612x612&w=0&k=20&c=eLWbO3l_mLfgUYDadVagNAKpeuJ_DuRFby3V8H3gqLQ=,Not Applicable,Driving Distraction,Pedestrian_Crossing_0,0000038,data/processed_images/traffic/Pedestrian_Crossing_0/0000018.jpg,0000018,Duplication
Traffic,https://media.istockphoto.com/id/478525372/photo/woman-crossing-the-street-at-pedestrian-crossing.jpg?s=612x612&w=0&k=20&c=eLWbO3l_mLfgUYDadVagNAKpeuJ_DuRFby3V8H3gqLQ=,Complied,Pedestrian Crossing,Pedestrian_Crossing_0,0000038,data/processed_images/traffic/Pedestrian_Crossing_0/0000018.jpg,0000018,Duplication
Traffic,https://media.istockphoto.com/id/478525372/photo/woman-crossing-the-street-at-pedestrian-crossing.jpg?s=612x612&w=0&k=20&c=eLWbO3l_mLfgUYDadVagNAKpeuJ_DuRFby3V8H3gqLQ=,Complied,Road Condition,Pedestrian_Crossing_0,0000038,data/processed_images/traffic/Pedestrian_Crossing_0/0000018.jpg,0000018,Duplication
Traffic,https://media.istockphoto.com/id/478525372/photo/woman-crossing-the-street-at-pedestrian-crossing.jpg?s=612x612&w=0&k=20&c=eLWbO3l_mLfgUYDadVagNAKpeuJ_DuRFby3V8H3gqLQ=,Complied,Traffic Rules,Pedestrian_Crossing_0,0000038,data/processed_images/traffic/Pedestrian_Crossing_0/0000018.jpg,0000018,Duplication
Traffic,https://media.istockphoto.com/id/478525372/photo/woman-crossing-the-street-at-pedestrian-crossing.jpg?s=612x612&w=0&k=20&c=eLWbO3l_mLfgUYDadVagNAKpeuJ_DuRFby3V8H3gqLQ=,Complied,Vehicle Load,Pedestrian_Crossing_0,0000038,data/processed_images/traffic/Pedestrian_Crossing_0/0000018.jpg,0000018,Duplication
Traffic,https://media.istockphoto.com/id/653967962/photo/schoolboy-crossing-a-road-on-his-morning-way-to-school.jpg?s=612x612&w=0&k=20&c=5OQ6Z1-YFLEARfGtnw_TH1R7kV9Xn9TihAStFEX3Bms=,Not Applicable,Driving Distraction,Pedestrian_Crossing_0,0000039,data/processed_images/traffic/Pedestrian_Crossing_0/0000039.jpg,0000039,
Traffic,https://media.istockphoto.com/id/653967962/photo/schoolboy-crossing-a-road-on-his-morning-way-to-school.jpg?s=612x612&w=0&k=20&c=5OQ6Z1-YFLEARfGtnw_TH1R7kV9Xn9TihAStFEX3Bms=,Complied,Pedestrian Crossing,Pedestrian_Crossing_0,0000039,data/processed_images/traffic/Pedestrian_Crossing_0/0000039.jpg,0000039,
Traffic,https://media.istockphoto.com/id/653967962/photo/schoolboy-crossing-a-road-on-his-morning-way-to-school.jpg?s=612x612&w=0&k=20&c=5OQ6Z1-YFLEARfGtnw_TH1R7kV9Xn9TihAStFEX3Bms=,Not Applicable,Road Condition,Pedestrian_Crossing_0,0000039,data/processed_images/traffic/Pedestrian_Crossing_0/0000039.jpg,0000039,
Traffic,https://media.istockphoto.com/id/653967962/photo/schoolboy-crossing-a-road-on-his-morning-way-to-school.jpg?s=612x612&w=0&k=20&c=5OQ6Z1-YFLEARfGtnw_TH1R7kV9Xn9TihAStFEX3Bms=,Not Applicable,Traffic Rules,Pedestrian_Crossing_0,0000039,data/processed_images/traffic/Pedestrian_Crossing_0/0000039.jpg,0000039,
Traffic,https://media.istockphoto.com/id/653967962/photo/schoolboy-crossing-a-road-on-his-morning-way-to-school.jpg?s=612x612&w=0&k=20&c=5OQ6Z1-YFLEARfGtnw_TH1R7kV9Xn9TihAStFEX3Bms=,Not Applicable,Vehicle Load,Pedestrian_Crossing_0,0000039,data/processed_images/traffic/Pedestrian_Crossing_0/0000039.jpg,0000039,
Traffic,https://media.istockphoto.com/id/1272681505/photo/school-girl-crossing-the-street.jpg?s=612x612&w=0&k=20&c=McPuVPjcC45e80P0VISfcCwUqmDSkhUAsv-21YOQiP0=,Not Applicable,Driving Distraction,Pedestrian_Crossing_0,0000040,data/processed_images/traffic/Pedestrian_Crossing_0/0000040.jpg,0000040,
Traffic,https://media.istockphoto.com/id/1272681505/photo/school-girl-crossing-the-street.jpg?s=612x612&w=0&k=20&c=McPuVPjcC45e80P0VISfcCwUqmDSkhUAsv-21YOQiP0=,Complied,Pedestrian Crossing,Pedestrian_Crossing_0,0000040,data/processed_images/traffic/Pedestrian_Crossing_0/0000040.jpg,0000040,
Traffic,https://media.istockphoto.com/id/1272681505/photo/school-girl-crossing-the-street.jpg?s=612x612&w=0&k=20&c=McPuVPjcC45e80P0VISfcCwUqmDSkhUAsv-21YOQiP0=,Not Applicable,Road Condition,Pedestrian_Crossing_0,0000040,data/processed_images/traffic/Pedestrian_Crossing_0/0000040.jpg,0000040,
Traffic,https://media.istockphoto.com/id/1272681505/photo/school-girl-crossing-the-street.jpg?s=612x612&w=0&k=20&c=McPuVPjcC45e80P0VISfcCwUqmDSkhUAsv-21YOQiP0=,Complied,Traffic Rules,Pedestrian_Crossing_0,0000040,data/processed_images/traffic/Pedestrian_Crossing_0/0000040.jpg,0000040,
Traffic,https://media.istockphoto.com/id/1272681505/photo/school-girl-crossing-the-street.jpg?s=612x612&w=0&k=20&c=McPuVPjcC45e80P0VISfcCwUqmDSkhUAsv-21YOQiP0=,Complied,Vehicle Load,Pedestrian_Crossing_0,0000040,data/processed_images/traffic/Pedestrian_Crossing_0/0000040.jpg,0000040,
Traffic,https://media.istockphoto.com/id/1482838658/photo/father-and-children-crossing-road-on-pedestrian-crosswalk.jpg?s=612x612&w=0&k=20&c=DgHIEw_HLqnrq6hl_dSdhHLIHhuZzHHEthwcDo7yMyc=,Not Applicable,Driving Distraction,Pedestrian_Crossing_0,0000041,data/processed_images/traffic/Pedestrian_Crossing_0/0000041.jpg,0000041,
Traffic,https://media.istockphoto.com/id/1482838658/photo/father-and-children-crossing-road-on-pedestrian-crosswalk.jpg?s=612x612&w=0&k=20&c=DgHIEw_HLqnrq6hl_dSdhHLIHhuZzHHEthwcDo7yMyc=,Complied,Pedestrian Crossing,Pedestrian_Crossing_0,0000041,data/processed_images/traffic/Pedestrian_Crossing_0/0000041.jpg,0000041,
Traffic,https://media.istockphoto.com/id/1482838658/photo/father-and-children-crossing-road-on-pedestrian-crosswalk.jpg?s=612x612&w=0&k=20&c=DgHIEw_HLqnrq6hl_dSdhHLIHhuZzHHEthwcDo7yMyc=,Not Applicable,Road Condition,Pedestrian_Crossing_0,0000041,data/processed_images/traffic/Pedestrian_Crossing_0/0000041.jpg,0000041,
Traffic,https://media.istockphoto.com/id/1482838658/photo/father-and-children-crossing-road-on-pedestrian-crosswalk.jpg?s=612x612&w=0&k=20&c=DgHIEw_HLqnrq6hl_dSdhHLIHhuZzHHEthwcDo7yMyc=,Not Applicable,Traffic Rules,Pedestrian_Crossing_0,0000041,data/processed_images/traffic/Pedestrian_Crossing_0/0000041.jpg,0000041,
Traffic,https://media.istockphoto.com/id/1482838658/photo/father-and-children-crossing-road-on-pedestrian-crosswalk.jpg?s=612x612&w=0&k=20&c=DgHIEw_HLqnrq6hl_dSdhHLIHhuZzHHEthwcDo7yMyc=,Not Applicable,Vehicle Load,Pedestrian_Crossing_0,0000041,data/processed_images/traffic/Pedestrian_Crossing_0/0000041.jpg,0000041,
Traffic,https://media.istockphoto.com/id/1265396637/photo/woman-man-and-child-cross-road-at-crosswalk.jpg?s=612x612&w=0&k=20&c=S6ED1VMafFotHBgiE_kU7eIyD57LoiLs8HmFWl5CQp4=,Not Applicable,Driving Distraction,Pedestrian_Crossing_0,0000042,data/processed_images/traffic/Pedestrian_Crossing_0/0000042.jpg,0000042,
Traffic,https://media.istockphoto.com/id/1265396637/photo/woman-man-and-child-cross-road-at-crosswalk.jpg?s=612x612&w=0&k=20&c=S6ED1VMafFotHBgiE_kU7eIyD57LoiLs8HmFWl5CQp4=,Complied,Pedestrian Crossing,Pedestrian_Crossing_0,0000042,data/processed_images/traffic/Pedestrian_Crossing_0/0000042.jpg,0000042,
Traffic,https://media.istockphoto.com/id/1265396637/photo/woman-man-and-child-cross-road-at-crosswalk.jpg?s=612x612&w=0&k=20&c=S6ED1VMafFotHBgiE_kU7eIyD57LoiLs8HmFWl5CQp4=,Not Applicable,Road Condition,Pedestrian_Crossing_0,0000042,data/processed_images/traffic/Pedestrian_Crossing_0/0000042.jpg,0000042,
Traffic,https://media.istockphoto.com/id/1265396637/photo/woman-man-and-child-cross-road-at-crosswalk.jpg?s=612x612&w=0&k=20&c=S6ED1VMafFotHBgiE_kU7eIyD57LoiLs8HmFWl5CQp4=,Not Applicable,Traffic Rules,Pedestrian_Crossing_0,0000042,data/processed_images/traffic/Pedestrian_Crossing_0/0000042.jpg,0000042,
Traffic,https://media.istockphoto.com/id/1265396637/photo/woman-man-and-child-cross-road-at-crosswalk.jpg?s=612x612&w=0&k=20&c=S6ED1VMafFotHBgiE_kU7eIyD57LoiLs8HmFWl5CQp4=,Not Applicable,Vehicle Load,Pedestrian_Crossing_0,0000042,data/processed_images/traffic/Pedestrian_Crossing_0/0000042.jpg,0000042,
Traffic,https://media.istockphoto.com/id/1264312873/photo/mother-and-child-on-crosswalk-street.jpg?s=612x612&w=0&k=20&c=6uJ16_En3JW6hV5B9mOyQLgoKw9IZ6HR82MIL4R2iRI=,Not Applicable,Driving Distraction,Pedestrian_Crossing_0,0000043,data/processed_images/traffic/Pedestrian_Crossing_0/0000043.jpg,0000043,
Traffic,https://media.istockphoto.com/id/1264312873/photo/mother-and-child-on-crosswalk-street.jpg?s=612x612&w=0&k=20&c=6uJ16_En3JW6hV5B9mOyQLgoKw9IZ6HR82MIL4R2iRI=,Complied,Pedestrian Crossing,Pedestrian_Crossing_0,0000043,data/processed_images/traffic/Pedestrian_Crossing_0/0000043.jpg,0000043,
Traffic,https://media.istockphoto.com/id/1264312873/photo/mother-and-child-on-crosswalk-street.jpg?s=612x612&w=0&k=20&c=6uJ16_En3JW6hV5B9mOyQLgoKw9IZ6HR82MIL4R2iRI=,Not Applicable,Road Condition,Pedestrian_Crossing_0,0000043,data/processed_images/traffic/Pedestrian_Crossing_0/0000043.jpg,0000043,
Traffic,https://media.istockphoto.com/id/1264312873/photo/mother-and-child-on-crosswalk-street.jpg?s=612x612&w=0&k=20&c=6uJ16_En3JW6hV5B9mOyQLgoKw9IZ6HR82MIL4R2iRI=,Not Applicable,Traffic Rules,Pedestrian_Crossing_0,0000043,data/processed_images/traffic/Pedestrian_Crossing_0/0000043.jpg,0000043,
Traffic,https://media.istockphoto.com/id/1264312873/photo/mother-and-child-on-crosswalk-street.jpg?s=612x612&w=0&k=20&c=6uJ16_En3JW6hV5B9mOyQLgoKw9IZ6HR82MIL4R2iRI=,Not Applicable,Vehicle Load,Pedestrian_Crossing_0,0000043,data/processed_images/traffic/Pedestrian_Crossing_0/0000043.jpg,0000043,
Traffic,https://media.istockphoto.com/id/2096267867/photo/a-father-and-son-crossing-a-crosswalk-while-holding-hands.jpg?s=612x612&w=0&k=20&c=rBgbuLnX-WOI7lsBK1Bup8pBmESpEgxIvyC7gbJJDkw=,Not Applicable,Driving Distraction,Pedestrian_Crossing_0,0000044,data/processed_images/traffic/Pedestrian_Crossing_0/0000044.jpg,0000044,
Traffic,https://media.istockphoto.com/id/2096267867/photo/a-father-and-son-crossing-a-crosswalk-while-holding-hands.jpg?s=612x612&w=0&k=20&c=rBgbuLnX-WOI7lsBK1Bup8pBmESpEgxIvyC7gbJJDkw=,Complied,Pedestrian Crossing,Pedestrian_Crossing_0,0000044,data/processed_images/traffic/Pedestrian_Crossing_0/0000044.jpg,0000044,
Traffic,https://media.istockphoto.com/id/2096267867/photo/a-father-and-son-crossing-a-crosswalk-while-holding-hands.jpg?s=612x612&w=0&k=20&c=rBgbuLnX-WOI7lsBK1Bup8pBmESpEgxIvyC7gbJJDkw=,Not Applicable,Road Condition,Pedestrian_Crossing_0,0000044,data/processed_images/traffic/Pedestrian_Crossing_0/0000044.jpg,0000044,
Traffic,https://media.istockphoto.com/id/2096267867/photo/a-father-and-son-crossing-a-crosswalk-while-holding-hands.jpg?s=612x612&w=0&k=20&c=rBgbuLnX-WOI7lsBK1Bup8pBmESpEgxIvyC7gbJJDkw=,Not Applicable,Traffic Rules,Pedestrian_Crossing_0,0000044,data/processed_images/traffic/Pedestrian_Crossing_0/0000044.jpg,0000044,
Traffic,https://media.istockphoto.com/id/2096267867/photo/a-father-and-son-crossing-a-crosswalk-while-holding-hands.jpg?s=612x612&w=0&k=20&c=rBgbuLnX-WOI7lsBK1Bup8pBmESpEgxIvyC7gbJJDkw=,Not Applicable,Vehicle Load,Pedestrian_Crossing_0,0000044,data/processed_images/traffic/Pedestrian_Crossing_0/0000044.jpg,0000044,
Traffic,https://media.istockphoto.com/id/1265455009/photo/woman-man-and-child-cross-road-at-crosswalk.jpg?s=612x612&w=0&k=20&c=TxCT_JD_IUu1JPsFpEH1pe23mxwJLPwF7OQZLQm_WNs=,Not Applicable,Driving Distraction,Pedestrian_Crossing_0,0000045,data/processed_images/traffic/Pedestrian_Crossing_0/0000045.jpg,0000045,
Traffic,https://media.istockphoto.com/id/1265455009/photo/woman-man-and-child-cross-road-at-crosswalk.jpg?s=612x612&w=0&k=20&c=TxCT_JD_IUu1JPsFpEH1pe23mxwJLPwF7OQZLQm_WNs=,Complied,Pedestrian Crossing,Pedestrian_Crossing_0,0000045,data/processed_images/traffic/Pedestrian_Crossing_0/0000045.jpg,0000045,
Traffic,https://media.istockphoto.com/id/1265455009/photo/woman-man-and-child-cross-road-at-crosswalk.jpg?s=612x612&w=0&k=20&c=TxCT_JD_IUu1JPsFpEH1pe23mxwJLPwF7OQZLQm_WNs=,Not Applicable,Road Condition,Pedestrian_Crossing_0,0000045,data/processed_images/traffic/Pedestrian_Crossing_0/0000045.jpg,0000045,
Traffic,https://media.istockphoto.com/id/1265455009/photo/woman-man-and-child-cross-road-at-crosswalk.jpg?s=612x612&w=0&k=20&c=TxCT_JD_IUu1JPsFpEH1pe23mxwJLPwF7OQZLQm_WNs=,Not Applicable,Traffic Rules,Pedestrian_Crossing_0,0000045,data/processed_images/traffic/Pedestrian_Crossing_0/0000045.jpg,0000045,
Traffic,https://media.istockphoto.com/id/1265455009/photo/woman-man-and-child-cross-road-at-crosswalk.jpg?s=612x612&w=0&k=20&c=TxCT_JD_IUu1JPsFpEH1pe23mxwJLPwF7OQZLQm_WNs=,Not Applicable,Vehicle Load,Pedestrian_Crossing_0,0000045,data/processed_images/traffic/Pedestrian_Crossing_0/0000045.jpg,0000045,
Traffic,https://media.istockphoto.com/id/1413416031/photo/teenage-schoolchildren-a-boy-and-a-girl-cross-the-road-at-a-pedestrian-crossing.jpg?s=612x612&w=0&k=20&c=ebA0Ov20ZXTXYc5BbYuW9RGwJaDnmWEdnNF2lQbFlWc=,Not Applicable,Driving Distraction,Pedestrian_Crossing_0,0000046,data/processed_images/traffic/Pedestrian_Crossing_0/0000046.jpg,0000046,
Traffic,https://media.istockphoto.com/id/1413416031/photo/teenage-schoolchildren-a-boy-and-a-girl-cross-the-road-at-a-pedestrian-crossing.jpg?s=612x612&w=0&k=20&c=ebA0Ov20ZXTXYc5BbYuW9RGwJaDnmWEdnNF2lQbFlWc=,Complied,Pedestrian Crossing,Pedestrian_Crossing_0,0000046,data/processed_images/traffic/Pedestrian_Crossing_0/0000046.jpg,0000046,
Traffic,https://media.istockphoto.com/id/1413416031/photo/teenage-schoolchildren-a-boy-and-a-girl-cross-the-road-at-a-pedestrian-crossing.jpg?s=612x612&w=0&k=20&c=ebA0Ov20ZXTXYc5BbYuW9RGwJaDnmWEdnNF2lQbFlWc=,Complied,Road Condition,Pedestrian_Crossing_0,0000046,data/processed_images/traffic/Pedestrian_Crossing_0/0000046.jpg,0000046,
Traffic,https://media.istockphoto.com/id/1413416031/photo/teenage-schoolchildren-a-boy-and-a-girl-cross-the-road-at-a-pedestrian-crossing.jpg?s=612x612&w=0&k=20&c=ebA0Ov20ZXTXYc5BbYuW9RGwJaDnmWEdnNF2lQbFlWc=,Not Applicable,Traffic Rules,Pedestrian_Crossing_0,0000046,data/processed_images/traffic/Pedestrian_Crossing_0/0000046.jpg,0000046,
Traffic,https://media.istockphoto.com/id/1413416031/photo/teenage-schoolchildren-a-boy-and-a-girl-cross-the-road-at-a-pedestrian-crossing.jpg?s=612x612&w=0&k=20&c=ebA0Ov20ZXTXYc5BbYuW9RGwJaDnmWEdnNF2lQbFlWc=,Not Applicable,Vehicle Load,Pedestrian_Crossing_0,0000046,data/processed_images/traffic/Pedestrian_Crossing_0/0000046.jpg,0000046,
Traffic,https://media.istockphoto.com/id/1553389979/photo/young-women-cross-the-road-at-pedestrian-crossing-in-modern-european-city.jpg?s=612x612&w=0&k=20&c=ibdkOIekYFW-bB1abkTC6x1jUuK-TnPeQboi5-D5o9w=,Not Applicable,Driving Distraction,Pedestrian_Crossing_0,0000047,data/processed_images/traffic/Pedestrian_Crossing_0/0000047.jpg,0000047,
Traffic,https://media.istockphoto.com/id/1553389979/photo/young-women-cross-the-road-at-pedestrian-crossing-in-modern-european-city.jpg?s=612x612&w=0&k=20&c=ibdkOIekYFW-bB1abkTC6x1jUuK-TnPeQboi5-D5o9w=,Complied,Pedestrian Crossing,Pedestrian_Crossing_0,0000047,data/processed_images/traffic/Pedestrian_Crossing_0/0000047.jpg,0000047,
Traffic,https://media.istockphoto.com/id/1553389979/photo/young-women-cross-the-road-at-pedestrian-crossing-in-modern-european-city.jpg?s=612x612&w=0&k=20&c=ibdkOIekYFW-bB1abkTC6x1jUuK-TnPeQboi5-D5o9w=,Not Applicable,Road Condition,Pedestrian_Crossing_0,0000047,data/processed_images/traffic/Pedestrian_Crossing_0/0000047.jpg,0000047,
Traffic,https://media.istockphoto.com/id/1553389979/photo/young-women-cross-the-road-at-pedestrian-crossing-in-modern-european-city.jpg?s=612x612&w=0&k=20&c=ibdkOIekYFW-bB1abkTC6x1jUuK-TnPeQboi5-D5o9w=,Not Applicable,Traffic Rules,Pedestrian_Crossing_0,0000047,data/processed_images/traffic/Pedestrian_Crossing_0/0000047.jpg,0000047,
Traffic,https://media.istockphoto.com/id/1553389979/photo/young-women-cross-the-road-at-pedestrian-crossing-in-modern-european-city.jpg?s=612x612&w=0&k=20&c=ibdkOIekYFW-bB1abkTC6x1jUuK-TnPeQboi5-D5o9w=,Not Applicable,Vehicle Load,Pedestrian_Crossing_0,0000047,data/processed_images/traffic/Pedestrian_Crossing_0/0000047.jpg,0000047,
Traffic,https://media.istockphoto.com/id/1165101627/photo/group-of-children-crossing-road-on-zebra-crossing.jpg?s=612x612&w=0&k=20&c=lJqdR1cBzAXlx-LJ2Q4-K6XkBbsBUxOaHUudfbFXyvE=,Not Applicable,Driving Distraction,Pedestrian_Crossing_0,0000048,data/processed_images/traffic/Pedestrian_Crossing_0/0000048.jpg,0000048,
Traffic,https://media.istockphoto.com/id/1165101627/photo/group-of-children-crossing-road-on-zebra-crossing.jpg?s=612x612&w=0&k=20&c=lJqdR1cBzAXlx-LJ2Q4-K6XkBbsBUxOaHUudfbFXyvE=,Complied,Pedestrian Crossing,Pedestrian_Crossing_0,0000048,data/processed_images/traffic/Pedestrian_Crossing_0/0000048.jpg,0000048,
Traffic,https://media.istockphoto.com/id/1165101627/photo/group-of-children-crossing-road-on-zebra-crossing.jpg?s=612x612&w=0&k=20&c=lJqdR1cBzAXlx-LJ2Q4-K6XkBbsBUxOaHUudfbFXyvE=,Complied,Road Condition,Pedestrian_Crossing_0,0000048,data/processed_images/traffic/Pedestrian_Crossing_0/0000048.jpg,0000048,
Traffic,https://media.istockphoto.com/id/1165101627/photo/group-of-children-crossing-road-on-zebra-crossing.jpg?s=612x612&w=0&k=20&c=lJqdR1cBzAXlx-LJ2Q4-K6XkBbsBUxOaHUudfbFXyvE=,Not Applicable,Traffic Rules,Pedestrian_Crossing_0,0000048,data/processed_images/traffic/Pedestrian_Crossing_0/0000048.jpg,0000048,
Traffic,https://media.istockphoto.com/id/1165101627/photo/group-of-children-crossing-road-on-zebra-crossing.jpg?s=612x612&w=0&k=20&c=lJqdR1cBzAXlx-LJ2Q4-K6XkBbsBUxOaHUudfbFXyvE=,Not Applicable,Vehicle Load,Pedestrian_Crossing_0,0000048,data/processed_images/traffic/Pedestrian_Crossing_0/0000048.jpg,0000048,
Traffic,https://images.unsplash.com/photo-1727703551558-fac2cc06bf67?w=500&auto=format&fit=crop&q=60&ixlib=rb-4.1.0&ixid=M3wxMjA3fDB8MHxwaG90by1yZWxhdGVkfDd8fHxlbnwwfHx8fHw%3D,Not Applicable,Driving Distraction,Pedestrian_Crossing_0,0000049,data/processed_images/traffic/Pedestrian_Crossing_0/0000049.jpg,0000049,
Traffic,https://images.unsplash.com/photo-1727703551558-fac2cc06bf67?w=500&auto=format&fit=crop&q=60&ixlib=rb-4.1.0&ixid=M3wxMjA3fDB8MHxwaG90by1yZWxhdGVkfDd8fHxlbnwwfHx8fHw%3D,Complied,Pedestrian Crossing,Pedestrian_Crossing_0,0000049,data/processed_images/traffic/Pedestrian_Crossing_0/0000049.jpg,0000049,
Traffic,https://images.unsplash.com/photo-1727703551558-fac2cc06bf67?w=500&auto=format&fit=crop&q=60&ixlib=rb-4.1.0&ixid=M3wxMjA3fDB8MHxwaG90by1yZWxhdGVkfDd8fHxlbnwwfHx8fHw%3D,Complied,Road Condition,Pedestrian_Crossing_0,0000049,data/processed_images/traffic/Pedestrian_Crossing_0/0000049.jpg,0000049,
Traffic,https://images.unsplash.com/photo-1727703551558-fac2cc06bf67?w=500&auto=format&fit=crop&q=60&ixlib=rb-4.1.0&ixid=M3wxMjA3fDB8MHxwaG90by1yZWxhdGVkfDd8fHxlbnwwfHx8fHw%3D,Not Applicable,Traffic Rules,Pedestrian_Crossing_0,0000049,data/processed_images/traffic/Pedestrian_Crossing_0/0000049.jpg,0000049,
Traffic,https://images.unsplash.com/photo-1727703551558-fac2cc06bf67?w=500&auto=format&fit=crop&q=60&ixlib=rb-4.1.0&ixid=M3wxMjA3fDB8MHxwaG90by1yZWxhdGVkfDd8fHxlbnwwfHx8fHw%3D,Not Applicable,Vehicle Load,Pedestrian_Crossing_0,0000049,data/processed_images/traffic/Pedestrian_Crossing_0/0000049.jpg,0000049,
Traffic,https://images.unsplash.com/photo-1530261316168-757e4c267137?w=500&auto=format&fit=crop&q=60&ixlib=rb-4.1.0&ixid=M3wxMjA3fDB8MHxwaG90by1yZWxhdGVkfDE1fHx8ZW58MHx8fHx8,Not Applicable,Driving Distraction,Pedestrian_Crossing_0,0000050,data/processed_images/traffic/Pedestrian_Crossing_0/0000050.jpg,0000050,
Traffic,https://images.unsplash.com/photo-1530261316168-757e4c267137?w=500&auto=format&fit=crop&q=60&ixlib=rb-4.1.0&ixid=M3wxMjA3fDB8MHxwaG90by1yZWxhdGVkfDE1fHx8ZW58MHx8fHx8,Complied,Pedestrian Crossing,Pedestrian_Crossing_0,0000050,data/processed_images/traffic/Pedestrian_Crossing_0/0000050.jpg,0000050,
Traffic,https://images.unsplash.com/photo-1530261316168-757e4c267137?w=500&auto=format&fit=crop&q=60&ixlib=rb-4.1.0&ixid=M3wxMjA3fDB8MHxwaG90by1yZWxhdGVkfDE1fHx8ZW58MHx8fHx8,Complied,Road Condition,Pedestrian_Crossing_0,0000050,data/processed_images/traffic/Pedestrian_Crossing_0/0000050.jpg,0000050,
Traffic,https://images.unsplash.com/photo-1530261316168-757e4c267137?w=500&auto=format&fit=crop&q=60&ixlib=rb-4.1.0&ixid=M3wxMjA3fDB8MHxwaG90by1yZWxhdGVkfDE1fHx8ZW58MHx8fHx8,Complied,Traffic Rules,Pedestrian_Crossing_0,0000050,data/processed_images/traffic/Pedestrian_Crossing_0/0000050.jpg,0000050,
Traffic,https://images.unsplash.com/photo-1530261316168-757e4c267137?w=500&auto=format&fit=crop&q=60&ixlib=rb-4.1.0&ixid=M3wxMjA3fDB8MHxwaG90by1yZWxhdGVkfDE1fHx8ZW58MHx8fHx8,Complied,Vehicle Load,Pedestrian_Crossing_0,0000050,data/processed_images/traffic/Pedestrian_Crossing_0/0000050.jpg,0000050,
Traffic,https://media.istockphoto.com/id/949120374/photo/young-women-in-budapest-crossing-the-street-at-the-pedestrian-walkway.jpg?s=612x612&w=0&k=20&c=Eqv_zuhb2eaTgperi0vhOJzYCKDTHijdO3gbLvzR70Q=,Not Applicable,Driving Distraction,Pedestrian_Crossing_0,0000051,data/processed_images/traffic/Pedestrian_Crossing_0/0000051.jpg,0000051,
Traffic,https://media.istockphoto.com/id/949120374/photo/young-women-in-budapest-crossing-the-street-at-the-pedestrian-walkway.jpg?s=612x612&w=0&k=20&c=Eqv_zuhb2eaTgperi0vhOJzYCKDTHijdO3gbLvzR70Q=,Complied,Pedestrian Crossing,Pedestrian_Crossing_0,0000051,data/processed_images/traffic/Pedestrian_Crossing_0/0000051.jpg,0000051,
Traffic,https://media.istockphoto.com/id/949120374/photo/young-women-in-budapest-crossing-the-street-at-the-pedestrian-walkway.jpg?s=612x612&w=0&k=20&c=Eqv_zuhb2eaTgperi0vhOJzYCKDTHijdO3gbLvzR70Q=,Not Applicable,Road Condition,Pedestrian_Crossing_0,0000051,data/processed_images/traffic/Pedestrian_Crossing_0/0000051.jpg,0000051,
Traffic,https://media.istockphoto.com/id/949120374/photo/young-women-in-budapest-crossing-the-street-at-the-pedestrian-walkway.jpg?s=612x612&w=0&k=20&c=Eqv_zuhb2eaTgperi0vhOJzYCKDTHijdO3gbLvzR70Q=,Not Applicable,Traffic Rules,Pedestrian_Crossing_0,0000051,data/processed_images/traffic/Pedestrian_Crossing_0/0000051.jpg,0000051,
Traffic,https://media.istockphoto.com/id/949120374/photo/young-women-in-budapest-crossing-the-street-at-the-pedestrian-walkway.jpg?s=612x612&w=0&k=20&c=Eqv_zuhb2eaTgperi0vhOJzYCKDTHijdO3gbLvzR70Q=,Not Applicable,Vehicle Load,Pedestrian_Crossing_0,0000051,data/processed_images/traffic/Pedestrian_Crossing_0/0000051.jpg,0000051,
Traffic,https://cassisilawfirm.com/wp-content/uploads/2023/06/Pedestrian_Accident.jpg,Not Applicable,Driving Distraction,Pedestrian_Crossing_1,0000001,data/processed_images/traffic/Pedestrian_Crossing_1/0000001.jpg,0000001,
Traffic,https://cassisilawfirm.com/wp-content/uploads/2023/06/Pedestrian_Accident.jpg,Violated,Pedestrian Crossing,Pedestrian_Crossing_1,0000001,data/processed_images/traffic/Pedestrian_Crossing_1/0000001.jpg,0000001,
Traffic,https://cassisilawfirm.com/wp-content/uploads/2023/06/Pedestrian_Accident.jpg,Not Applicable,Road Condition,Pedestrian_Crossing_1,0000001,data/processed_images/traffic/Pedestrian_Crossing_1/0000001.jpg,0000001,
Traffic,https://cassisilawfirm.com/wp-content/uploads/2023/06/Pedestrian_Accident.jpg,Complied,Traffic Rules,Pedestrian_Crossing_1,0000001,data/processed_images/traffic/Pedestrian_Crossing_1/0000001.jpg,0000001,
Traffic,https://cassisilawfirm.com/wp-content/uploads/2023/06/Pedestrian_Accident.jpg,Not Applicable,Vehicle Load,Pedestrian_Crossing_1,0000001,data/processed_images/traffic/Pedestrian_Crossing_1/0000001.jpg,0000001,
Traffic,https://h7.alamy.com/comp/2S2270W/people-cross-the-road-on-a-red-traffic-light-pedestrian-violation-of-traffic-rules-urban-street-cape-town-south-africa-31-oct-2023-2S2270W.jpg,Not Applicable,Driving Distraction,Pedestrian_Crossing_1,0000002,data/processed_images/traffic/Pedestrian_Crossing_1/0000002.jpg,0000002,
Traffic,https://h7.alamy.com/comp/2S2270W/people-cross-the-road-on-a-red-traffic-light-pedestrian-violation-of-traffic-rules-urban-street-cape-town-south-africa-31-oct-2023-2S2270W.jpg,Violated,Pedestrian Crossing,Pedestrian_Crossing_1,0000002,data/processed_images/traffic/Pedestrian_Crossing_1/0000002.jpg,0000002,
Traffic,https://h7.alamy.com/comp/2S2270W/people-cross-the-road-on-a-red-traffic-light-pedestrian-violation-of-traffic-rules-urban-street-cape-town-south-africa-31-oct-2023-2S2270W.jpg,Complied,Road Condition,Pedestrian_Crossing_1,0000002,data/processed_images/traffic/Pedestrian_Crossing_1/0000002.jpg,0000002,
Traffic,https://h7.alamy.com/comp/2S2270W/people-cross-the-road-on-a-red-traffic-light-pedestrian-violation-of-traffic-rules-urban-street-cape-town-south-africa-31-oct-2023-2S2270W.jpg,Complied,Traffic Rules,Pedestrian_Crossing_1,0000002,data/processed_images/traffic/Pedestrian_Crossing_1/0000002.jpg,0000002,
Traffic,https://h7.alamy.com/comp/2S2270W/people-cross-the-road-on-a-red-traffic-light-pedestrian-violation-of-traffic-rules-urban-street-cape-town-south-africa-31-oct-2023-2S2270W.jpg,Complied,Vehicle Load,Pedestrian_Crossing_1,0000002,data/processed_images/traffic/Pedestrian_Crossing_1/0000002.jpg,0000002,
Traffic,https://www.delawareonline.com/gcdn/-mm-/85a62fc3530cf4ccf908caee8230a64765dd017b/c=879-723-3655-2292/local/-/media/2015/10/06/Wilmington/Wilmington/635797433497029497-100615-Pedestrians-SP102.JPG,Not Applicable,Driving Distraction,Pedestrian_Crossing_1,0000003,data/processed_images/traffic/Pedestrian_Crossing_1/0000003.jpg,0000003,
Traffic,https://www.delawareonline.com/gcdn/-mm-/85a62fc3530cf4ccf908caee8230a64765dd017b/c=879-723-3655-2292/local/-/media/2015/10/06/Wilmington/Wilmington/635797433497029497-100615-Pedestrians-SP102.JPG,Violated,Pedestrian Crossing,Pedestrian_Crossing_1,0000003,data/processed_images/traffic/Pedestrian_Crossing_1/0000003.jpg,0000003,
Traffic,https://www.delawareonline.com/gcdn/-mm-/85a62fc3530cf4ccf908caee8230a64765dd017b/c=879-723-3655-2292/local/-/media/2015/10/06/Wilmington/Wilmington/635797433497029497-100615-Pedestrians-SP102.JPG,Complied,Road Condition,Pedestrian_Crossing_1,0000003,data/processed_images/traffic/Pedestrian_Crossing_1/0000003.jpg,0000003,
Traffic,https://www.delawareonline.com/gcdn/-mm-/85a62fc3530cf4ccf908caee8230a64765dd017b/c=879-723-3655-2292/local/-/media/2015/10/06/Wilmington/Wilmington/635797433497029497-100615-Pedestrians-SP102.JPG,Complied,Traffic Rules,Pedestrian_Crossing_1,0000003,data/processed_images/traffic/Pedestrian_Crossing_1/0000003.jpg,0000003,
Traffic,https://www.delawareonline.com/gcdn/-mm-/85a62fc3530cf4ccf908caee8230a64765dd017b/c=879-723-3655-2292/local/-/media/2015/10/06/Wilmington/Wilmington/635797433497029497-100615-Pedestrians-SP102.JPG,Complied,Vehicle Load,Pedestrian_Crossing_1,0000003,data/processed_images/traffic/Pedestrian_Crossing_1/0000003.jpg,0000003,
Traffic,https://www.indystar.com/gcdn/presto/2020/07/05/PIND/05e92eb7-5288-4a67-90eb-e1042ab5091a-02_hoodmarch_RS.JPG,Not Applicable,Driving Distraction,Pedestrian_Crossing_1,0000004,data/processed_images/traffic/Pedestrian_Crossing_1/0000004.jpg,0000004,
Traffic,https://www.indystar.com/gcdn/presto/2020/07/05/PIND/05e92eb7-5288-4a67-90eb-e1042ab5091a-02_hoodmarch_RS.JPG,Violated,Pedestrian Crossing,Pedestrian_Crossing_1,0000004,data/processed_images/traffic/Pedestrian_Crossing_1/0000004.jpg,0000004,
Traffic,https://www.indystar.com/gcdn/presto/2020/07/05/PIND/05e92eb7-5288-4a67-90eb-e1042ab5091a-02_hoodmarch_RS.JPG,Complied,Road Condition,Pedestrian_Crossing_1,0000004,data/processed_images/traffic/Pedestrian_Crossing_1/0000004.jpg,0000004,
Traffic,https://www.indystar.com/gcdn/presto/2020/07/05/PIND/05e92eb7-5288-4a67-90eb-e1042ab5091a-02_hoodmarch_RS.JPG,Not Applicable,Traffic Rules,Pedestrian_Crossing_1,0000004,data/processed_images/traffic/Pedestrian_Crossing_1/0000004.jpg,0000004,
Traffic,https://www.indystar.com/gcdn/presto/2020/07/05/PIND/05e92eb7-5288-4a67-90eb-e1042ab5091a-02_hoodmarch_RS.JPG,Complied,Vehicle Load,Pedestrian_Crossing_1,0000004,data/processed_images/traffic/Pedestrian_Crossing_1/0000004.jpg,0000004,
Traffic,https://lede-admin.usa.streetsblog.org/wp-content/uploads/sites/46/2021/05/Pedestrian-Arterial.jpg,Not Applicable,Driving Distraction,Pedestrian_Crossing_1,0000005,data/processed_images/traffic/Pedestrian_Crossing_1/0000005.jpg,0000005,
Traffic,https://lede-admin.usa.streetsblog.org/wp-content/uploads/sites/46/2021/05/Pedestrian-Arterial.jpg,Violated,Pedestrian Crossing,Pedestrian_Crossing_1,0000005,data/processed_images/traffic/Pedestrian_Crossing_1/0000005.jpg,0000005,
Traffic,https://lede-admin.usa.streetsblog.org/wp-content/uploads/sites/46/2021/05/Pedestrian-Arterial.jpg,Complied,Road Condition,Pedestrian_Crossing_1,0000005,data/processed_images/traffic/Pedestrian_Crossing_1/0000005.jpg,0000005,
Traffic,https://lede-admin.usa.streetsblog.org/wp-content/uploads/sites/46/2021/05/Pedestrian-Arterial.jpg,Violated,Traffic Rules,Pedestrian_Crossing_1,0000005,data/processed_images/traffic/Pedestrian_Crossing_1/0000005.jpg,0000005,
Traffic,https://lede-admin.usa.streetsblog.org/wp-content/uploads/sites/46/2021/05/Pedestrian-Arterial.jpg,Complied,Vehicle Load,Pedestrian_Crossing_1,0000005,data/processed_images/traffic/Pedestrian_Crossing_1/0000005.jpg,0000005,
Traffic,https://live.staticflickr.com/7157/6494132543_3bbc295cfc_b.jpg,Not Applicable,Driving Distraction,Pedestrian_Crossing_1,0000006,data/processed_images/traffic/Pedestrian_Crossing_1/0000006.jpg,0000006,
Traffic,https://live.staticflickr.com/7157/6494132543_3bbc295cfc_b.jpg,Violated,Pedestrian Crossing,Pedestrian_Crossing_1,0000006,data/processed_images/traffic/Pedestrian_Crossing_1/0000006.jpg,0000006,
Traffic,https://live.staticflickr.com/7157/6494132543_3bbc295cfc_b.jpg,Complied,Road Condition,Pedestrian_Crossing_1,0000006,data/processed_images/traffic/Pedestrian_Crossing_1/0000006.jpg,0000006,
Traffic,https://live.staticflickr.com/7157/6494132543_3bbc295cfc_b.jpg,Complied,Traffic Rules,Pedestrian_Crossing_1,0000006,data/processed_images/traffic/Pedestrian_Crossing_1/0000006.jpg,0000006,
Traffic,https://live.staticflickr.com/7157/6494132543_3bbc295cfc_b.jpg,Complied,Vehicle Load,Pedestrian_Crossing_1,0000006,data/processed_images/traffic/Pedestrian_Crossing_1/0000006.jpg,0000006,
Traffic,https://www.marietta-chiropractor.com/wp-content/uploads/sites/11/2022/09/Distracted-Walking.jpg,Not Applicable,Driving Distraction,Pedestrian_Crossing_1,0000007,data/processed_images/traffic/Pedestrian_Crossing_1/0000007.jpg,0000007,
Traffic,https://www.marietta-chiropractor.com/wp-content/uploads/sites/11/2022/09/Distracted-Walking.jpg,Violated,Pedestrian Crossing,Pedestrian_Crossing_1,0000007,data/processed_images/traffic/Pedestrian_Crossing_1/0000007.jpg,0000007,
Traffic,https://www.marietta-chiropractor.com/wp-content/uploads/sites/11/2022/09/Distracted-Walking.jpg,Not Applicable,Road Condition,Pedestrian_Crossing_1,0000007,data/processed_images/traffic/Pedestrian_Crossing_1/0000007.jpg,0000007,
Traffic,https://www.marietta-chiropractor.com/wp-content/uploads/sites/11/2022/09/Distracted-Walking.jpg,Not Applicable,Traffic Rules,Pedestrian_Crossing_1,0000007,data/processed_images/traffic/Pedestrian_Crossing_1/0000007.jpg,0000007,
Traffic,https://www.marietta-chiropractor.com/wp-content/uploads/sites/11/2022/09/Distracted-Walking.jpg,Not Applicable,Vehicle Load,Pedestrian_Crossing_1,0000007,data/processed_images/traffic/Pedestrian_Crossing_1/0000007.jpg,0000007,
Traffic,https://h7.alamy.com/comp/R7AAEA/jerusalem-israel-18052018-a-religious-jew-crosses-the-road-on-a-tramway-track-violation-of-traffic-rules-accident-R7AAEA.jpg,Not Applicable,Driving Distraction,Pedestrian_Crossing_1,0000008,data/processed_images/traffic/Pedestrian_Crossing_1/0000008.jpg,0000008,
Traffic,https://h7.alamy.com/comp/R7AAEA/jerusalem-israel-18052018-a-religious-jew-crosses-the-road-on-a-tramway-track-violation-of-traffic-rules-accident-R7AAEA.jpg,Violated,Pedestrian Crossing,Pedestrian_Crossing_1,0000008,data/processed_images/traffic/Pedestrian_Crossing_1/0000008.jpg,0000008,
Traffic,https://h7.alamy.com/comp/R7AAEA/jerusalem-israel-18052018-a-religious-jew-crosses-the-road-on-a-tramway-track-violation-of-traffic-rules-accident-R7AAEA.jpg,Not Applicable,Road Condition,Pedestrian_Crossing_1,0000008,data/processed_images/traffic/Pedestrian_Crossing_1/0000008.jpg,0000008,
Traffic,https://h7.alamy.com/comp/R7AAEA/jerusalem-israel-18052018-a-religious-jew-crosses-the-road-on-a-tramway-track-violation-of-traffic-rules-accident-R7AAEA.jpg,Violated,Traffic Rules,Pedestrian_Crossing_1,0000008,data/processed_images/traffic/Pedestrian_Crossing_1/0000008.jpg,0000008,
Traffic,https://h7.alamy.com/comp/R7AAEA/jerusalem-israel-18052018-a-religious-jew-crosses-the-road-on-a-tramway-track-violation-of-traffic-rules-accident-R7AAEA.jpg,Not Applicable,Vehicle Load,Pedestrian_Crossing_1,0000008,data/processed_images/traffic/Pedestrian_Crossing_1/0000008.jpg,0000008,
Traffic,https://th-i.thgim.com/public/incoming/paq75q/article65863100.ece/alternates/LANDSCAPE_1200/vjkvg-ped%201.jpg,Not Applicable,Driving Distraction,Pedestrian_Crossing_1,0000009,data/processed_images/traffic/Pedestrian_Crossing_1/0000009.jpg,0000009,
Traffic,https://th-i.thgim.com/public/incoming/paq75q/article65863100.ece/alternates/LANDSCAPE_1200/vjkvg-ped%201.jpg,Violated,Pedestrian Crossing,Pedestrian_Crossing_1,0000009,data/processed_images/traffic/Pedestrian_Crossing_1/0000009.jpg,0000009,
Traffic,https://th-i.thgim.com/public/incoming/paq75q/article65863100.ece/alternates/LANDSCAPE_1200/vjkvg-ped%201.jpg,Complied,Road Condition,Pedestrian_Crossing_1,0000009,data/processed_images/traffic/Pedestrian_Crossing_1/0000009.jpg,0000009,
Traffic,https://th-i.thgim.com/public/incoming/paq75q/article65863100.ece/alternates/LANDSCAPE_1200/vjkvg-ped%201.jpg,Not Applicable,Traffic Rules,Pedestrian_Crossing_1,0000009,data/processed_images/traffic/Pedestrian_Crossing_1/0000009.jpg,0000009,
Traffic,https://th-i.thgim.com/public/incoming/paq75q/article65863100.ece/alternates/LANDSCAPE_1200/vjkvg-ped%201.jpg,Not Applicable,Vehicle Load,Pedestrian_Crossing_1,0000009,data/processed_images/traffic/Pedestrian_Crossing_1/0000009.jpg,0000009,
Traffic,https://toolkit.irap.org/wp-content/uploads/2022/02/Pedestrians-cross-a-busy-multilane-road-underneath-a-pedestrian-bridge-in-China.-Credit-iRAP-2-scaled.jpg,Not Applicable,Driving Distraction,Pedestrian_Crossing_1,0000010,data/processed_images/traffic/Pedestrian_Crossing_1/0000010.jpg,0000010,
Traffic,https://toolkit.irap.org/wp-content/uploads/2022/02/Pedestrians-cross-a-busy-multilane-road-underneath-a-pedestrian-bridge-in-China.-Credit-iRAP-2-scaled.jpg,Violated,Pedestrian Crossing,Pedestrian_Crossing_1,0000010,data/processed_images/traffic/Pedestrian_Crossing_1/0000010.jpg,0000010,
Traffic,https://toolkit.irap.org/wp-content/uploads/2022/02/Pedestrians-cross-a-busy-multilane-road-underneath-a-pedestrian-bridge-in-China.-Credit-iRAP-2-scaled.jpg,Complied,Road Condition,Pedestrian_Crossing_1,0000010,data/processed_images/traffic/Pedestrian_Crossing_1/0000010.jpg,0000010,
Traffic,https://toolkit.irap.org/wp-content/uploads/2022/02/Pedestrians-cross-a-busy-multilane-road-underneath-a-pedestrian-bridge-in-China.-Credit-iRAP-2-scaled.jpg,Complied,Traffic Rules,Pedestrian_Crossing_1,0000010,data/processed_images/traffic/Pedestrian_Crossing_1/0000010.jpg,0000010,
Traffic,https://toolkit.irap.org/wp-content/uploads/2022/02/Pedestrians-cross-a-busy-multilane-road-underneath-a-pedestrian-bridge-in-China.-Credit-iRAP-2-scaled.jpg,Complied,Vehicle Load,Pedestrian_Crossing_1,0000010,data/processed_images/traffic/Pedestrian_Crossing_1/0000010.jpg,0000010,
Traffic,https://media.istockphoto.com/id/1186042762/photo/kid-crossing-the-street-at-a-pedestrian-crossing-and-listening-to-music-on-his-cellphone.jpg?s=612x612&w=0&k=20&c=jxuKkuDgIUc7Fwb4NJX1vE2dQciu7OPEouWXG3FKvPY=,Not Applicable,Driving Distraction,Pedestrian_Crossing_1,0000011,data/processed_images/traffic/Pedestrian_Crossing_1/0000011.jpg,0000011,
Traffic,https://media.istockphoto.com/id/1186042762/photo/kid-crossing-the-street-at-a-pedestrian-crossing-and-listening-to-music-on-his-cellphone.jpg?s=612x612&w=0&k=20&c=jxuKkuDgIUc7Fwb4NJX1vE2dQciu7OPEouWXG3FKvPY=,Violated,Pedestrian Crossing,Pedestrian_Crossing_1,0000011,data/processed_images/traffic/Pedestrian_Crossing_1/0000011.jpg,0000011,
Traffic,https://media.istockphoto.com/id/1186042762/photo/kid-crossing-the-street-at-a-pedestrian-crossing-and-listening-to-music-on-his-cellphone.jpg?s=612x612&w=0&k=20&c=jxuKkuDgIUc7Fwb4NJX1vE2dQciu7OPEouWXG3FKvPY=,Violated,Road Condition,Pedestrian_Crossing_1,0000011,data/processed_images/traffic/Pedestrian_Crossing_1/0000011.jpg,0000011,
Traffic,https://media.istockphoto.com/id/1186042762/photo/kid-crossing-the-street-at-a-pedestrian-crossing-and-listening-to-music-on-his-cellphone.jpg?s=612x612&w=0&k=20&c=jxuKkuDgIUc7Fwb4NJX1vE2dQciu7OPEouWXG3FKvPY=,Not Applicable,Traffic Rules,Pedestrian_Crossing_1,0000011,data/processed_images/traffic/Pedestrian_Crossing_1/0000011.jpg,0000011,
Traffic,https://media.istockphoto.com/id/1186042762/photo/kid-crossing-the-street-at-a-pedestrian-crossing-and-listening-to-music-on-his-cellphone.jpg?s=612x612&w=0&k=20&c=jxuKkuDgIUc7Fwb4NJX1vE2dQciu7OPEouWXG3FKvPY=,Not Applicable,Vehicle Load,Pedestrian_Crossing_1,0000011,data/processed_images/traffic/Pedestrian_Crossing_1/0000011.jpg,0000011,
Traffic,https://media.istockphoto.com/id/1181241726/photo/young-man-walking-at-crosswalk-on-a-sao-paulos-street.jpg?s=612x612&w=0&k=20&c=BbYxvaMZazg6gppfk1l9Rj5Q25f6hsaA3NbBcmPdGsM=,Not Applicable,Driving Distraction,Pedestrian_Crossing_1,0000012,data/processed_images/traffic/Pedestrian_Crossing_1/0000012.jpg,0000012,
Traffic,https://media.istockphoto.com/id/1181241726/photo/young-man-walking-at-crosswalk-on-a-sao-paulos-street.jpg?s=612x612&w=0&k=20&c=BbYxvaMZazg6gppfk1l9Rj5Q25f6hsaA3NbBcmPdGsM=,Violated,Pedestrian Crossing,Pedestrian_Crossing_1,0000012,data/processed_images/traffic/Pedestrian_Crossing_1/0000012.jpg,0000012,
Traffic,https://media.istockphoto.com/id/1181241726/photo/young-man-walking-at-crosswalk-on-a-sao-paulos-street.jpg?s=612x612&w=0&k=20&c=BbYxvaMZazg6gppfk1l9Rj5Q25f6hsaA3NbBcmPdGsM=,Complied,Road Condition,Pedestrian_Crossing_1,0000012,data/processed_images/traffic/Pedestrian_Crossing_1/0000012.jpg,0000012,
Traffic,https://media.istockphoto.com/id/1181241726/photo/young-man-walking-at-crosswalk-on-a-sao-paulos-street.jpg?s=612x612&w=0&k=20&c=BbYxvaMZazg6gppfk1l9Rj5Q25f6hsaA3NbBcmPdGsM=,Not Applicable,Traffic Rules,Pedestrian_Crossing_1,0000012,data/processed_images/traffic/Pedestrian_Crossing_1/0000012.jpg,0000012,
Traffic,https://media.istockphoto.com/id/1181241726/photo/young-man-walking-at-crosswalk-on-a-sao-paulos-street.jpg?s=612x612&w=0&k=20&c=BbYxvaMZazg6gppfk1l9Rj5Q25f6hsaA3NbBcmPdGsM=,Not Applicable,Vehicle Load,Pedestrian_Crossing_1,0000012,data/processed_images/traffic/Pedestrian_Crossing_1/0000012.jpg,0000012,
Traffic,https://media.istockphoto.com/id/1152269806/photo/low-angle-of-car-in-front-of-pedestrian-crossing-and-walking-boy-with-smartphone.jpg?s=612x612&w=0&k=20&c=9SZeOADKBUdugkDrnp4ADca7oLmr4iujvhwH7oeW5SM=,Not Applicable,Driving Distraction,Pedestrian_Crossing_1,0000013,data/processed_images/traffic/Pedestrian_Crossing_1/0000013.jpg,0000013,
Traffic,https://media.istockphoto.com/id/1152269806/photo/low-angle-of-car-in-front-of-pedestrian-crossing-and-walking-boy-with-smartphone.jpg?s=612x612&w=0&k=20&c=9SZeOADKBUdugkDrnp4ADca7oLmr4iujvhwH7oeW5SM=,Violated,Pedestrian Crossing,Pedestrian_Crossing_1,0000013,data/processed_images/traffic/Pedestrian_Crossing_1/0000013.jpg,0000013,
Traffic,https://media.istockphoto.com/id/1152269806/photo/low-angle-of-car-in-front-of-pedestrian-crossing-and-walking-boy-with-smartphone.jpg?s=612x612&w=0&k=20&c=9SZeOADKBUdugkDrnp4ADca7oLmr4iujvhwH7oeW5SM=,Complied,Road Condition,Pedestrian_Crossing_1,0000013,data/processed_images/traffic/Pedestrian_Crossing_1/0000013.jpg,0000013,
Traffic,https://media.istockphoto.com/id/1152269806/photo/low-angle-of-car-in-front-of-pedestrian-crossing-and-walking-boy-with-smartphone.jpg?s=612x612&w=0&k=20&c=9SZeOADKBUdugkDrnp4ADca7oLmr4iujvhwH7oeW5SM=,Complied,Traffic Rules,Pedestrian_Crossing_1,0000013,data/processed_images/traffic/Pedestrian_Crossing_1/0000013.jpg,0000013,
Traffic,https://media.istockphoto.com/id/1152269806/photo/low-angle-of-car-in-front-of-pedestrian-crossing-and-walking-boy-with-smartphone.jpg?s=612x612&w=0&k=20&c=9SZeOADKBUdugkDrnp4ADca7oLmr4iujvhwH7oeW5SM=,Not Applicable,Vehicle Load,Pedestrian_Crossing_1,0000013,data/processed_images/traffic/Pedestrian_Crossing_1/0000013.jpg,0000013,
Traffic,https://media.istockphoto.com/id/930104342/photo/young-woman-looks-at-her-cellphone-and-does-not-pay-attention-to-traffic.jpg?s=612x612&w=0&k=20&c=EykyKNFg5DrP_OmoSOgHfgn9RvCCJUx6y2DwrNhw8C8=,Not Applicable,Driving Distraction,Pedestrian_Crossing_1,0000014,data/processed_images/traffic/Pedestrian_Crossing_1/0000014.jpg,0000014,
Traffic,https://media.istockphoto.com/id/930104342/photo/young-woman-looks-at-her-cellphone-and-does-not-pay-attention-to-traffic.jpg?s=612x612&w=0&k=20&c=EykyKNFg5DrP_OmoSOgHfgn9RvCCJUx6y2DwrNhw8C8=,Violated,Pedestrian Crossing,Pedestrian_Crossing_1,0000014,data/processed_images/traffic/Pedestrian_Crossing_1/0000014.jpg,0000014,
Traffic,https://media.istockphoto.com/id/930104342/photo/young-woman-looks-at-her-cellphone-and-does-not-pay-attention-to-traffic.jpg?s=612x612&w=0&k=20&c=EykyKNFg5DrP_OmoSOgHfgn9RvCCJUx6y2DwrNhw8C8=,Not Applicable,Road Condition,Pedestrian_Crossing_1,0000014,data/processed_images/traffic/Pedestrian_Crossing_1/0000014.jpg,0000014,
Traffic,https://media.istockphoto.com/id/930104342/photo/young-woman-looks-at-her-cellphone-and-does-not-pay-attention-to-traffic.jpg?s=612x612&w=0&k=20&c=EykyKNFg5DrP_OmoSOgHfgn9RvCCJUx6y2DwrNhw8C8=,Not Applicable,Traffic Rules,Pedestrian_Crossing_1,0000014,data/processed_images/traffic/Pedestrian_Crossing_1/0000014.jpg,0000014,
Traffic,https://media.istockphoto.com/id/930104342/photo/young-woman-looks-at-her-cellphone-and-does-not-pay-attention-to-traffic.jpg?s=612x612&w=0&k=20&c=EykyKNFg5DrP_OmoSOgHfgn9RvCCJUx6y2DwrNhw8C8=,Not Applicable,Vehicle Load,Pedestrian_Crossing_1,0000014,data/processed_images/traffic/Pedestrian_Crossing_1/0000014.jpg,0000014,
Traffic,https://media.istockphoto.com/id/1368287848/photo/young-woman-walking-in-the-middle-of-crowded-street-and-looking-time-at-hand-watches-big-city.jpg?s=612x612&w=0&k=20&c=7jve-VOvQHu8R0pWtBUuB3Q4UTvfw3-JMP8EXXX8YO4=,Not Applicable,Driving Distraction,Pedestrian_Crossing_1,0000015,data/processed_images/traffic/Pedestrian_Crossing_1/0000015.jpg,0000015,
Traffic,https://media.istockphoto.com/id/1368287848/photo/young-woman-walking-in-the-middle-of-crowded-street-and-looking-time-at-hand-watches-big-city.jpg?s=612x612&w=0&k=20&c=7jve-VOvQHu8R0pWtBUuB3Q4UTvfw3-JMP8EXXX8YO4=,Violated,Pedestrian Crossing,Pedestrian_Crossing_1,0000015,data/processed_images/traffic/Pedestrian_Crossing_1/0000015.jpg,0000015,
Traffic,https://media.istockphoto.com/id/1368287848/photo/young-woman-walking-in-the-middle-of-crowded-street-and-looking-time-at-hand-watches-big-city.jpg?s=612x612&w=0&k=20&c=7jve-VOvQHu8R0pWtBUuB3Q4UTvfw3-JMP8EXXX8YO4=,Not Applicable,Road Condition,Pedestrian_Crossing_1,0000015,data/processed_images/traffic/Pedestrian_Crossing_1/0000015.jpg,0000015,
Traffic,https://media.istockphoto.com/id/1368287848/photo/young-woman-walking-in-the-middle-of-crowded-street-and-looking-time-at-hand-watches-big-city.jpg?s=612x612&w=0&k=20&c=7jve-VOvQHu8R0pWtBUuB3Q4UTvfw3-JMP8EXXX8YO4=,Not Applicable,Traffic Rules,Pedestrian_Crossing_1,0000015,data/processed_images/traffic/Pedestrian_Crossing_1/0000015.jpg,0000015,
Traffic,https://media.istockphoto.com/id/1368287848/photo/young-woman-walking-in-the-middle-of-crowded-street-and-looking-time-at-hand-watches-big-city.jpg?s=612x612&w=0&k=20&c=7jve-VOvQHu8R0pWtBUuB3Q4UTvfw3-JMP8EXXX8YO4=,Not Applicable,Vehicle Load,Pedestrian_Crossing_1,0000015,data/processed_images/traffic/Pedestrian_Crossing_1/0000015.jpg,0000015,
Traffic,https://images.unsplash.com/photo-1642761503017-c1744e5da6ac?w=500&auto=format&fit=crop&q=60&ixlib=rb-4.1.0&ixid=M3wxMjA3fDB8MHxzZWFyY2h8ODd8fHBlZGVzdHJpYW4lMjB3YWxraW5nJTIwZ3JlZW4lMjBsaWdodHxlbnwwfHwwfHx8MA%3D%3D,Not Applicable,Driving Distraction,Pedestrian_Crossing_1,0000016,data/processed_images/traffic/Pedestrian_Crossing_1/0000016.jpg,0000016,
Traffic,https://images.unsplash.com/photo-1642761503017-c1744e5da6ac?w=500&auto=format&fit=crop&q=60&ixlib=rb-4.1.0&ixid=M3wxMjA3fDB8MHxzZWFyY2h8ODd8fHBlZGVzdHJpYW4lMjB3YWxraW5nJTIwZ3JlZW4lMjBsaWdodHxlbnwwfHwwfHx8MA%3D%3D,Violated,Pedestrian Crossing,Pedestrian_Crossing_1,0000016,data/processed_images/traffic/Pedestrian_Crossing_1/0000016.jpg,0000016,
Traffic,https://images.unsplash.com/photo-1642761503017-c1744e5da6ac?w=500&auto=format&fit=crop&q=60&ixlib=rb-4.1.0&ixid=M3wxMjA3fDB8MHxzZWFyY2h8ODd8fHBlZGVzdHJpYW4lMjB3YWxraW5nJTIwZ3JlZW4lMjBsaWdodHxlbnwwfHwwfHx8MA%3D%3D,Violated,Road Condition,Pedestrian_Crossing_1,0000016,data/processed_images/traffic/Pedestrian_Crossing_1/0000016.jpg,0000016,
Traffic,https://images.unsplash.com/photo-1642761503017-c1744e5da6ac?w=500&auto=format&fit=crop&q=60&ixlib=rb-4.1.0&ixid=M3wxMjA3fDB8MHxzZWFyY2h8ODd8fHBlZGVzdHJpYW4lMjB3YWxraW5nJTIwZ3JlZW4lMjBsaWdodHxlbnwwfHwwfHx8MA%3D%3D,Not Applicable,Traffic Rules,Pedestrian_Crossing_1,0000016,data/processed_images/traffic/Pedestrian_Crossing_1/0000016.jpg,0000016,
Traffic,https://images.unsplash.com/photo-1642761503017-c1744e5da6ac?w=500&auto=format&fit=crop&q=60&ixlib=rb-4.1.0&ixid=M3wxMjA3fDB8MHxzZWFyY2h8ODd8fHBlZGVzdHJpYW4lMjB3YWxraW5nJTIwZ3JlZW4lMjBsaWdodHxlbnwwfHwwfHx8MA%3D%3D,Not Applicable,Vehicle Load,Pedestrian_Crossing_1,0000016,data/processed_images/traffic/Pedestrian_Crossing_1/0000016.jpg,0000016,
Traffic,https://media.istockphoto.com/id/1069139482/photo/family-crossing-crosswalk-in-the-city.jpg?s=612x612&w=0&k=20&c=ELSL13y8tNga1TwcTQsxiPPbod01qHEOF6iDswq53Ok=,Not Applicable,Driving Distraction,Pedestrian_Crossing_1,0000017,data/processed_images/traffic/Pedestrian_Crossing_1/0000017.jpg,0000017,
Traffic,https://media.istockphoto.com/id/1069139482/photo/family-crossing-crosswalk-in-the-city.jpg?s=612x612&w=0&k=20&c=ELSL13y8tNga1TwcTQsxiPPbod01qHEOF6iDswq53Ok=,Violated,Pedestrian Crossing,Pedestrian_Crossing_1,0000017,data/processed_images/traffic/Pedestrian_Crossing_1/0000017.jpg,0000017,
Traffic,https://media.istockphoto.com/id/1069139482/photo/family-crossing-crosswalk-in-the-city.jpg?s=612x612&w=0&k=20&c=ELSL13y8tNga1TwcTQsxiPPbod01qHEOF6iDswq53Ok=,Complied,Road Condition,Pedestrian_Crossing_1,0000017,data/processed_images/traffic/Pedestrian_Crossing_1/0000017.jpg,0000017,
Traffic,https://media.istockphoto.com/id/1069139482/photo/family-crossing-crosswalk-in-the-city.jpg?s=612x612&w=0&k=20&c=ELSL13y8tNga1TwcTQsxiPPbod01qHEOF6iDswq53Ok=,Not Applicable,Traffic Rules,Pedestrian_Crossing_1,0000017,data/processed_images/traffic/Pedestrian_Crossing_1/0000017.jpg,0000017,
Traffic,https://media.istockphoto.com/id/1069139482/photo/family-crossing-crosswalk-in-the-city.jpg?s=612x612&w=0&k=20&c=ELSL13y8tNga1TwcTQsxiPPbod01qHEOF6iDswq53Ok=,Not Applicable,Vehicle Load,Pedestrian_Crossing_1,0000017,data/processed_images/traffic/Pedestrian_Crossing_1/0000017.jpg,0000017,
Traffic,https://media.istockphoto.com/id/1404143018/photo/vertical-photo-of-women-crossing-the-street-together-while-using-a-mobile.jpg?s=612x612&w=0&k=20&c=cnp2t6Yk-vLXLMOOMT6nsCEc2gTPVuxp25ZYUSlRWSw=,Not Applicable,Driving Distraction,Pedestrian_Crossing_1,0000018,data/processed_images/traffic/Pedestrian_Crossing_1/0000018.jpg,0000018,
Traffic,https://media.istockphoto.com/id/1404143018/photo/vertical-photo-of-women-crossing-the-street-together-while-using-a-mobile.jpg?s=612x612&w=0&k=20&c=cnp2t6Yk-vLXLMOOMT6nsCEc2gTPVuxp25ZYUSlRWSw=,Violated,Pedestrian Crossing,Pedestrian_Crossing_1,0000018,data/processed_images/traffic/Pedestrian_Crossing_1/0000018.jpg,0000018,
Traffic,https://media.istockphoto.com/id/1404143018/photo/vertical-photo-of-women-crossing-the-street-together-while-using-a-mobile.jpg?s=612x612&w=0&k=20&c=cnp2t6Yk-vLXLMOOMT6nsCEc2gTPVuxp25ZYUSlRWSw=,Not Applicable,Road Condition,Pedestrian_Crossing_1,0000018,data/processed_images/traffic/Pedestrian_Crossing_1/0000018.jpg,0000018,
Traffic,https://media.istockphoto.com/id/1404143018/photo/vertical-photo-of-women-crossing-the-street-together-while-using-a-mobile.jpg?s=612x612&w=0&k=20&c=cnp2t6Yk-vLXLMOOMT6nsCEc2gTPVuxp25ZYUSlRWSw=,Not Applicable,Traffic Rules,Pedestrian_Crossing_1,0000018,data/processed_images/traffic/Pedestrian_Crossing_1/0000018.jpg,0000018,
Traffic,https://media.istockphoto.com/id/1404143018/photo/vertical-photo-of-women-crossing-the-street-together-while-using-a-mobile.jpg?s=612x612&w=0&k=20&c=cnp2t6Yk-vLXLMOOMT6nsCEc2gTPVuxp25ZYUSlRWSw=,Not Applicable,Vehicle Load,Pedestrian_Crossing_1,0000018,data/processed_images/traffic/Pedestrian_Crossing_1/0000018.jpg,0000018,
Traffic,https://media.istockphoto.com/id/2156838758/photo/woman-strolls-with-phone-and-ice-cream.jpg?s=612x612&w=0&k=20&c=2wloP8A1JOFCsm2VAQRmqhfzWmblhpDTw8D5uGFtTcI=,Not Applicable,Driving Distraction,Pedestrian_Crossing_1,0000019,data/processed_images/traffic/Pedestrian_Crossing_1/0000019.jpg,0000019,
Traffic,https://media.istockphoto.com/id/2156838758/photo/woman-strolls-with-phone-and-ice-cream.jpg?s=612x612&w=0&k=20&c=2wloP8A1JOFCsm2VAQRmqhfzWmblhpDTw8D5uGFtTcI=,Violated,Pedestrian Crossing,Pedestrian_Crossing_1,0000019,data/processed_images/traffic/Pedestrian_Crossing_1/0000019.jpg,0000019,
Traffic,https://media.istockphoto.com/id/2156838758/photo/woman-strolls-with-phone-and-ice-cream.jpg?s=612x612&w=0&k=20&c=2wloP8A1JOFCsm2VAQRmqhfzWmblhpDTw8D5uGFtTcI=,Complied,Road Condition,Pedestrian_Crossing_1,0000019,data/processed_images/traffic/Pedestrian_Crossing_1/0000019.jpg,0000019,
Traffic,https://media.istockphoto.com/id/2156838758/photo/woman-strolls-with-phone-and-ice-cream.jpg?s=612x612&w=0&k=20&c=2wloP8A1JOFCsm2VAQRmqhfzWmblhpDTw8D5uGFtTcI=,Not Applicable,Traffic Rules,Pedestrian_Crossing_1,0000019,data/processed_images/traffic/Pedestrian_Crossing_1/0000019.jpg,0000019,
Traffic,https://media.istockphoto.com/id/2156838758/photo/woman-strolls-with-phone-and-ice-cream.jpg?s=612x612&w=0&k=20&c=2wloP8A1JOFCsm2VAQRmqhfzWmblhpDTw8D5uGFtTcI=,Not Applicable,Vehicle Load,Pedestrian_Crossing_1,0000019,data/processed_images/traffic/Pedestrian_Crossing_1/0000019.jpg,0000019,
Traffic,https://media.istockphoto.com/id/533502443/photo/teenager-text-messaging.jpg?s=612x612&w=0&k=20&c=23UqlketfkmdrrOPTvDhwz_8n6JL3xoKRpJRBVTzFLU=,Not Applicable,Driving Distraction,Pedestrian_Crossing_1,0000020,data/processed_images/traffic/Pedestrian_Crossing_1/0000020.jpg,0000020,
Traffic,https://media.istockphoto.com/id/533502443/photo/teenager-text-messaging.jpg?s=612x612&w=0&k=20&c=23UqlketfkmdrrOPTvDhwz_8n6JL3xoKRpJRBVTzFLU=,Violated,Pedestrian Crossing,Pedestrian_Crossing_1,0000020,data/processed_images/traffic/Pedestrian_Crossing_1/0000020.jpg,0000020,
Traffic,https://media.istockphoto.com/id/533502443/photo/teenager-text-messaging.jpg?s=612x612&w=0&k=20&c=23UqlketfkmdrrOPTvDhwz_8n6JL3xoKRpJRBVTzFLU=,Not Applicable,Road Condition,Pedestrian_Crossing_1,0000020,data/processed_images/traffic/Pedestrian_Crossing_1/0000020.jpg,0000020,
Traffic,https://media.istockphoto.com/id/533502443/photo/teenager-text-messaging.jpg?s=612x612&w=0&k=20&c=23UqlketfkmdrrOPTvDhwz_8n6JL3xoKRpJRBVTzFLU=,Not Applicable,Traffic Rules,Pedestrian_Crossing_1,0000020,data/processed_images/traffic/Pedestrian_Crossing_1/0000020.jpg,0000020,
Traffic,https://media.istockphoto.com/id/533502443/photo/teenager-text-messaging.jpg?s=612x612&w=0&k=20&c=23UqlketfkmdrrOPTvDhwz_8n6JL3xoKRpJRBVTzFLU=,Not Applicable,Vehicle Load,Pedestrian_Crossing_1,0000020,data/processed_images/traffic/Pedestrian_Crossing_1/0000020.jpg,0000020,
Traffic,https://media.istockphoto.com/id/1212510558/photo/woman-in-green-dress-crossing-street-using-mobile-phone.jpg?s=612x612&w=0&k=20&c=OgaBpsU17t0JuXeFfjJxlF7fEDOQz470_-HKro8siZc=,Not Applicable,Driving Distraction,Pedestrian_Crossing_1,0000021,data/processed_images/traffic/Pedestrian_Crossing_1/0000021.jpg,0000021,
Traffic,https://media.istockphoto.com/id/1212510558/photo/woman-in-green-dress-crossing-street-using-mobile-phone.jpg?s=612x612&w=0&k=20&c=OgaBpsU17t0JuXeFfjJxlF7fEDOQz470_-HKro8siZc=,Violated,Pedestrian Crossing,Pedestrian_Crossing_1,0000021,data/processed_images/traffic/Pedestrian_Crossing_1/0000021.jpg,0000021,
Traffic,https://media.istockphoto.com/id/1212510558/photo/woman-in-green-dress-crossing-street-using-mobile-phone.jpg?s=612x612&w=0&k=20&c=OgaBpsU17t0JuXeFfjJxlF7fEDOQz470_-HKro8siZc=,Not Applicable,Road Condition,Pedestrian_Crossing_1,0000021,data/processed_images/traffic/Pedestrian_Crossing_1/0000021.jpg,0000021,
Traffic,https://media.istockphoto.com/id/1212510558/photo/woman-in-green-dress-crossing-street-using-mobile-phone.jpg?s=612x612&w=0&k=20&c=OgaBpsU17t0JuXeFfjJxlF7fEDOQz470_-HKro8siZc=,Not Applicable,Traffic Rules,Pedestrian_Crossing_1,0000021,data/processed_images/traffic/Pedestrian_Crossing_1/0000021.jpg,0000021,
Traffic,https://media.istockphoto.com/id/1212510558/photo/woman-in-green-dress-crossing-street-using-mobile-phone.jpg?s=612x612&w=0&k=20&c=OgaBpsU17t0JuXeFfjJxlF7fEDOQz470_-HKro8siZc=,Complied,Vehicle Load,Pedestrian_Crossing_1,0000021,data/processed_images/traffic/Pedestrian_Crossing_1/0000021.jpg,0000021,
Traffic,https://media.istockphoto.com/id/1208387257/photo/pedestrian-checking-her-phone.jpg?s=612x612&w=0&k=20&c=258Ds2jTEaGyAq1EUVxlbQeXt-q-gaZ2rUPiV1QMPTc=,Not Applicable,Driving Distraction,Pedestrian_Crossing_1,0000022,data/processed_images/traffic/Pedestrian_Crossing_1/0000022.jpg,0000022,
Traffic,https://media.istockphoto.com/id/1208387257/photo/pedestrian-checking-her-phone.jpg?s=612x612&w=0&k=20&c=258Ds2jTEaGyAq1EUVxlbQeXt-q-gaZ2rUPiV1QMPTc=,Violated,Pedestrian Crossing,Pedestrian_Crossing_1,0000022,data/processed_images/traffic/Pedestrian_Crossing_1/0000022.jpg,0000022,
Traffic,https://media.istockphoto.com/id/1208387257/photo/pedestrian-checking-her-phone.jpg?s=612x612&w=0&k=20&c=258Ds2jTEaGyAq1EUVxlbQeXt-q-gaZ2rUPiV1QMPTc=,Not Applicable,Road Condition,Pedestrian_Crossing_1,0000022,data/processed_images/traffic/Pedestrian_Crossing_1/0000022.jpg,0000022,
Traffic,https://media.istockphoto.com/id/1208387257/photo/pedestrian-checking-her-phone.jpg?s=612x612&w=0&k=20&c=258Ds2jTEaGyAq1EUVxlbQeXt-q-gaZ2rUPiV1QMPTc=,Not Applicable,Traffic Rules,Pedestrian_Crossing_1,0000022,data/processed_images/traffic/Pedestrian_Crossing_1/0000022.jpg,0000022,
Traffic,https://media.istockphoto.com/id/1208387257/photo/pedestrian-checking-her-phone.jpg?s=612x612&w=0&k=20&c=258Ds2jTEaGyAq1EUVxlbQeXt-q-gaZ2rUPiV1QMPTc=,Not Applicable,Vehicle Load,Pedestrian_Crossing_1,0000022,data/processed_images/traffic/Pedestrian_Crossing_1/0000022.jpg,0000022,
Traffic,https://media.istockphoto.com/id/2156838764/photo/woman-eating-ice-cream-in-urban-setting.jpg?s=612x612&w=0&k=20&c=xav-nGRyWU4Q4oIdN6TD0w1pSkbPLdK8sLiRuXyBiak=,Not Applicable,Driving Distraction,Pedestrian_Crossing_1,0000023,data/processed_images/traffic/Pedestrian_Crossing_1/0000023.jpg,0000023,
Traffic,https://media.istockphoto.com/id/2156838764/photo/woman-eating-ice-cream-in-urban-setting.jpg?s=612x612&w=0&k=20&c=xav-nGRyWU4Q4oIdN6TD0w1pSkbPLdK8sLiRuXyBiak=,Violated,Pedestrian Crossing,Pedestrian_Crossing_1,0000023,data/processed_images/traffic/Pedestrian_Crossing_1/0000023.jpg,0000023,
Traffic,https://media.istockphoto.com/id/2156838764/photo/woman-eating-ice-cream-in-urban-setting.jpg?s=612x612&w=0&k=20&c=xav-nGRyWU4Q4oIdN6TD0w1pSkbPLdK8sLiRuXyBiak=,Not Applicable,Road Condition,Pedestrian_Crossing_1,0000023,data/processed_images/traffic/Pedestrian_Crossing_1/0000023.jpg,0000023,
Traffic,https://media.istockphoto.com/id/2156838764/photo/woman-eating-ice-cream-in-urban-setting.jpg?s=612x612&w=0&k=20&c=xav-nGRyWU4Q4oIdN6TD0w1pSkbPLdK8sLiRuXyBiak=,Not Applicable,Traffic Rules,Pedestrian_Crossing_1,0000023,data/processed_images/traffic/Pedestrian_Crossing_1/0000023.jpg,0000023,
Traffic,https://media.istockphoto.com/id/2156838764/photo/woman-eating-ice-cream-in-urban-setting.jpg?s=612x612&w=0&k=20&c=xav-nGRyWU4Q4oIdN6TD0w1pSkbPLdK8sLiRuXyBiak=,Not Applicable,Vehicle Load,Pedestrian_Crossing_1,0000023,data/processed_images/traffic/Pedestrian_Crossing_1/0000023.jpg,0000023,
Traffic,https://media.istockphoto.com/id/2156838758/photo/woman-strolls-with-phone-and-ice-cream.jpg?s=612x612&w=0&k=20&c=2wloP8A1JOFCsm2VAQRmqhfzWmblhpDTw8D5uGFtTcI=,Not Applicable,Driving Distraction,Pedestrian_Crossing_1,0000024,data/processed_images/traffic/Pedestrian_Crossing_1/0000019.jpg,0000019,Duplication
Traffic,https://media.istockphoto.com/id/2156838758/photo/woman-strolls-with-phone-and-ice-cream.jpg?s=612x612&w=0&k=20&c=2wloP8A1JOFCsm2VAQRmqhfzWmblhpDTw8D5uGFtTcI=,Violated,Pedestrian Crossing,Pedestrian_Crossing_1,0000024,data/processed_images/traffic/Pedestrian_Crossing_1/0000019.jpg,0000019,Duplication
Traffic,https://media.istockphoto.com/id/2156838758/photo/woman-strolls-with-phone-and-ice-cream.jpg?s=612x612&w=0&k=20&c=2wloP8A1JOFCsm2VAQRmqhfzWmblhpDTw8D5uGFtTcI=,Not Applicable,Road Condition,Pedestrian_Crossing_1,0000024,data/processed_images/traffic/Pedestrian_Crossing_1/0000019.jpg,0000019,Duplication
Traffic,https://media.istockphoto.com/id/2156838758/photo/woman-strolls-with-phone-and-ice-cream.jpg?s=612x612&w=0&k=20&c=2wloP8A1JOFCsm2VAQRmqhfzWmblhpDTw8D5uGFtTcI=,Not Applicable,Traffic Rules,Pedestrian_Crossing_1,0000024,data/processed_images/traffic/Pedestrian_Crossing_1/0000019.jpg,0000019,Duplication
Traffic,https://media.istockphoto.com/id/2156838758/photo/woman-strolls-with-phone-and-ice-cream.jpg?s=612x612&w=0&k=20&c=2wloP8A1JOFCsm2VAQRmqhfzWmblhpDTw8D5uGFtTcI=,Not Applicable,Vehicle Load,Pedestrian_Crossing_1,0000024,data/processed_images/traffic/Pedestrian_Crossing_1/0000019.jpg,0000019,Duplication
Traffic,https://media.istockphoto.com/id/930104238/photo/young-woman-looks-at-her-cellphone-and-does-not-pay-attention-to-traffic.jpg?s=612x612&w=0&k=20&c=PFeGpUcjBVvIC2Tgr8IeVDxiiwmol6Zb9F1f_yc-zuc=,Not Applicable,Driving Distraction,Pedestrian_Crossing_1,0000025,data/processed_images/traffic/Pedestrian_Crossing_1/0000025.jpg,0000025,
Traffic,https://media.istockphoto.com/id/930104238/photo/young-woman-looks-at-her-cellphone-and-does-not-pay-attention-to-traffic.jpg?s=612x612&w=0&k=20&c=PFeGpUcjBVvIC2Tgr8IeVDxiiwmol6Zb9F1f_yc-zuc=,Violated,Pedestrian Crossing,Pedestrian_Crossing_1,0000025,data/processed_images/traffic/Pedestrian_Crossing_1/0000025.jpg,0000025,
Traffic,https://media.istockphoto.com/id/930104238/photo/young-woman-looks-at-her-cellphone-and-does-not-pay-attention-to-traffic.jpg?s=612x612&w=0&k=20&c=PFeGpUcjBVvIC2Tgr8IeVDxiiwmol6Zb9F1f_yc-zuc=,Not Applicable,Road Condition,Pedestrian_Crossing_1,0000025,data/processed_images/traffic/Pedestrian_Crossing_1/0000025.jpg,0000025,
Traffic,https://media.istockphoto.com/id/930104238/photo/young-woman-looks-at-her-cellphone-and-does-not-pay-attention-to-traffic.jpg?s=612x612&w=0&k=20&c=PFeGpUcjBVvIC2Tgr8IeVDxiiwmol6Zb9F1f_yc-zuc=,Complied,Traffic Rules,Pedestrian_Crossing_1,0000025,data/processed_images/traffic/Pedestrian_Crossing_1/0000025.jpg,0000025,
Traffic,https://media.istockphoto.com/id/930104238/photo/young-woman-looks-at-her-cellphone-and-does-not-pay-attention-to-traffic.jpg?s=612x612&w=0&k=20&c=PFeGpUcjBVvIC2Tgr8IeVDxiiwmol6Zb9F1f_yc-zuc=,Complied,Vehicle Load,Pedestrian_Crossing_1,0000025,data/processed_images/traffic/Pedestrian_Crossing_1/0000025.jpg,0000025,
Traffic,https://media.istockphoto.com/id/535338031/photo/using-mobile-telephone-while-crossing-a-road.jpg?s=612x612&w=0&k=20&c=Uo40cc_OtWsUwK8FveCQljGKcTzLq8V5zPAJipLbc2M=,Not Applicable,Driving Distraction,Pedestrian_Crossing_1,0000026,data/processed_images/traffic/Pedestrian_Crossing_1/0000026.jpg,0000026,
Traffic,https://media.istockphoto.com/id/535338031/photo/using-mobile-telephone-while-crossing-a-road.jpg?s=612x612&w=0&k=20&c=Uo40cc_OtWsUwK8FveCQljGKcTzLq8V5zPAJipLbc2M=,Violated,Pedestrian Crossing,Pedestrian_Crossing_1,0000026,data/processed_images/traffic/Pedestrian_Crossing_1/0000026.jpg,0000026,
Traffic,https://media.istockphoto.com/id/535338031/photo/using-mobile-telephone-while-crossing-a-road.jpg?s=612x612&w=0&k=20&c=Uo40cc_OtWsUwK8FveCQljGKcTzLq8V5zPAJipLbc2M=,Not Applicable,Road Condition,Pedestrian_Crossing_1,0000026,data/processed_images/traffic/Pedestrian_Crossing_1/0000026.jpg,0000026,
Traffic,https://media.istockphoto.com/id/535338031/photo/using-mobile-telephone-while-crossing-a-road.jpg?s=612x612&w=0&k=20&c=Uo40cc_OtWsUwK8FveCQljGKcTzLq8V5zPAJipLbc2M=,Not Applicable,Traffic Rules,Pedestrian_Crossing_1,0000026,data/processed_images/traffic/Pedestrian_Crossing_1/0000026.jpg,0000026,
Traffic,https://media.istockphoto.com/id/535338031/photo/using-mobile-telephone-while-crossing-a-road.jpg?s=612x612&w=0&k=20&c=Uo40cc_OtWsUwK8FveCQljGKcTzLq8V5zPAJipLbc2M=,Not Applicable,Vehicle Load,Pedestrian_Crossing_1,0000026,data/processed_images/traffic/Pedestrian_Crossing_1/0000026.jpg,0000026,
Traffic,https://media.istockphoto.com/id/1181901428/photo/motivated-for-fitness.webp?b=1&s=612x612&w=0&k=20&c=QMrEKAdmVOs3ncJIkRnqQrg92br3Xq2uFutgToGkR80=,Not Applicable,Driving Distraction,Pedestrian_Crossing_1,0000027,data/processed_images/traffic/Pedestrian_Crossing_1/0000027.jpg,0000027,
Traffic,https://media.istockphoto.com/id/1181901428/photo/motivated-for-fitness.webp?b=1&s=612x612&w=0&k=20&c=QMrEKAdmVOs3ncJIkRnqQrg92br3Xq2uFutgToGkR80=,Violated,Pedestrian Crossing,Pedestrian_Crossing_1,0000027,data/processed_images/traffic/Pedestrian_Crossing_1/0000027.jpg,0000027,
Traffic,https://media.istockphoto.com/id/1181901428/photo/motivated-for-fitness.webp?b=1&s=612x612&w=0&k=20&c=QMrEKAdmVOs3ncJIkRnqQrg92br3Xq2uFutgToGkR80=,Not Applicable,Road Condition,Pedestrian_Crossing_1,0000027,data/processed_images/traffic/Pedestrian_Crossing_1/0000027.jpg,0000027,
Traffic,https://media.istockphoto.com/id/1181901428/photo/motivated-for-fitness.webp?b=1&s=612x612&w=0&k=20&c=QMrEKAdmVOs3ncJIkRnqQrg92br3Xq2uFutgToGkR80=,Not Applicable,Traffic Rules,Pedestrian_Crossing_1,0000027,data/processed_images/traffic/Pedestrian_Crossing_1/0000027.jpg,0000027,
Traffic,https://media.istockphoto.com/id/1181901428/photo/motivated-for-fitness.webp?b=1&s=612x612&w=0&k=20&c=QMrEKAdmVOs3ncJIkRnqQrg92br3Xq2uFutgToGkR80=,Not Applicable,Vehicle Load,Pedestrian_Crossing_1,0000027,data/processed_images/traffic/Pedestrian_Crossing_1/0000027.jpg,0000027,
Traffic,https://media.istockphoto.com/id/1386843956/photo/pedestrians-on-the-street.jpg?s=612x612&w=0&k=20&c=LPq5UdnOzElFy33YpwEKXjl5ZHe0o7qIEE4_9kT0j4U=,Not Applicable,Driving Distraction,Pedestrian_Crossing_1,0000028,data/processed_images/traffic/Pedestrian_Crossing_1/0000028.jpg,0000028,
Traffic,https://media.istockphoto.com/id/1386843956/photo/pedestrians-on-the-street.jpg?s=612x612&w=0&k=20&c=LPq5UdnOzElFy33YpwEKXjl5ZHe0o7qIEE4_9kT0j4U=,Violated,Pedestrian Crossing,Pedestrian_Crossing_1,0000028,data/processed_images/traffic/Pedestrian_Crossing_1/0000028.jpg,0000028,
Traffic,https://media.istockphoto.com/id/1386843956/photo/pedestrians-on-the-street.jpg?s=612x612&w=0&k=20&c=LPq5UdnOzElFy33YpwEKXjl5ZHe0o7qIEE4_9kT0j4U=,Not Applicable,Road Condition,Pedestrian_Crossing_1,0000028,data/processed_images/traffic/Pedestrian_Crossing_1/0000028.jpg,0000028,
Traffic,https://media.istockphoto.com/id/1386843956/photo/pedestrians-on-the-street.jpg?s=612x612&w=0&k=20&c=LPq5UdnOzElFy33YpwEKXjl5ZHe0o7qIEE4_9kT0j4U=,Complied,Traffic Rules,Pedestrian_Crossing_1,0000028,data/processed_images/traffic/Pedestrian_Crossing_1/0000028.jpg,0000028,
Traffic,https://media.istockphoto.com/id/1386843956/photo/pedestrians-on-the-street.jpg?s=612x612&w=0&k=20&c=LPq5UdnOzElFy33YpwEKXjl5ZHe0o7qIEE4_9kT0j4U=,Complied,Vehicle Load,Pedestrian_Crossing_1,0000028,data/processed_images/traffic/Pedestrian_Crossing_1/0000028.jpg,0000028,
Traffic,https://media.istockphoto.com/id/1625170893/photo/people-jaywalking-in-new-york-city.jpg?s=612x612&w=0&k=20&c=mzG9kd2F9-yyGHGi69fEsARyA6TzOuJxC-qTHez8pzI=,Not Applicable,Driving Distraction,Pedestrian_Crossing_1,0000029,data/processed_images/traffic/Pedestrian_Crossing_1/0000029.jpg,0000029,
Traffic,https://media.istockphoto.com/id/1625170893/photo/people-jaywalking-in-new-york-city.jpg?s=612x612&w=0&k=20&c=mzG9kd2F9-yyGHGi69fEsARyA6TzOuJxC-qTHez8pzI=,Violated,Pedestrian Crossing,Pedestrian_Crossing_1,0000029,data/processed_images/traffic/Pedestrian_Crossing_1/0000029.jpg,0000029,
Traffic,https://media.istockphoto.com/id/1625170893/photo/people-jaywalking-in-new-york-city.jpg?s=612x612&w=0&k=20&c=mzG9kd2F9-yyGHGi69fEsARyA6TzOuJxC-qTHez8pzI=,Not Applicable,Road Condition,Pedestrian_Crossing_1,0000029,data/processed_images/traffic/Pedestrian_Crossing_1/0000029.jpg,0000029,
Traffic,https://media.istockphoto.com/id/1625170893/photo/people-jaywalking-in-new-york-city.jpg?s=612x612&w=0&k=20&c=mzG9kd2F9-yyGHGi69fEsARyA6TzOuJxC-qTHez8pzI=,Not Applicable,Traffic Rules,Pedestrian_Crossing_1,0000029,data/processed_images/traffic/Pedestrian_Crossing_1/0000029.jpg,0000029,
Traffic,https://media.istockphoto.com/id/1625170893/photo/people-jaywalking-in-new-york-city.jpg?s=612x612&w=0&k=20&c=mzG9kd2F9-yyGHGi69fEsARyA6TzOuJxC-qTHez8pzI=,Not Applicable,Vehicle Load,Pedestrian_Crossing_1,0000029,data/processed_images/traffic/Pedestrian_Crossing_1/0000029.jpg,0000029,
Traffic,https://media.istockphoto.com/id/1194518540/photo/children-jaywalking.jpg?s=612x612&w=0&k=20&c=S5ELtbN0eplB3RuLP8x0r-WkmKJhvVZoi51gSFOvhw4=,Not Applicable,Driving Distraction,Pedestrian_Crossing_1,0000030,data/processed_images/traffic/Pedestrian_Crossing_1/0000030.jpg,0000030,
Traffic,https://media.istockphoto.com/id/1194518540/photo/children-jaywalking.jpg?s=612x612&w=0&k=20&c=S5ELtbN0eplB3RuLP8x0r-WkmKJhvVZoi51gSFOvhw4=,Violated,Pedestrian Crossing,Pedestrian_Crossing_1,0000030,data/processed_images/traffic/Pedestrian_Crossing_1/0000030.jpg,0000030,
Traffic,https://media.istockphoto.com/id/1194518540/photo/children-jaywalking.jpg?s=612x612&w=0&k=20&c=S5ELtbN0eplB3RuLP8x0r-WkmKJhvVZoi51gSFOvhw4=,Complied,Road Condition,Pedestrian_Crossing_1,0000030,data/processed_images/traffic/Pedestrian_Crossing_1/0000030.jpg,0000030,
Traffic,https://media.istockphoto.com/id/1194518540/photo/children-jaywalking.jpg?s=612x612&w=0&k=20&c=S5ELtbN0eplB3RuLP8x0r-WkmKJhvVZoi51gSFOvhw4=,Not Applicable,Traffic Rules,Pedestrian_Crossing_1,0000030,data/processed_images/traffic/Pedestrian_Crossing_1/0000030.jpg,0000030,
Traffic,https://media.istockphoto.com/id/1194518540/photo/children-jaywalking.jpg?s=612x612&w=0&k=20&c=S5ELtbN0eplB3RuLP8x0r-WkmKJhvVZoi51gSFOvhw4=,Not Applicable,Vehicle Load,Pedestrian_Crossing_1,0000030,data/processed_images/traffic/Pedestrian_Crossing_1/0000030.jpg,0000030,
Traffic,https://media.istockphoto.com/id/1278097812/photo/girl-crossing-the-street-while-the-stoplight-is-showing-the-red-man-pedestrian-jaywalking.jpg?s=612x612&w=0&k=20&c=PhNm6vhD91IkWs2A37aGiCFeD7wO_nf5W2rD3W3zuQ0=,Not Applicable,Driving Distraction,Pedestrian_Crossing_1,0000031,data/processed_images/traffic/Pedestrian_Crossing_1/0000031.jpg,0000031,
Traffic,https://media.istockphoto.com/id/1278097812/photo/girl-crossing-the-street-while-the-stoplight-is-showing-the-red-man-pedestrian-jaywalking.jpg?s=612x612&w=0&k=20&c=PhNm6vhD91IkWs2A37aGiCFeD7wO_nf5W2rD3W3zuQ0=,Violated,Pedestrian Crossing,Pedestrian_Crossing_1,0000031,data/processed_images/traffic/Pedestrian_Crossing_1/0000031.jpg,0000031,
Traffic,https://media.istockphoto.com/id/1278097812/photo/girl-crossing-the-street-while-the-stoplight-is-showing-the-red-man-pedestrian-jaywalking.jpg?s=612x612&w=0&k=20&c=PhNm6vhD91IkWs2A37aGiCFeD7wO_nf5W2rD3W3zuQ0=,Not Applicable,Road Condition,Pedestrian_Crossing_1,0000031,data/processed_images/traffic/Pedestrian_Crossing_1/0000031.jpg,0000031,
Traffic,https://media.istockphoto.com/id/1278097812/photo/girl-crossing-the-street-while-the-stoplight-is-showing-the-red-man-pedestrian-jaywalking.jpg?s=612x612&w=0&k=20&c=PhNm6vhD91IkWs2A37aGiCFeD7wO_nf5W2rD3W3zuQ0=,Not Applicable,Traffic Rules,Pedestrian_Crossing_1,0000031,data/processed_images/traffic/Pedestrian_Crossing_1/0000031.jpg,0000031,
Traffic,https://media.istockphoto.com/id/1278097812/photo/girl-crossing-the-street-while-the-stoplight-is-showing-the-red-man-pedestrian-jaywalking.jpg?s=612x612&w=0&k=20&c=PhNm6vhD91IkWs2A37aGiCFeD7wO_nf5W2rD3W3zuQ0=,Not Applicable,Vehicle Load,Pedestrian_Crossing_1,0000031,data/processed_images/traffic/Pedestrian_Crossing_1/0000031.jpg,0000031,
Traffic,https://media.istockphoto.com/id/1150351464/photo/jaywalking-on-a-city-street.jpg?s=612x612&w=0&k=20&c=xvH692j6e2bA03I86zgcYoZ40DLRmf1Dd_hR7IY5n-Y=,Not Applicable,Driving Distraction,Pedestrian_Crossing_1,0000032,data/processed_images/traffic/Pedestrian_Crossing_1/0000032.jpg,0000032,
Traffic,https://media.istockphoto.com/id/1150351464/photo/jaywalking-on-a-city-street.jpg?s=612x612&w=0&k=20&c=xvH692j6e2bA03I86zgcYoZ40DLRmf1Dd_hR7IY5n-Y=,Violated,Pedestrian Crossing,Pedestrian_Crossing_1,0000032,data/processed_images/traffic/Pedestrian_Crossing_1/0000032.jpg,0000032,
Traffic,https://media.istockphoto.com/id/1150351464/photo/jaywalking-on-a-city-street.jpg?s=612x612&w=0&k=20&c=xvH692j6e2bA03I86zgcYoZ40DLRmf1Dd_hR7IY5n-Y=,Not Applicable,Road Condition,Pedestrian_Crossing_1,0000032,data/processed_images/traffic/Pedestrian_Crossing_1/0000032.jpg,0000032,
Traffic,https://media.istockphoto.com/id/1150351464/photo/jaywalking-on-a-city-street.jpg?s=612x612&w=0&k=20&c=xvH692j6e2bA03I86zgcYoZ40DLRmf1Dd_hR7IY5n-Y=,Not Applicable,Traffic Rules,Pedestrian_Crossing_1,0000032,data/processed_images/traffic/Pedestrian_Crossing_1/0000032.jpg,0000032,
Traffic,https://media.istockphoto.com/id/1150351464/photo/jaywalking-on-a-city-street.jpg?s=612x612&w=0&k=20&c=xvH692j6e2bA03I86zgcYoZ40DLRmf1Dd_hR7IY5n-Y=,Not Applicable,Vehicle Load,Pedestrian_Crossing_1,0000032,data/processed_images/traffic/Pedestrian_Crossing_1/0000032.jpg,0000032,
Traffic,https://media.istockphoto.com/id/1086855128/photo/shopping-street-melbourne-australia.jpg?s=612x612&w=0&k=20&c=OmP0emjl1yAc9cJzIqLosa8CC6BsZTJgiXHh6rHg7Yo=,Not Applicable,Driving Distraction,Pedestrian_Crossing_1,0000033,data/processed_images/traffic/Pedestrian_Crossing_1/0000033.jpg,0000033,
Traffic,https://media.istockphoto.com/id/1086855128/photo/shopping-street-melbourne-australia.jpg?s=612x612&w=0&k=20&c=OmP0emjl1yAc9cJzIqLosa8CC6BsZTJgiXHh6rHg7Yo=,Violated,Pedestrian Crossing,Pedestrian_Crossing_1,0000033,data/processed_images/traffic/Pedestrian_Crossing_1/0000033.jpg,0000033,
Traffic,https://media.istockphoto.com/id/1086855128/photo/shopping-street-melbourne-australia.jpg?s=612x612&w=0&k=20&c=OmP0emjl1yAc9cJzIqLosa8CC6BsZTJgiXHh6rHg7Yo=,Not Applicable,Road Condition,Pedestrian_Crossing_1,0000033,data/processed_images/traffic/Pedestrian_Crossing_1/0000033.jpg,0000033,
Traffic,https://media.istockphoto.com/id/1086855128/photo/shopping-street-melbourne-australia.jpg?s=612x612&w=0&k=20&c=OmP0emjl1yAc9cJzIqLosa8CC6BsZTJgiXHh6rHg7Yo=,Not Applicable,Traffic Rules,Pedestrian_Crossing_1,0000033,data/processed_images/traffic/Pedestrian_Crossing_1/0000033.jpg,0000033,
Traffic,https://media.istockphoto.com/id/1086855128/photo/shopping-street-melbourne-australia.jpg?s=612x612&w=0&k=20&c=OmP0emjl1yAc9cJzIqLosa8CC6BsZTJgiXHh6rHg7Yo=,Not Applicable,Vehicle Load,Pedestrian_Crossing_1,0000033,data/processed_images/traffic/Pedestrian_Crossing_1/0000033.jpg,0000033,
Traffic,https://st3.depositphotos.com/16748900/32882/i/380/depositphotos_328820768-stock-photo-two-pedestrians-cross-road-jaywalk.jpg,Not Applicable,Driving Distraction,Pedestrian_Crossing_1,0000034,data/processed_images/traffic/Pedestrian_Crossing_1/0000034.jpg,0000034,
Traffic,https://st3.depositphotos.com/16748900/32882/i/380/depositphotos_328820768-stock-photo-two-pedestrians-cross-road-jaywalk.jpg,Violated,Pedestrian Crossing,Pedestrian_Crossing_1,0000034,data/processed_images/traffic/Pedestrian_Crossing_1/0000034.jpg,0000034,
Traffic,https://st3.depositphotos.com/16748900/32882/i/380/depositphotos_328820768-stock-photo-two-pedestrians-cross-road-jaywalk.jpg,Complied,Road Condition,Pedestrian_Crossing_1,0000034,data/processed_images/traffic/Pedestrian_Crossing_1/0000034.jpg,0000034,
Traffic,https://st3.depositphotos.com/16748900/32882/i/380/depositphotos_328820768-stock-photo-two-pedestrians-cross-road-jaywalk.jpg,Not Applicable,Traffic Rules,Pedestrian_Crossing_1,0000034,data/processed_images/traffic/Pedestrian_Crossing_1/0000034.jpg,0000034,
Traffic,https://st3.depositphotos.com/16748900/32882/i/380/depositphotos_328820768-stock-photo-two-pedestrians-cross-road-jaywalk.jpg,Not Applicable,Vehicle Load,Pedestrian_Crossing_1,0000034,data/processed_images/traffic/Pedestrian_Crossing_1/0000034.jpg,0000034,
Traffic,https://st.depositphotos.com/20024196/60003/i/380/depositphotos_600035298-stock-photo-london-may-2022-people-crossing.jpg,Not Applicable,Driving Distraction,Pedestrian_Crossing_1,0000035,data/processed_images/traffic/Pedestrian_Crossing_1/0000035.jpg,0000035,
Traffic,https://st.depositphotos.com/20024196/60003/i/380/depositphotos_600035298-stock-photo-london-may-2022-people-crossing.jpg,Violated,Pedestrian Crossing,Pedestrian_Crossing_1,0000035,data/processed_images/traffic/Pedestrian_Crossing_1/0000035.jpg,0000035,
Traffic,https://st.depositphotos.com/20024196/60003/i/380/depositphotos_600035298-stock-photo-london-may-2022-people-crossing.jpg,Not Applicable,Road Condition,Pedestrian_Crossing_1,0000035,data/processed_images/traffic/Pedestrian_Crossing_1/0000035.jpg,0000035,
Traffic,https://st.depositphotos.com/20024196/60003/i/380/depositphotos_600035298-stock-photo-london-may-2022-people-crossing.jpg,Not Applicable,Traffic Rules,Pedestrian_Crossing_1,0000035,data/processed_images/traffic/Pedestrian_Crossing_1/0000035.jpg,0000035,
Traffic,https://st.depositphotos.com/20024196/60003/i/380/depositphotos_600035298-stock-photo-london-may-2022-people-crossing.jpg,Not Applicable,Vehicle Load,Pedestrian_Crossing_1,0000035,data/processed_images/traffic/Pedestrian_Crossing_1/0000035.jpg,0000035,
Traffic,https://st4.depositphotos.com/21607914/24190/i/380/depositphotos_241900166-stock-photo-chinese-pedestrians-jaywalk-road-red.jpg,Not Applicable,Driving Distraction,Pedestrian_Crossing_1,0000036,data/processed_images/traffic/Pedestrian_Crossing_1/0000036.jpg,0000036,
Traffic,https://st4.depositphotos.com/21607914/24190/i/380/depositphotos_241900166-stock-photo-chinese-pedestrians-jaywalk-road-red.jpg,Violated,Pedestrian Crossing,Pedestrian_Crossing_1,0000036,data/processed_images/traffic/Pedestrian_Crossing_1/0000036.jpg,0000036,
Traffic,https://st4.depositphotos.com/21607914/24190/i/380/depositphotos_241900166-stock-photo-chinese-pedestrians-jaywalk-road-red.jpg,Complied,Road Condition,Pedestrian_Crossing_1,0000036,data/processed_images/traffic/Pedestrian_Crossing_1/0000036.jpg,0000036,
Traffic,https://st4.depositphotos.com/21607914/24190/i/380/depositphotos_241900166-stock-photo-chinese-pedestrians-jaywalk-road-red.jpg,Not Applicable,Traffic Rules,Pedestrian_Crossing_1,0000036,data/processed_images/traffic/Pedestrian_Crossing_1/0000036.jpg,0000036,
Traffic,https://st4.depositphotos.com/21607914/24190/i/380/depositphotos_241900166-stock-photo-chinese-pedestrians-jaywalk-road-red.jpg,Not Applicable,Vehicle Load,Pedestrian_Crossing_1,0000036,data/processed_images/traffic/Pedestrian_Crossing_1/0000036.jpg,0000036,
Traffic,https://encrypted-tbn0.gstatic.com/images?q=tbn:ANd9GcT9w1XHvVMUjqRe5CdatLuU4tvf4m4-uFFCAQ&s,Not Applicable,Driving Distraction,Pedestrian_Crossing_1,0000037,data/processed_images/traffic/Pedestrian_Crossing_1/0000037.jpg,0000037,
Traffic,https://encrypted-tbn0.gstatic.com/images?q=tbn:ANd9GcT9w1XHvVMUjqRe5CdatLuU4tvf4m4-uFFCAQ&s,Violated,Pedestrian Crossing,Pedestrian_Crossing_1,0000037,data/processed_images/traffic/Pedestrian_Crossing_1/0000037.jpg,0000037,
Traffic,https://encrypted-tbn0.gstatic.com/images?q=tbn:ANd9GcT9w1XHvVMUjqRe5CdatLuU4tvf4m4-uFFCAQ&s,Not Applicable,Road Condition,Pedestrian_Crossing_1,0000037,data/processed_images/traffic/Pedestrian_Crossing_1/0000037.jpg,0000037,
Traffic,https://encrypted-tbn0.gstatic.com/images?q=tbn:ANd9GcT9w1XHvVMUjqRe5CdatLuU4tvf4m4-uFFCAQ&s,Not Applicable,Traffic Rules,Pedestrian_Crossing_1,0000037,data/processed_images/traffic/Pedestrian_Crossing_1/0000037.jpg,0000037,
Traffic,https://encrypted-tbn0.gstatic.com/images?q=tbn:ANd9GcT9w1XHvVMUjqRe5CdatLuU4tvf4m4-uFFCAQ&s,Not Applicable,Vehicle Load,Pedestrian_Crossing_1,0000037,data/processed_images/traffic/Pedestrian_Crossing_1/0000037.jpg,0000037,
Traffic,https://encrypted-tbn0.gstatic.com/images?q=tbn:ANd9GcSvCQ2QfrPj0e0zIxf9oEcu_GXz_JtmnWdcZr95X7Rv4hr5ELi3JOYrZBkFmW76gPRyZdw&usqp=CAU,Not Applicable,Driving Distraction,Pedestrian_Crossing_1,0000038,data/processed_images/traffic/Pedestrian_Crossing_1/0000038.jpg,0000038,
Traffic,https://encrypted-tbn0.gstatic.com/images?q=tbn:ANd9GcSvCQ2QfrPj0e0zIxf9oEcu_GXz_JtmnWdcZr95X7Rv4hr5ELi3JOYrZBkFmW76gPRyZdw&usqp=CAU,Violated,Pedestrian Crossing,Pedestrian_Crossing_1,0000038,data/processed_images/traffic/Pedestrian_Crossing_1/0000038.jpg,0000038,
Traffic,https://encrypted-tbn0.gstatic.com/images?q=tbn:ANd9GcSvCQ2QfrPj0e0zIxf9oEcu_GXz_JtmnWdcZr95X7Rv4hr5ELi3JOYrZBkFmW76gPRyZdw&usqp=CAU,Complied,Road Condition,Pedestrian_Crossing_1,0000038,data/processed_images/traffic/Pedestrian_Crossing_1/0000038.jpg,0000038,
Traffic,https://encrypted-tbn0.gstatic.com/images?q=tbn:ANd9GcSvCQ2QfrPj0e0zIxf9oEcu_GXz_JtmnWdcZr95X7Rv4hr5ELi3JOYrZBkFmW76gPRyZdw&usqp=CAU,Not Applicable,Traffic Rules,Pedestrian_Crossing_1,0000038,data/processed_images/traffic/Pedestrian_Crossing_1/0000038.jpg,0000038,
Traffic,https://encrypted-tbn0.gstatic.com/images?q=tbn:ANd9GcSvCQ2QfrPj0e0zIxf9oEcu_GXz_JtmnWdcZr95X7Rv4hr5ELi3JOYrZBkFmW76gPRyZdw&usqp=CAU,Not Applicable,Vehicle Load,Pedestrian_Crossing_1,0000038,data/processed_images/traffic/Pedestrian_Crossing_1/0000038.jpg,0000038,
Traffic,https://media.cnn.com/api/v1/images/stellar/prod/gettyimages-1943409413.jpg,Not Applicable,Driving Distraction,Pedestrian_Crossing_1,0000039,data/processed_images/traffic/Pedestrian_Crossing_1/0000039.jpg,0000039,
Traffic,https://media.cnn.com/api/v1/images/stellar/prod/gettyimages-1943409413.jpg,Violated,Pedestrian Crossing,Pedestrian_Crossing_1,0000039,data/processed_images/traffic/Pedestrian_Crossing_1/0000039.jpg,0000039,
Traffic,https://media.cnn.com/api/v1/images/stellar/prod/gettyimages-1943409413.jpg,Not Applicable,Road Condition,Pedestrian_Crossing_1,0000039,data/processed_images/traffic/Pedestrian_Crossing_1/0000039.jpg,0000039,
Traffic,https://media.cnn.com/api/v1/images/stellar/prod/gettyimages-1943409413.jpg,Not Applicable,Traffic Rules,Pedestrian_Crossing_1,0000039,data/processed_images/traffic/Pedestrian_Crossing_1/0000039.jpg,0000039,
Traffic,https://media.cnn.com/api/v1/images/stellar/prod/gettyimages-1943409413.jpg,Not Applicable,Vehicle Load,Pedestrian_Crossing_1,0000039,data/processed_images/traffic/Pedestrian_Crossing_1/0000039.jpg,0000039,
Traffic,https://jbsolicitors.com.au/wp-content/uploads/2023/02/jaywalking-featured.jpg,Not Applicable,Driving Distraction,Pedestrian_Crossing_1,0000040,data/processed_images/traffic/Pedestrian_Crossing_1/0000040.jpg,0000040,
Traffic,https://jbsolicitors.com.au/wp-content/uploads/2023/02/jaywalking-featured.jpg,Violated,Pedestrian Crossing,Pedestrian_Crossing_1,0000040,data/processed_images/traffic/Pedestrian_Crossing_1/0000040.jpg,0000040,
Traffic,https://jbsolicitors.com.au/wp-content/uploads/2023/02/jaywalking-featured.jpg,Not Applicable,Road Condition,Pedestrian_Crossing_1,0000040,data/processed_images/traffic/Pedestrian_Crossing_1/0000040.jpg,0000040,
Traffic,https://jbsolicitors.com.au/wp-content/uploads/2023/02/jaywalking-featured.jpg,Not Applicable,Traffic Rules,Pedestrian_Crossing_1,0000040,data/processed_images/traffic/Pedestrian_Crossing_1/0000040.jpg,0000040,
Traffic,https://jbsolicitors.com.au/wp-content/uploads/2023/02/jaywalking-featured.jpg,Complied,Vehicle Load,Pedestrian_Crossing_1,0000040,data/processed_images/traffic/Pedestrian_Crossing_1/0000040.jpg,0000040,
Traffic,https://www.delawareonline.com/gcdn/presto/2018/08/06/PWIL/612222e6-c0f1-41ea-be23-6b0e7a355920-080618-Jaywalking-SP107.JPG,Not Applicable,Driving Distraction,Pedestrian_Crossing_1,0000041,data/processed_images/traffic/Pedestrian_Crossing_1/0000041.jpg,0000041,
Traffic,https://www.delawareonline.com/gcdn/presto/2018/08/06/PWIL/612222e6-c0f1-41ea-be23-6b0e7a355920-080618-Jaywalking-SP107.JPG,Violated,Pedestrian Crossing,Pedestrian_Crossing_1,0000041,data/processed_images/traffic/Pedestrian_Crossing_1/0000041.jpg,0000041,
Traffic,https://www.delawareonline.com/gcdn/presto/2018/08/06/PWIL/612222e6-c0f1-41ea-be23-6b0e7a355920-080618-Jaywalking-SP107.JPG,Complied,Road Condition,Pedestrian_Crossing_1,0000041,data/processed_images/traffic/Pedestrian_Crossing_1/0000041.jpg,0000041,
Traffic,https://www.delawareonline.com/gcdn/presto/2018/08/06/PWIL/612222e6-c0f1-41ea-be23-6b0e7a355920-080618-Jaywalking-SP107.JPG,Violated,Traffic Rules,Pedestrian_Crossing_1,0000041,data/processed_images/traffic/Pedestrian_Crossing_1/0000041.jpg,0000041,
Traffic,https://www.delawareonline.com/gcdn/presto/2018/08/06/PWIL/612222e6-c0f1-41ea-be23-6b0e7a355920-080618-Jaywalking-SP107.JPG,Complied,Vehicle Load,Pedestrian_Crossing_1,0000041,data/processed_images/traffic/Pedestrian_Crossing_1/0000041.jpg,0000041,
Traffic,https://jbsolicitors.com.au/wp-content/uploads/2023/02/jaywalking-featured.jpg,Not Applicable,Driving Distraction,Pedestrian_Crossing_1,0000042,data/processed_images/traffic/Pedestrian_Crossing_1/0000040.jpg,0000040,Duplication
Traffic,https://jbsolicitors.com.au/wp-content/uploads/2023/02/jaywalking-featured.jpg,Violated,Pedestrian Crossing,Pedestrian_Crossing_1,0000042,data/processed_images/traffic/Pedestrian_Crossing_1/0000040.jpg,0000040,Duplication
Traffic,https://jbsolicitors.com.au/wp-content/uploads/2023/02/jaywalking-featured.jpg,Not Applicable,Road Condition,Pedestrian_Crossing_1,0000042,data/processed_images/traffic/Pedestrian_Crossing_1/0000040.jpg,0000040,Duplication
Traffic,https://jbsolicitors.com.au/wp-content/uploads/2023/02/jaywalking-featured.jpg,Not Applicable,Traffic Rules,Pedestrian_Crossing_1,0000042,data/processed_images/traffic/Pedestrian_Crossing_1/0000040.jpg,0000040,Duplication
Traffic,https://jbsolicitors.com.au/wp-content/uploads/2023/02/jaywalking-featured.jpg,Complied,Vehicle Load,Pedestrian_Crossing_1,0000042,data/processed_images/traffic/Pedestrian_Crossing_1/0000040.jpg,0000040,Duplication
Traffic,https://encrypted-tbn0.gstatic.com/images?q=tbn:ANd9GcQYHOAtC8Mr4h7s_hlM4iFKmcTHq1ui6W9woj2wgWWKzPWqiX_PKVMfHYmVT2I8fr2wE8s&usqp=CAU,Not Applicable,Driving Distraction,Pedestrian_Crossing_1,0000043,data/processed_images/traffic/Pedestrian_Crossing_1/0000043.jpg,0000043,
Traffic,https://encrypted-tbn0.gstatic.com/images?q=tbn:ANd9GcQYHOAtC8Mr4h7s_hlM4iFKmcTHq1ui6W9woj2wgWWKzPWqiX_PKVMfHYmVT2I8fr2wE8s&usqp=CAU,Violated,Pedestrian Crossing,Pedestrian_Crossing_1,0000043,data/processed_images/traffic/Pedestrian_Crossing_1/0000043.jpg,0000043,
Traffic,https://encrypted-tbn0.gstatic.com/images?q=tbn:ANd9GcQYHOAtC8Mr4h7s_hlM4iFKmcTHq1ui6W9woj2wgWWKzPWqiX_PKVMfHYmVT2I8fr2wE8s&usqp=CAU,Not Applicable,Road Condition,Pedestrian_Crossing_1,0000043,data/processed_images/traffic/Pedestrian_Crossing_1/0000043.jpg,0000043,
Traffic,https://encrypted-tbn0.gstatic.com/images?q=tbn:ANd9GcQYHOAtC8Mr4h7s_hlM4iFKmcTHq1ui6W9woj2wgWWKzPWqiX_PKVMfHYmVT2I8fr2wE8s&usqp=CAU,Violated,Traffic Rules,Pedestrian_Crossing_1,0000043,data/processed_images/traffic/Pedestrian_Crossing_1/0000043.jpg,0000043,
Traffic,https://encrypted-tbn0.gstatic.com/images?q=tbn:ANd9GcQYHOAtC8Mr4h7s_hlM4iFKmcTHq1ui6W9woj2wgWWKzPWqiX_PKVMfHYmVT2I8fr2wE8s&usqp=CAU,Complied,Vehicle Load,Pedestrian_Crossing_1,0000043,data/processed_images/traffic/Pedestrian_Crossing_1/0000043.jpg,0000043,
Traffic,https://media.istockphoto.com/id/1287538671/photo/crossing-the-street-at-a-pedestrian-crossing-and-looking-his-cellphone.jpg?s=612x612&w=0&k=20&c=3LArQpBVUOczDvDP1Hz7cFnCE0MkeuC2FYxaKTuLYzY=,Not Applicable,Driving Distraction,Pedestrian_Crossing_1,0000044,data/processed_images/traffic/Pedestrian_Crossing_1/0000044.jpg,0000044,
Traffic,https://media.istockphoto.com/id/1287538671/photo/crossing-the-street-at-a-pedestrian-crossing-and-looking-his-cellphone.jpg?s=612x612&w=0&k=20&c=3LArQpBVUOczDvDP1Hz7cFnCE0MkeuC2FYxaKTuLYzY=,Violated,Pedestrian Crossing,Pedestrian_Crossing_1,0000044,data/processed_images/traffic/Pedestrian_Crossing_1/0000044.jpg,0000044,
Traffic,https://media.istockphoto.com/id/1287538671/photo/crossing-the-street-at-a-pedestrian-crossing-and-looking-his-cellphone.jpg?s=612x612&w=0&k=20&c=3LArQpBVUOczDvDP1Hz7cFnCE0MkeuC2FYxaKTuLYzY=,Complied,Road Condition,Pedestrian_Crossing_1,0000044,data/processed_images/traffic/Pedestrian_Crossing_1/0000044.jpg,0000044,
Traffic,https://media.istockphoto.com/id/1287538671/photo/crossing-the-street-at-a-pedestrian-crossing-and-looking-his-cellphone.jpg?s=612x612&w=0&k=20&c=3LArQpBVUOczDvDP1Hz7cFnCE0MkeuC2FYxaKTuLYzY=,Not Applicable,Traffic Rules,Pedestrian_Crossing_1,0000044,data/processed_images/traffic/Pedestrian_Crossing_1/0000044.jpg,0000044,
Traffic,https://media.istockphoto.com/id/1287538671/photo/crossing-the-street-at-a-pedestrian-crossing-and-looking-his-cellphone.jpg?s=612x612&w=0&k=20&c=3LArQpBVUOczDvDP1Hz7cFnCE0MkeuC2FYxaKTuLYzY=,Not Applicable,Vehicle Load,Pedestrian_Crossing_1,0000044,data/processed_images/traffic/Pedestrian_Crossing_1/0000044.jpg,0000044,
Traffic,https://media.istockphoto.com/id/539243306/photo/cheerful-young-woman-standing-on-street-and-talking-at-phone.jpg?s=612x612&w=0&k=20&c=lXkF2SFIouc_-uimeMmBvjsIR7_MFCHAveAaGZDutmQ=,Not Applicable,Driving Distraction,Pedestrian_Crossing_1,0000045,data/processed_images/traffic/Pedestrian_Crossing_1/0000045.jpg,0000045,
Traffic,https://media.istockphoto.com/id/539243306/photo/cheerful-young-woman-standing-on-street-and-talking-at-phone.jpg?s=612x612&w=0&k=20&c=lXkF2SFIouc_-uimeMmBvjsIR7_MFCHAveAaGZDutmQ=,Violated,Pedestrian Crossing,Pedestrian_Crossing_1,0000045,data/processed_images/traffic/Pedestrian_Crossing_1/0000045.jpg,0000045,
Traffic,https://media.istockphoto.com/id/539243306/photo/cheerful-young-woman-standing-on-street-and-talking-at-phone.jpg?s=612x612&w=0&k=20&c=lXkF2SFIouc_-uimeMmBvjsIR7_MFCHAveAaGZDutmQ=,Not Applicable,Road Condition,Pedestrian_Crossing_1,0000045,data/processed_images/traffic/Pedestrian_Crossing_1/0000045.jpg,0000045,
Traffic,https://media.istockphoto.com/id/539243306/photo/cheerful-young-woman-standing-on-street-and-talking-at-phone.jpg?s=612x612&w=0&k=20&c=lXkF2SFIouc_-uimeMmBvjsIR7_MFCHAveAaGZDutmQ=,Not Applicable,Traffic Rules,Pedestrian_Crossing_1,0000045,data/processed_images/traffic/Pedestrian_Crossing_1/0000045.jpg,0000045,
Traffic,https://media.istockphoto.com/id/539243306/photo/cheerful-young-woman-standing-on-street-and-talking-at-phone.jpg?s=612x612&w=0&k=20&c=lXkF2SFIouc_-uimeMmBvjsIR7_MFCHAveAaGZDutmQ=,Complied,Vehicle Load,Pedestrian_Crossing_1,0000045,data/processed_images/traffic/Pedestrian_Crossing_1/0000045.jpg,0000045,
Traffic,https://st4.depositphotos.com/21607914/23781/i/380/depositphotos_237813492-stock-photo-chinese-jaywalkers-walk-road-nanjing.jpg,Not Applicable,Driving Distraction,Pedestrian_Crossing_1,0000046,data/processed_images/traffic/Pedestrian_Crossing_1/0000046.jpg,0000046,
Traffic,https://st4.depositphotos.com/21607914/23781/i/380/depositphotos_237813492-stock-photo-chinese-jaywalkers-walk-road-nanjing.jpg,Violated,Pedestrian Crossing,Pedestrian_Crossing_1,0000046,data/processed_images/traffic/Pedestrian_Crossing_1/0000046.jpg,0000046,
Traffic,https://st4.depositphotos.com/21607914/23781/i/380/depositphotos_237813492-stock-photo-chinese-jaywalkers-walk-road-nanjing.jpg,Not Applicable,Road Condition,Pedestrian_Crossing_1,0000046,data/processed_images/traffic/Pedestrian_Crossing_1/0000046.jpg,0000046,
Traffic,https://st4.depositphotos.com/21607914/23781/i/380/depositphotos_237813492-stock-photo-chinese-jaywalkers-walk-road-nanjing.jpg,Complied,Traffic Rules,Pedestrian_Crossing_1,0000046,data/processed_images/traffic/Pedestrian_Crossing_1/0000046.jpg,0000046,
Traffic,https://st4.depositphotos.com/21607914/23781/i/380/depositphotos_237813492-stock-photo-chinese-jaywalkers-walk-road-nanjing.jpg,Complied,Vehicle Load,Pedestrian_Crossing_1,0000046,data/processed_images/traffic/Pedestrian_Crossing_1/0000046.jpg,0000046,
Traffic,https://st4.depositphotos.com/21607914/23781/i/380/depositphotos_237818180-stock-photo-file-chinese-jaywalkers-walk-road.jpg,Not Applicable,Driving Distraction,Pedestrian_Crossing_1,0000047,data/processed_images/traffic/Pedestrian_Crossing_1/0000047.jpg,0000047,
Traffic,https://st4.depositphotos.com/21607914/23781/i/380/depositphotos_237818180-stock-photo-file-chinese-jaywalkers-walk-road.jpg,Violated,Pedestrian Crossing,Pedestrian_Crossing_1,0000047,data/processed_images/traffic/Pedestrian_Crossing_1/0000047.jpg,0000047,
Traffic,https://st4.depositphotos.com/21607914/23781/i/380/depositphotos_237818180-stock-photo-file-chinese-jaywalkers-walk-road.jpg,Not Applicable,Road Condition,Pedestrian_Crossing_1,0000047,data/processed_images/traffic/Pedestrian_Crossing_1/0000047.jpg,0000047,
Traffic,https://st4.depositphotos.com/21607914/23781/i/380/depositphotos_237818180-stock-photo-file-chinese-jaywalkers-walk-road.jpg,Not Applicable,Traffic Rules,Pedestrian_Crossing_1,0000047,data/processed_images/traffic/Pedestrian_Crossing_1/0000047.jpg,0000047,
Traffic,https://st4.depositphotos.com/21607914/23781/i/380/depositphotos_237818180-stock-photo-file-chinese-jaywalkers-walk-road.jpg,Complied,Vehicle Load,Pedestrian_Crossing_1,0000047,data/processed_images/traffic/Pedestrian_Crossing_1/0000047.jpg,0000047,
Traffic,https://images.pexels.com/photos/20030515/pexels-photo-20030515.jpeg,Not Applicable,Driving Distraction,Pedestrian_Crossing_1,0000048,data/processed_images/traffic/Pedestrian_Crossing_1/0000048.jpeg,0000048,
Traffic,https://images.pexels.com/photos/20030515/pexels-photo-20030515.jpeg,Violated,Pedestrian Crossing,Pedestrian_Crossing_1,0000048,data/processed_images/traffic/Pedestrian_Crossing_1/0000048.jpeg,0000048,
Traffic,https://images.pexels.com/photos/20030515/pexels-photo-20030515.jpeg,Not Applicable,Road Condition,Pedestrian_Crossing_1,0000048,data/processed_images/traffic/Pedestrian_Crossing_1/0000048.jpeg,0000048,
Traffic,https://images.pexels.com/photos/20030515/pexels-photo-20030515.jpeg,Not Applicable,Traffic Rules,Pedestrian_Crossing_1,0000048,data/processed_images/traffic/Pedestrian_Crossing_1/0000048.jpeg,0000048,
Traffic,https://images.pexels.com/photos/20030515/pexels-photo-20030515.jpeg,Not Applicable,Vehicle Load,Pedestrian_Crossing_1,0000048,data/processed_images/traffic/Pedestrian_Crossing_1/0000048.jpeg,0000048,
Traffic,https://content.api.news/v3/images/bin/67f13eb2acc18315091ae2ac07bcb666,Not Applicable,Driving Distraction,Pedestrian_Crossing_1,0000049,data/processed_images/traffic/Pedestrian_Crossing_1/0000049.jpg,0000049,
Traffic,https://content.api.news/v3/images/bin/67f13eb2acc18315091ae2ac07bcb666,Violated,Pedestrian Crossing,Pedestrian_Crossing_1,0000049,data/processed_images/traffic/Pedestrian_Crossing_1/0000049.jpg,0000049,
Traffic,https://content.api.news/v3/images/bin/67f13eb2acc18315091ae2ac07bcb666,Complied,Road Condition,Pedestrian_Crossing_1,0000049,data/processed_images/traffic/Pedestrian_Crossing_1/0000049.jpg,0000049,
Traffic,https://content.api.news/v3/images/bin/67f13eb2acc18315091ae2ac07bcb666,Not Applicable,Traffic Rules,Pedestrian_Crossing_1,0000049,data/processed_images/traffic/Pedestrian_Crossing_1/0000049.jpg,0000049,
Traffic,https://content.api.news/v3/images/bin/67f13eb2acc18315091ae2ac07bcb666,Complied,Vehicle Load,Pedestrian_Crossing_1,0000049,data/processed_images/traffic/Pedestrian_Crossing_1/0000049.jpg,0000049,
Traffic,https://www.metro.us/wp-content/uploads/2020/03/4_Jaywalking_080116_DSC_9573_2016-Derek-Kouyoumjian_2-scaled.jpg?quality=51&w=1200,Not Applicable,Driving Distraction,Pedestrian_Crossing_1,0000050,data/processed_images/traffic/Pedestrian_Crossing_1/0000050.jpg,0000050,
Traffic,https://www.metro.us/wp-content/uploads/2020/03/4_Jaywalking_080116_DSC_9573_2016-Derek-Kouyoumjian_2-scaled.jpg?quality=51&w=1200,Violated,Pedestrian Crossing,Pedestrian_Crossing_1,0000050,data/processed_images/traffic/Pedestrian_Crossing_1/0000050.jpg,0000050,
Traffic,https://www.metro.us/wp-content/uploads/2020/03/4_Jaywalking_080116_DSC_9573_2016-Derek-Kouyoumjian_2-scaled.jpg?quality=51&w=1200,Complied,Road Condition,Pedestrian_Crossing_1,0000050,data/processed_images/traffic/Pedestrian_Crossing_1/0000050.jpg,0000050,
Traffic,https://www.metro.us/wp-content/uploads/2020/03/4_Jaywalking_080116_DSC_9573_2016-Derek-Kouyoumjian_2-scaled.jpg?quality=51&w=1200,Not Applicable,Traffic Rules,Pedestrian_Crossing_1,0000050,data/processed_images/traffic/Pedestrian_Crossing_1/0000050.jpg,0000050,
Traffic,https://www.metro.us/wp-content/uploads/2020/03/4_Jaywalking_080116_DSC_9573_2016-Derek-Kouyoumjian_2-scaled.jpg?quality=51&w=1200,Not Applicable,Vehicle Load,Pedestrian_Crossing_1,0000050,data/processed_images/traffic/Pedestrian_Crossing_1/0000050.jpg,0000050,
Traffic,https://encrypted-tbn0.gstatic.com/images?q=tbn:ANd9GcQX-8X2GiyFIH3ouayGKWcUncDZogBtCN9sEpj3gjRsfCnwHMNeGNqJT5uLMAQM1uv53MQ&usqp=CAU,Not Applicable,Driving Distraction,Pedestrian_Crossing_1,0000051,data/processed_images/traffic/Pedestrian_Crossing_1/0000051.jpg,0000051,
Traffic,https://encrypted-tbn0.gstatic.com/images?q=tbn:ANd9GcQX-8X2GiyFIH3ouayGKWcUncDZogBtCN9sEpj3gjRsfCnwHMNeGNqJT5uLMAQM1uv53MQ&usqp=CAU,Violated,Pedestrian Crossing,Pedestrian_Crossing_1,0000051,data/processed_images/traffic/Pedestrian_Crossing_1/0000051.jpg,0000051,
Traffic,https://encrypted-tbn0.gstatic.com/images?q=tbn:ANd9GcQX-8X2GiyFIH3ouayGKWcUncDZogBtCN9sEpj3gjRsfCnwHMNeGNqJT5uLMAQM1uv53MQ&usqp=CAU,Not Applicable,Road Condition,Pedestrian_Crossing_1,0000051,data/processed_images/traffic/Pedestrian_Crossing_1/0000051.jpg,0000051,
Traffic,https://encrypted-tbn0.gstatic.com/images?q=tbn:ANd9GcQX-8X2GiyFIH3ouayGKWcUncDZogBtCN9sEpj3gjRsfCnwHMNeGNqJT5uLMAQM1uv53MQ&usqp=CAU,Not Applicable,Traffic Rules,Pedestrian_Crossing_1,0000051,data/processed_images/traffic/Pedestrian_Crossing_1/0000051.jpg,0000051,
Traffic,https://encrypted-tbn0.gstatic.com/images?q=tbn:ANd9GcQX-8X2GiyFIH3ouayGKWcUncDZogBtCN9sEpj3gjRsfCnwHMNeGNqJT5uLMAQM1uv53MQ&usqp=CAU,Not Applicable,Vehicle Load,Pedestrian_Crossing_1,0000051,data/processed_images/traffic/Pedestrian_Crossing_1/0000051.jpg,0000051,
Traffic,https://encrypted-tbn0.gstatic.com/images?q=tbn:ANd9GcTyE00T0Eh_DC3friBH57sxVnatahu4GmU5_g&s,Not Applicable,Driving Distraction,Pedestrian_Crossing_1,0000052,data/processed_images/traffic/Pedestrian_Crossing_1/0000052.jpg,0000052,
Traffic,https://encrypted-tbn0.gstatic.com/images?q=tbn:ANd9GcTyE00T0Eh_DC3friBH57sxVnatahu4GmU5_g&s,Violated,Pedestrian Crossing,Pedestrian_Crossing_1,0000052,data/processed_images/traffic/Pedestrian_Crossing_1/0000052.jpg,0000052,
Traffic,https://encrypted-tbn0.gstatic.com/images?q=tbn:ANd9GcTyE00T0Eh_DC3friBH57sxVnatahu4GmU5_g&s,Not Applicable,Road Condition,Pedestrian_Crossing_1,0000052,data/processed_images/traffic/Pedestrian_Crossing_1/0000052.jpg,0000052,
Traffic,https://encrypted-tbn0.gstatic.com/images?q=tbn:ANd9GcTyE00T0Eh_DC3friBH57sxVnatahu4GmU5_g&s,Not Applicable,Traffic Rules,Pedestrian_Crossing_1,0000052,data/processed_images/traffic/Pedestrian_Crossing_1/0000052.jpg,0000052,
Traffic,https://encrypted-tbn0.gstatic.com/images?q=tbn:ANd9GcTyE00T0Eh_DC3friBH57sxVnatahu4GmU5_g&s,Not Applicable,Vehicle Load,Pedestrian_Crossing_1,0000052,data/processed_images/traffic/Pedestrian_Crossing_1/0000052.jpg,0000052,
Traffic,https://images.unsplash.com/photo-1724044443584-ec54bd0f24c7?w=500&auto=format&fit=crop&q=60&ixlib=rb-4.1.0&ixid=M3wxMjA3fDB8MHxwaG90by1yZWxhdGVkfDF8fHxlbnwwfHx8fHw%3D,Not Applicable,Driving Distraction,Pedestrian_Crossing_1,0000053,data/processed_images/traffic/Pedestrian_Crossing_1/0000053.jpg,0000053,
Traffic,https://images.unsplash.com/photo-1724044443584-ec54bd0f24c7?w=500&auto=format&fit=crop&q=60&ixlib=rb-4.1.0&ixid=M3wxMjA3fDB8MHxwaG90by1yZWxhdGVkfDF8fHxlbnwwfHx8fHw%3D,Violated,Pedestrian Crossing,Pedestrian_Crossing_1,0000053,data/processed_images/traffic/Pedestrian_Crossing_1/0000053.jpg,0000053,
Traffic,https://images.unsplash.com/photo-1724044443584-ec54bd0f24c7?w=500&auto=format&fit=crop&q=60&ixlib=rb-4.1.0&ixid=M3wxMjA3fDB8MHxwaG90by1yZWxhdGVkfDF8fHxlbnwwfHx8fHw%3D,Complied,Road Condition,Pedestrian_Crossing_1,0000053,data/processed_images/traffic/Pedestrian_Crossing_1/0000053.jpg,0000053,
Traffic,https://images.unsplash.com/photo-1724044443584-ec54bd0f24c7?w=500&auto=format&fit=crop&q=60&ixlib=rb-4.1.0&ixid=M3wxMjA3fDB8MHxwaG90by1yZWxhdGVkfDF8fHxlbnwwfHx8fHw%3D,Not Applicable,Traffic Rules,Pedestrian_Crossing_1,0000053,data/processed_images/traffic/Pedestrian_Crossing_1/0000053.jpg,0000053,
Traffic,https://images.unsplash.com/photo-1724044443584-ec54bd0f24c7?w=500&auto=format&fit=crop&q=60&ixlib=rb-4.1.0&ixid=M3wxMjA3fDB8MHxwaG90by1yZWxhdGVkfDF8fHxlbnwwfHx8fHw%3D,Complied,Vehicle Load,Pedestrian_Crossing_1,0000053,data/processed_images/traffic/Pedestrian_Crossing_1/0000053.jpg,0000053,
Traffic,https://images.unsplash.com/photo-1698374081634-cae02713b1a6?w=500&auto=format&fit=crop&q=60&ixlib=rb-4.1.0&ixid=M3wxMjA3fDB8MHxzZWFyY2h8MTIwfHxwZWRlc3RyaWFuJTIwd2Fsa2luZyUyMGdyZWVuJTIwbGlnaHR8ZW58MHx8MHx8fDA%3D,Not Applicable,Driving Distraction,Pedestrian_Crossing_1,0000054,data/processed_images/traffic/Pedestrian_Crossing_1/0000054.jpg,0000054,
Traffic,https://images.unsplash.com/photo-1698374081634-cae02713b1a6?w=500&auto=format&fit=crop&q=60&ixlib=rb-4.1.0&ixid=M3wxMjA3fDB8MHxzZWFyY2h8MTIwfHxwZWRlc3RyaWFuJTIwd2Fsa2luZyUyMGdyZWVuJTIwbGlnaHR8ZW58MHx8MHx8fDA%3D,Complied,Pedestrian Crossing,Pedestrian_Crossing_1,0000054,data/processed_images/traffic/Pedestrian_Crossing_1/0000054.jpg,0000054,
Traffic,https://images.unsplash.com/photo-1698374081634-cae02713b1a6?w=500&auto=format&fit=crop&q=60&ixlib=rb-4.1.0&ixid=M3wxMjA3fDB8MHxzZWFyY2h8MTIwfHxwZWRlc3RyaWFuJTIwd2Fsa2luZyUyMGdyZWVuJTIwbGlnaHR8ZW58MHx8MHx8fDA%3D,Complied,Road Condition,Pedestrian_Crossing_1,0000054,data/processed_images/traffic/Pedestrian_Crossing_1/0000054.jpg,0000054,
Traffic,https://images.unsplash.com/photo-1698374081634-cae02713b1a6?w=500&auto=format&fit=crop&q=60&ixlib=rb-4.1.0&ixid=M3wxMjA3fDB8MHxzZWFyY2h8MTIwfHxwZWRlc3RyaWFuJTIwd2Fsa2luZyUyMGdyZWVuJTIwbGlnaHR8ZW58MHx8MHx8fDA%3D,Not Applicable,Traffic Rules,Pedestrian_Crossing_1,0000054,data/processed_images/traffic/Pedestrian_Crossing_1/0000054.jpg,0000054,
Traffic,https://images.unsplash.com/photo-1698374081634-cae02713b1a6?w=500&auto=format&fit=crop&q=60&ixlib=rb-4.1.0&ixid=M3wxMjA3fDB8MHxzZWFyY2h8MTIwfHxwZWRlc3RyaWFuJTIwd2Fsa2luZyUyMGdyZWVuJTIwbGlnaHR8ZW58MHx8MHx8fDA%3D,Not Applicable,Vehicle Load,Pedestrian_Crossing_1,0000054,data/processed_images/traffic/Pedestrian_Crossing_1/0000054.jpg,0000054,
Traffic,https://worksafetci.com/wp-content/uploads/shutterstock_2177448265.jpg,Not Applicable,Driving Distraction,Road_Condition_0,0000001,data/processed_images/traffic/Road_Condition_0/0000001.jpg,0000001,
Traffic,https://worksafetci.com/wp-content/uploads/shutterstock_2177448265.jpg,Not Applicable,Pedestrian Crossing,Road_Condition_0,0000001,data/processed_images/traffic/Road_Condition_0/0000001.jpg,0000001,
Traffic,https://worksafetci.com/wp-content/uploads/shutterstock_2177448265.jpg,Complied,Road Condition,Road_Condition_0,0000001,data/processed_images/traffic/Road_Condition_0/0000001.jpg,0000001,
Traffic,https://worksafetci.com/wp-content/uploads/shutterstock_2177448265.jpg,Not Applicable,Traffic Rules,Road_Condition_0,0000001,data/processed_images/traffic/Road_Condition_0/0000001.jpg,0000001,
Traffic,https://worksafetci.com/wp-content/uploads/shutterstock_2177448265.jpg,Not Applicable,Vehicle Load,Road_Condition_0,0000001,data/processed_images/traffic/Road_Condition_0/0000001.jpg,0000001,
Traffic,https://c8.alamy.com/comp/2AW2BCR/singapore-january-2020-a-road-sign-indicating-access-to-the-construction-site-2AW2BCR.jpg,Not Applicable,Driving Distraction,Road_Condition_0,0000002,data/processed_images/traffic/Road_Condition_0/0000002.jpg,0000002,
Traffic,https://c8.alamy.com/comp/2AW2BCR/singapore-january-2020-a-road-sign-indicating-access-to-the-construction-site-2AW2BCR.jpg,Not Applicable,Pedestrian Crossing,Road_Condition_0,0000002,data/processed_images/traffic/Road_Condition_0/0000002.jpg,0000002,
Traffic,https://c8.alamy.com/comp/2AW2BCR/singapore-january-2020-a-road-sign-indicating-access-to-the-construction-site-2AW2BCR.jpg,Complied,Road Condition,Road_Condition_0,0000002,data/processed_images/traffic/Road_Condition_0/0000002.jpg,0000002,
Traffic,https://c8.alamy.com/comp/2AW2BCR/singapore-january-2020-a-road-sign-indicating-access-to-the-construction-site-2AW2BCR.jpg,Complied,Traffic Rules,Road_Condition_0,0000002,data/processed_images/traffic/Road_Condition_0/0000002.jpg,0000002,
Traffic,https://c8.alamy.com/comp/2AW2BCR/singapore-january-2020-a-road-sign-indicating-access-to-the-construction-site-2AW2BCR.jpg,Complied,Vehicle Load,Road_Condition_0,0000002,data/processed_images/traffic/Road_Condition_0/0000002.jpg,0000002,
Traffic,https://media.istockphoto.com/id/513106144/photo/traffic-on-highway-with-cars.jpg?s=612x612&w=0&k=20&c=dXm6BH6TnIHFu202PlQJNdM12lZQBt11Tkbqx85rHdQ=,Not Applicable,Driving Distraction,Road_Condition_0,0000003,data/processed_images/traffic/Road_Condition_0/0000003.jpg,0000003,
Traffic,https://media.istockphoto.com/id/513106144/photo/traffic-on-highway-with-cars.jpg?s=612x612&w=0&k=20&c=dXm6BH6TnIHFu202PlQJNdM12lZQBt11Tkbqx85rHdQ=,Not Applicable,Pedestrian Crossing,Road_Condition_0,0000003,data/processed_images/traffic/Road_Condition_0/0000003.jpg,0000003,
Traffic,https://media.istockphoto.com/id/513106144/photo/traffic-on-highway-with-cars.jpg?s=612x612&w=0&k=20&c=dXm6BH6TnIHFu202PlQJNdM12lZQBt11Tkbqx85rHdQ=,Complied,Road Condition,Road_Condition_0,0000003,data/processed_images/traffic/Road_Condition_0/0000003.jpg,0000003,
Traffic,https://media.istockphoto.com/id/513106144/photo/traffic-on-highway-with-cars.jpg?s=612x612&w=0&k=20&c=dXm6BH6TnIHFu202PlQJNdM12lZQBt11Tkbqx85rHdQ=,Complied,Traffic Rules,Road_Condition_0,0000003,data/processed_images/traffic/Road_Condition_0/0000003.jpg,0000003,
Traffic,https://media.istockphoto.com/id/513106144/photo/traffic-on-highway-with-cars.jpg?s=612x612&w=0&k=20&c=dXm6BH6TnIHFu202PlQJNdM12lZQBt11Tkbqx85rHdQ=,Complied,Vehicle Load,Road_Condition_0,0000003,data/processed_images/traffic/Road_Condition_0/0000003.jpg,0000003,
Traffic,https://static01.nyt.com/images/2012/04/13/arts/13JPDRIVE1/13JPDRIVE1-superJumbo.jpg,Not Applicable,Driving Distraction,Road_Condition_0,0000004,data/processed_images/traffic/Road_Condition_0/0000004.jpg,0000004,
Traffic,https://static01.nyt.com/images/2012/04/13/arts/13JPDRIVE1/13JPDRIVE1-superJumbo.jpg,Not Applicable,Pedestrian Crossing,Road_Condition_0,0000004,data/processed_images/traffic/Road_Condition_0/0000004.jpg,0000004,
Traffic,https://static01.nyt.com/images/2012/04/13/arts/13JPDRIVE1/13JPDRIVE1-superJumbo.jpg,Complied,Road Condition,Road_Condition_0,0000004,data/processed_images/traffic/Road_Condition_0/0000004.jpg,0000004,
Traffic,https://static01.nyt.com/images/2012/04/13/arts/13JPDRIVE1/13JPDRIVE1-superJumbo.jpg,Complied,Traffic Rules,Road_Condition_0,0000004,data/processed_images/traffic/Road_Condition_0/0000004.jpg,0000004,
Traffic,https://static01.nyt.com/images/2012/04/13/arts/13JPDRIVE1/13JPDRIVE1-superJumbo.jpg,Complied,Vehicle Load,Road_Condition_0,0000004,data/processed_images/traffic/Road_Condition_0/0000004.jpg,0000004,
Traffic,https://images.unsplash.com/photo-1589828155685-83225f7d91f3?fm=jpg&q=60&w=3000&ixlib=rb-4.1.0&ixid=M3wxMjA3fDB8MHxzZWFyY2h8Mnx8cm9hZCUyMHdpdGglMjBjYXJzfGVufDB8fDB8fHww,Not Applicable,Driving Distraction,Road_Condition_0,0000005,data/processed_images/traffic/Road_Condition_0/0000005.jpg,0000005,
Traffic,https://images.unsplash.com/photo-1589828155685-83225f7d91f3?fm=jpg&q=60&w=3000&ixlib=rb-4.1.0&ixid=M3wxMjA3fDB8MHxzZWFyY2h8Mnx8cm9hZCUyMHdpdGglMjBjYXJzfGVufDB8fDB8fHww,Not Applicable,Pedestrian Crossing,Road_Condition_0,0000005,data/processed_images/traffic/Road_Condition_0/0000005.jpg,0000005,
Traffic,https://images.unsplash.com/photo-1589828155685-83225f7d91f3?fm=jpg&q=60&w=3000&ixlib=rb-4.1.0&ixid=M3wxMjA3fDB8MHxzZWFyY2h8Mnx8cm9hZCUyMHdpdGglMjBjYXJzfGVufDB8fDB8fHww,Complied,Road Condition,Road_Condition_0,0000005,data/processed_images/traffic/Road_Condition_0/0000005.jpg,0000005,
Traffic,https://images.unsplash.com/photo-1589828155685-83225f7d91f3?fm=jpg&q=60&w=3000&ixlib=rb-4.1.0&ixid=M3wxMjA3fDB8MHxzZWFyY2h8Mnx8cm9hZCUyMHdpdGglMjBjYXJzfGVufDB8fDB8fHww,Violated,Traffic Rules,Road_Condition_0,0000005,data/processed_images/traffic/Road_Condition_0/0000005.jpg,0000005,
Traffic,https://images.unsplash.com/photo-1589828155685-83225f7d91f3?fm=jpg&q=60&w=3000&ixlib=rb-4.1.0&ixid=M3wxMjA3fDB8MHxzZWFyY2h8Mnx8cm9hZCUyMHdpdGglMjBjYXJzfGVufDB8fDB8fHww,Complied,Vehicle Load,Road_Condition_0,0000005,data/processed_images/traffic/Road_Condition_0/0000005.jpg,0000005,
Traffic,https://st3.depositphotos.com/1000471/15143/i/450/depositphotos_151433476-stock-photo-car-traffic-on-a-highway.jpg,Not Applicable,Driving Distraction,Road_Condition_0,0000006,data/processed_images/traffic/Road_Condition_0/0000006.jpg,0000006,
Traffic,https://st3.depositphotos.com/1000471/15143/i/450/depositphotos_151433476-stock-photo-car-traffic-on-a-highway.jpg,Not Applicable,Pedestrian Crossing,Road_Condition_0,0000006,data/processed_images/traffic/Road_Condition_0/0000006.jpg,0000006,
Traffic,https://st3.depositphotos.com/1000471/15143/i/450/depositphotos_151433476-stock-photo-car-traffic-on-a-highway.jpg,Complied,Road Condition,Road_Condition_0,0000006,data/processed_images/traffic/Road_Condition_0/0000006.jpg,0000006,
Traffic,https://st3.depositphotos.com/1000471/15143/i/450/depositphotos_151433476-stock-photo-car-traffic-on-a-highway.jpg,Complied,Traffic Rules,Road_Condition_0,0000006,data/processed_images/traffic/Road_Condition_0/0000006.jpg,0000006,
Traffic,https://st3.depositphotos.com/1000471/15143/i/450/depositphotos_151433476-stock-photo-car-traffic-on-a-highway.jpg,Complied,Vehicle Load,Road_Condition_0,0000006,data/processed_images/traffic/Road_Condition_0/0000006.jpg,0000006,
Traffic,https://media.istockphoto.com/id/1127254622/photo/heavy-but-fluid-traffic-on-the-a10-highway-in-france-by-a-sunny-day.jpg?s=612x612&w=0&k=20&c=KwwoFrRzFSGMFznyuadEzGtPKbZmklURsp5BaE_nD6E=,Not Applicable,Driving Distraction,Road_Condition_0,0000007,data/processed_images/traffic/Road_Condition_0/0000007.jpg,0000007,
Traffic,https://media.istockphoto.com/id/1127254622/photo/heavy-but-fluid-traffic-on-the-a10-highway-in-france-by-a-sunny-day.jpg?s=612x612&w=0&k=20&c=KwwoFrRzFSGMFznyuadEzGtPKbZmklURsp5BaE_nD6E=,Not Applicable,Pedestrian Crossing,Road_Condition_0,0000007,data/processed_images/traffic/Road_Condition_0/0000007.jpg,0000007,
Traffic,https://media.istockphoto.com/id/1127254622/photo/heavy-but-fluid-traffic-on-the-a10-highway-in-france-by-a-sunny-day.jpg?s=612x612&w=0&k=20&c=KwwoFrRzFSGMFznyuadEzGtPKbZmklURsp5BaE_nD6E=,Complied,Road Condition,Road_Condition_0,0000007,data/processed_images/traffic/Road_Condition_0/0000007.jpg,0000007,
Traffic,https://media.istockphoto.com/id/1127254622/photo/heavy-but-fluid-traffic-on-the-a10-highway-in-france-by-a-sunny-day.jpg?s=612x612&w=0&k=20&c=KwwoFrRzFSGMFznyuadEzGtPKbZmklURsp5BaE_nD6E=,Complied,Traffic Rules,Road_Condition_0,0000007,data/processed_images/traffic/Road_Condition_0/0000007.jpg,0000007,
Traffic,https://media.istockphoto.com/id/1127254622/photo/heavy-but-fluid-traffic-on-the-a10-highway-in-france-by-a-sunny-day.jpg?s=612x612&w=0&k=20&c=KwwoFrRzFSGMFznyuadEzGtPKbZmklURsp5BaE_nD6E=,Complied,Vehicle Load,Road_Condition_0,0000007,data/processed_images/traffic/Road_Condition_0/0000007.jpg,0000007,
Traffic,https://media.istockphoto.com/id/184106933/photo/white-truck-leaving-montreal.jpg?s=612x612&w=0&k=20&c=lgqE9qgwZF6yOKLFqtYqre2rivHfwZFE_bzM7TQ3zL8=,Not Applicable,Driving Distraction,Road_Condition_0,0000008,data/processed_images/traffic/Road_Condition_0/0000008.jpg,0000008,
Traffic,https://media.istockphoto.com/id/184106933/photo/white-truck-leaving-montreal.jpg?s=612x612&w=0&k=20&c=lgqE9qgwZF6yOKLFqtYqre2rivHfwZFE_bzM7TQ3zL8=,Not Applicable,Pedestrian Crossing,Road_Condition_0,0000008,data/processed_images/traffic/Road_Condition_0/0000008.jpg,0000008,
Traffic,https://media.istockphoto.com/id/184106933/photo/white-truck-leaving-montreal.jpg?s=612x612&w=0&k=20&c=lgqE9qgwZF6yOKLFqtYqre2rivHfwZFE_bzM7TQ3zL8=,Complied,Road Condition,Road_Condition_0,0000008,data/processed_images/traffic/Road_Condition_0/0000008.jpg,0000008,
Traffic,https://media.istockphoto.com/id/184106933/photo/white-truck-leaving-montreal.jpg?s=612x612&w=0&k=20&c=lgqE9qgwZF6yOKLFqtYqre2rivHfwZFE_bzM7TQ3zL8=,Complied,Traffic Rules,Road_Condition_0,0000008,data/processed_images/traffic/Road_Condition_0/0000008.jpg,0000008,
Traffic,https://media.istockphoto.com/id/184106933/photo/white-truck-leaving-montreal.jpg?s=612x612&w=0&k=20&c=lgqE9qgwZF6yOKLFqtYqre2rivHfwZFE_bzM7TQ3zL8=,Complied,Vehicle Load,Road_Condition_0,0000008,data/processed_images/traffic/Road_Condition_0/0000008.jpg,0000008,
Traffic,https://media.istockphoto.com/id/499099945/photo/highway-401-during-the-day.jpg?s=612x612&w=0&k=20&c=2oSv44SMWGfPu6jeL8n_jIw85dYAa00GgPowQ2R3UYI=,Not Applicable,Driving Distraction,Road_Condition_0,0000009,data/processed_images/traffic/Road_Condition_0/0000009.jpg,0000009,
Traffic,https://media.istockphoto.com/id/499099945/photo/highway-401-during-the-day.jpg?s=612x612&w=0&k=20&c=2oSv44SMWGfPu6jeL8n_jIw85dYAa00GgPowQ2R3UYI=,Not Applicable,Pedestrian Crossing,Road_Condition_0,0000009,data/processed_images/traffic/Road_Condition_0/0000009.jpg,0000009,
Traffic,https://media.istockphoto.com/id/499099945/photo/highway-401-during-the-day.jpg?s=612x612&w=0&k=20&c=2oSv44SMWGfPu6jeL8n_jIw85dYAa00GgPowQ2R3UYI=,Complied,Road Condition,Road_Condition_0,0000009,data/processed_images/traffic/Road_Condition_0/0000009.jpg,0000009,
Traffic,https://media.istockphoto.com/id/499099945/photo/highway-401-during-the-day.jpg?s=612x612&w=0&k=20&c=2oSv44SMWGfPu6jeL8n_jIw85dYAa00GgPowQ2R3UYI=,Complied,Traffic Rules,Road_Condition_0,0000009,data/processed_images/traffic/Road_Condition_0/0000009.jpg,0000009,
Traffic,https://media.istockphoto.com/id/499099945/photo/highway-401-during-the-day.jpg?s=612x612&w=0&k=20&c=2oSv44SMWGfPu6jeL8n_jIw85dYAa00GgPowQ2R3UYI=,Complied,Vehicle Load,Road_Condition_0,0000009,data/processed_images/traffic/Road_Condition_0/0000009.jpg,0000009,
Traffic,https://st4.depositphotos.com/28951978/31584/i/450/depositphotos_315843620-stock-photo-road-highway-signs.jpg,Not Applicable,Driving Distraction,Road_Condition_0,0000010,data/processed_images/traffic/Road_Condition_0/0000010.jpg,0000010,
Traffic,https://st4.depositphotos.com/28951978/31584/i/450/depositphotos_315843620-stock-photo-road-highway-signs.jpg,Not Applicable,Pedestrian Crossing,Road_Condition_0,0000010,data/processed_images/traffic/Road_Condition_0/0000010.jpg,0000010,
Traffic,https://st4.depositphotos.com/28951978/31584/i/450/depositphotos_315843620-stock-photo-road-highway-signs.jpg,Complied,Road Condition,Road_Condition_0,0000010,data/processed_images/traffic/Road_Condition_0/0000010.jpg,0000010,
Traffic,https://st4.depositphotos.com/28951978/31584/i/450/depositphotos_315843620-stock-photo-road-highway-signs.jpg,Complied,Traffic Rules,Road_Condition_0,0000010,data/processed_images/traffic/Road_Condition_0/0000010.jpg,0000010,
Traffic,https://st4.depositphotos.com/28951978/31584/i/450/depositphotos_315843620-stock-photo-road-highway-signs.jpg,Complied,Vehicle Load,Road_Condition_0,0000010,data/processed_images/traffic/Road_Condition_0/0000010.jpg,0000010,
Traffic,https://media.istockphoto.com/id/1364129160/photo/open-road.jpg?s=612x612&w=0&k=20&c=wEyAJG4XnWJZ_vQ1vJZhOevnpG-BPhoXZc7yeg1oCJo=,Not Applicable,Driving Distraction,Road_Condition_0,0000011,data/processed_images/traffic/Road_Condition_0/0000011.jpg,0000011,
Traffic,https://media.istockphoto.com/id/1364129160/photo/open-road.jpg?s=612x612&w=0&k=20&c=wEyAJG4XnWJZ_vQ1vJZhOevnpG-BPhoXZc7yeg1oCJo=,Not Applicable,Pedestrian Crossing,Road_Condition_0,0000011,data/processed_images/traffic/Road_Condition_0/0000011.jpg,0000011,
Traffic,https://media.istockphoto.com/id/1364129160/photo/open-road.jpg?s=612x612&w=0&k=20&c=wEyAJG4XnWJZ_vQ1vJZhOevnpG-BPhoXZc7yeg1oCJo=,Complied,Road Condition,Road_Condition_0,0000011,data/processed_images/traffic/Road_Condition_0/0000011.jpg,0000011,
Traffic,https://media.istockphoto.com/id/1364129160/photo/open-road.jpg?s=612x612&w=0&k=20&c=wEyAJG4XnWJZ_vQ1vJZhOevnpG-BPhoXZc7yeg1oCJo=,Not Applicable,Traffic Rules,Road_Condition_0,0000011,data/processed_images/traffic/Road_Condition_0/0000011.jpg,0000011,
Traffic,https://media.istockphoto.com/id/1364129160/photo/open-road.jpg?s=612x612&w=0&k=20&c=wEyAJG4XnWJZ_vQ1vJZhOevnpG-BPhoXZc7yeg1oCJo=,Not Applicable,Vehicle Load,Road_Condition_0,0000011,data/processed_images/traffic/Road_Condition_0/0000011.jpg,0000011,
Traffic,https://media.istockphoto.com/id/626590212/photo/straight-line-australian-highway-in-rural-outback.jpg?s=612x612&w=0&k=20&c=jZQ21WENfqvsjyzzDaO4ajf98w8eVkQWCSgsa7fb_Ns=,Not Applicable,Driving Distraction,Road_Condition_0,0000012,data/processed_images/traffic/Road_Condition_0/0000012.jpg,0000012,
Traffic,https://media.istockphoto.com/id/626590212/photo/straight-line-australian-highway-in-rural-outback.jpg?s=612x612&w=0&k=20&c=jZQ21WENfqvsjyzzDaO4ajf98w8eVkQWCSgsa7fb_Ns=,Not Applicable,Pedestrian Crossing,Road_Condition_0,0000012,data/processed_images/traffic/Road_Condition_0/0000012.jpg,0000012,
Traffic,https://media.istockphoto.com/id/626590212/photo/straight-line-australian-highway-in-rural-outback.jpg?s=612x612&w=0&k=20&c=jZQ21WENfqvsjyzzDaO4ajf98w8eVkQWCSgsa7fb_Ns=,Complied,Road Condition,Road_Condition_0,0000012,data/processed_images/traffic/Road_Condition_0/0000012.jpg,0000012,
Traffic,https://media.istockphoto.com/id/626590212/photo/straight-line-australian-highway-in-rural-outback.jpg?s=612x612&w=0&k=20&c=jZQ21WENfqvsjyzzDaO4ajf98w8eVkQWCSgsa7fb_Ns=,Not Applicable,Traffic Rules,Road_Condition_0,0000012,data/processed_images/traffic/Road_Condition_0/0000012.jpg,0000012,
Traffic,https://media.istockphoto.com/id/626590212/photo/straight-line-australian-highway-in-rural-outback.jpg?s=612x612&w=0&k=20&c=jZQ21WENfqvsjyzzDaO4ajf98w8eVkQWCSgsa7fb_Ns=,Not Applicable,Vehicle Load,Road_Condition_0,0000012,data/processed_images/traffic/Road_Condition_0/0000012.jpg,0000012,
Traffic,https://media.istockphoto.com/id/646995866/photo/sydney-traffic-out-of-focus-4k.jpg?s=612x612&w=0&k=20&c=FrTfCATbIwh8ZGP4KNID3rURdPISFSN8tvqVitenCto=,Not Applicable,Driving Distraction,Road_Condition_0,0000013,data/processed_images/traffic/Road_Condition_0/0000013.jpg,0000013,
Traffic,https://media.istockphoto.com/id/646995866/photo/sydney-traffic-out-of-focus-4k.jpg?s=612x612&w=0&k=20&c=FrTfCATbIwh8ZGP4KNID3rURdPISFSN8tvqVitenCto=,Not Applicable,Pedestrian Crossing,Road_Condition_0,0000013,data/processed_images/traffic/Road_Condition_0/0000013.jpg,0000013,
Traffic,https://media.istockphoto.com/id/646995866/photo/sydney-traffic-out-of-focus-4k.jpg?s=612x612&w=0&k=20&c=FrTfCATbIwh8ZGP4KNID3rURdPISFSN8tvqVitenCto=,Complied,Road Condition,Road_Condition_0,0000013,data/processed_images/traffic/Road_Condition_0/0000013.jpg,0000013,
Traffic,https://media.istockphoto.com/id/646995866/photo/sydney-traffic-out-of-focus-4k.jpg?s=612x612&w=0&k=20&c=FrTfCATbIwh8ZGP4KNID3rURdPISFSN8tvqVitenCto=,Complied,Traffic Rules,Road_Condition_0,0000013,data/processed_images/traffic/Road_Condition_0/0000013.jpg,0000013,
Traffic,https://media.istockphoto.com/id/646995866/photo/sydney-traffic-out-of-focus-4k.jpg?s=612x612&w=0&k=20&c=FrTfCATbIwh8ZGP4KNID3rURdPISFSN8tvqVitenCto=,Not Applicable,Vehicle Load,Road_Condition_0,0000013,data/processed_images/traffic/Road_Condition_0/0000013.jpg,0000013,
Traffic,https://media.istockphoto.com/id/1248118439/photo/road-on-the-island-of-tasmania.jpg?s=612x612&w=0&k=20&c=KwIdpCoW3bZYUlMIgxJbTDLnK-qjy2QNdk1djLN32Oc=,Not Applicable,Driving Distraction,Road_Condition_0,0000014,data/processed_images/traffic/Road_Condition_0/0000014.jpg,0000014,
Traffic,https://media.istockphoto.com/id/1248118439/photo/road-on-the-island-of-tasmania.jpg?s=612x612&w=0&k=20&c=KwIdpCoW3bZYUlMIgxJbTDLnK-qjy2QNdk1djLN32Oc=,Not Applicable,Pedestrian Crossing,Road_Condition_0,0000014,data/processed_images/traffic/Road_Condition_0/0000014.jpg,0000014,
Traffic,https://media.istockphoto.com/id/1248118439/photo/road-on-the-island-of-tasmania.jpg?s=612x612&w=0&k=20&c=KwIdpCoW3bZYUlMIgxJbTDLnK-qjy2QNdk1djLN32Oc=,Complied,Road Condition,Road_Condition_0,0000014,data/processed_images/traffic/Road_Condition_0/0000014.jpg,0000014,
Traffic,https://media.istockphoto.com/id/1248118439/photo/road-on-the-island-of-tasmania.jpg?s=612x612&w=0&k=20&c=KwIdpCoW3bZYUlMIgxJbTDLnK-qjy2QNdk1djLN32Oc=,Not Applicable,Traffic Rules,Road_Condition_0,0000014,data/processed_images/traffic/Road_Condition_0/0000014.jpg,0000014,
Traffic,https://media.istockphoto.com/id/1248118439/photo/road-on-the-island-of-tasmania.jpg?s=612x612&w=0&k=20&c=KwIdpCoW3bZYUlMIgxJbTDLnK-qjy2QNdk1djLN32Oc=,Not Applicable,Vehicle Load,Road_Condition_0,0000014,data/processed_images/traffic/Road_Condition_0/0000014.jpg,0000014,
Traffic,https://media.istockphoto.com/id/2151065259/photo/a-view-along-high-street-northcote-from-an-area-called-the-westgarth-village-towards-ruckers.jpg?s=612x612&w=0&k=20&c=5HT07wCCTtRj-V03Db8By3e85P2s4cMfgjfPzUM1-p4=,Not Applicable,Driving Distraction,Road_Condition_0,0000015,data/processed_images/traffic/Road_Condition_0/0000015.jpg,0000015,
Traffic,https://media.istockphoto.com/id/2151065259/photo/a-view-along-high-street-northcote-from-an-area-called-the-westgarth-village-towards-ruckers.jpg?s=612x612&w=0&k=20&c=5HT07wCCTtRj-V03Db8By3e85P2s4cMfgjfPzUM1-p4=,Not Applicable,Pedestrian Crossing,Road_Condition_0,0000015,data/processed_images/traffic/Road_Condition_0/0000015.jpg,0000015,
Traffic,https://media.istockphoto.com/id/2151065259/photo/a-view-along-high-street-northcote-from-an-area-called-the-westgarth-village-towards-ruckers.jpg?s=612x612&w=0&k=20&c=5HT07wCCTtRj-V03Db8By3e85P2s4cMfgjfPzUM1-p4=,Complied,Road Condition,Road_Condition_0,0000015,data/processed_images/traffic/Road_Condition_0/0000015.jpg,0000015,
Traffic,https://media.istockphoto.com/id/2151065259/photo/a-view-along-high-street-northcote-from-an-area-called-the-westgarth-village-towards-ruckers.jpg?s=612x612&w=0&k=20&c=5HT07wCCTtRj-V03Db8By3e85P2s4cMfgjfPzUM1-p4=,Complied,Traffic Rules,Road_Condition_0,0000015,data/processed_images/traffic/Road_Condition_0/0000015.jpg,0000015,
Traffic,https://media.istockphoto.com/id/2151065259/photo/a-view-along-high-street-northcote-from-an-area-called-the-westgarth-village-towards-ruckers.jpg?s=612x612&w=0&k=20&c=5HT07wCCTtRj-V03Db8By3e85P2s4cMfgjfPzUM1-p4=,Complied,Vehicle Load,Road_Condition_0,0000015,data/processed_images/traffic/Road_Condition_0/0000015.jpg,0000015,
Traffic,https://media.istockphoto.com/id/905823954/photo/australian-road-trip-motion-blur-highway-landscape-at-dusk-with-mountain-ararat.jpg?s=612x612&w=0&k=20&c=tnGB24J1Z6xeBitRwEJZezlQYUzSTPfAc7nWixKKAjQ=,Not Applicable,Driving Distraction,Road_Condition_0,0000016,data/processed_images/traffic/Road_Condition_0/0000016.jpg,0000016,
Traffic,https://media.istockphoto.com/id/905823954/photo/australian-road-trip-motion-blur-highway-landscape-at-dusk-with-mountain-ararat.jpg?s=612x612&w=0&k=20&c=tnGB24J1Z6xeBitRwEJZezlQYUzSTPfAc7nWixKKAjQ=,Not Applicable,Pedestrian Crossing,Road_Condition_0,0000016,data/processed_images/traffic/Road_Condition_0/0000016.jpg,0000016,
Traffic,https://media.istockphoto.com/id/905823954/photo/australian-road-trip-motion-blur-highway-landscape-at-dusk-with-mountain-ararat.jpg?s=612x612&w=0&k=20&c=tnGB24J1Z6xeBitRwEJZezlQYUzSTPfAc7nWixKKAjQ=,Complied,Road Condition,Road_Condition_0,0000016,data/processed_images/traffic/Road_Condition_0/0000016.jpg,0000016,
Traffic,https://media.istockphoto.com/id/905823954/photo/australian-road-trip-motion-blur-highway-landscape-at-dusk-with-mountain-ararat.jpg?s=612x612&w=0&k=20&c=tnGB24J1Z6xeBitRwEJZezlQYUzSTPfAc7nWixKKAjQ=,Not Applicable,Traffic Rules,Road_Condition_0,0000016,data/processed_images/traffic/Road_Condition_0/0000016.jpg,0000016,
Traffic,https://media.istockphoto.com/id/905823954/photo/australian-road-trip-motion-blur-highway-landscape-at-dusk-with-mountain-ararat.jpg?s=612x612&w=0&k=20&c=tnGB24J1Z6xeBitRwEJZezlQYUzSTPfAc7nWixKKAjQ=,Not Applicable,Vehicle Load,Road_Condition_0,0000016,data/processed_images/traffic/Road_Condition_0/0000016.jpg,0000016,
Traffic,https://media.istockphoto.com/id/1216211417/photo/asphalt-road-background-3d-rendering.jpg?s=612x612&w=0&k=20&c=DU9HkDoyMkh9AijS1HSbyC1Gj0bAKxKdc3n4ingABOY=,Not Applicable,Driving Distraction,Road_Condition_0,0000017,data/processed_images/traffic/Road_Condition_0/0000017.jpg,0000017,
Traffic,https://media.istockphoto.com/id/1216211417/photo/asphalt-road-background-3d-rendering.jpg?s=612x612&w=0&k=20&c=DU9HkDoyMkh9AijS1HSbyC1Gj0bAKxKdc3n4ingABOY=,Not Applicable,Pedestrian Crossing,Road_Condition_0,0000017,data/processed_images/traffic/Road_Condition_0/0000017.jpg,0000017,
Traffic,https://media.istockphoto.com/id/1216211417/photo/asphalt-road-background-3d-rendering.jpg?s=612x612&w=0&k=20&c=DU9HkDoyMkh9AijS1HSbyC1Gj0bAKxKdc3n4ingABOY=,Complied,Road Condition,Road_Condition_0,0000017,data/processed_images/traffic/Road_Condition_0/0000017.jpg,0000017,
Traffic,https://media.istockphoto.com/id/1216211417/photo/asphalt-road-background-3d-rendering.jpg?s=612x612&w=0&k=20&c=DU9HkDoyMkh9AijS1HSbyC1Gj0bAKxKdc3n4ingABOY=,Not Applicable,Traffic Rules,Road_Condition_0,0000017,data/processed_images/traffic/Road_Condition_0/0000017.jpg,0000017,
Traffic,https://media.istockphoto.com/id/1216211417/photo/asphalt-road-background-3d-rendering.jpg?s=612x612&w=0&k=20&c=DU9HkDoyMkh9AijS1HSbyC1Gj0bAKxKdc3n4ingABOY=,Not Applicable,Vehicle Load,Road_Condition_0,0000017,data/processed_images/traffic/Road_Condition_0/0000017.jpg,0000017,
Traffic,https://media.istockphoto.com/id/537615269/photo/double-yellow-lines-on-asphalt-road.jpg?s=612x612&w=0&k=20&c=wsLidRjQilmn_QV-VwrJHGXAKqf1K0MdYTdE3dxxr74=,Not Applicable,Driving Distraction,Road_Condition_0,0000018,data/processed_images/traffic/Road_Condition_0/0000018.jpg,0000018,
Traffic,https://media.istockphoto.com/id/537615269/photo/double-yellow-lines-on-asphalt-road.jpg?s=612x612&w=0&k=20&c=wsLidRjQilmn_QV-VwrJHGXAKqf1K0MdYTdE3dxxr74=,Not Applicable,Pedestrian Crossing,Road_Condition_0,0000018,data/processed_images/traffic/Road_Condition_0/0000018.jpg,0000018,
Traffic,https://media.istockphoto.com/id/537615269/photo/double-yellow-lines-on-asphalt-road.jpg?s=612x612&w=0&k=20&c=wsLidRjQilmn_QV-VwrJHGXAKqf1K0MdYTdE3dxxr74=,Complied,Road Condition,Road_Condition_0,0000018,data/processed_images/traffic/Road_Condition_0/0000018.jpg,0000018,
Traffic,https://media.istockphoto.com/id/537615269/photo/double-yellow-lines-on-asphalt-road.jpg?s=612x612&w=0&k=20&c=wsLidRjQilmn_QV-VwrJHGXAKqf1K0MdYTdE3dxxr74=,Not Applicable,Traffic Rules,Road_Condition_0,0000018,data/processed_images/traffic/Road_Condition_0/0000018.jpg,0000018,
Traffic,https://media.istockphoto.com/id/537615269/photo/double-yellow-lines-on-asphalt-road.jpg?s=612x612&w=0&k=20&c=wsLidRjQilmn_QV-VwrJHGXAKqf1K0MdYTdE3dxxr74=,Not Applicable,Vehicle Load,Road_Condition_0,0000018,data/processed_images/traffic/Road_Condition_0/0000018.jpg,0000018,
Traffic,https://media.istockphoto.com/id/2178353298/photo/a-road-with-a-white-line-down-the-middle-and-a-yellow-line-on-the-side.jpg?s=612x612&w=0&k=20&c=pqIhn96bLGu2jqyVNpkw8TtaEyDR2_L1cow82kwIf3s=,Not Applicable,Driving Distraction,Road_Condition_0,0000019,data/processed_images/traffic/Road_Condition_0/0000019.jpg,0000019,
Traffic,https://media.istockphoto.com/id/2178353298/photo/a-road-with-a-white-line-down-the-middle-and-a-yellow-line-on-the-side.jpg?s=612x612&w=0&k=20&c=pqIhn96bLGu2jqyVNpkw8TtaEyDR2_L1cow82kwIf3s=,Not Applicable,Pedestrian Crossing,Road_Condition_0,0000019,data/processed_images/traffic/Road_Condition_0/0000019.jpg,0000019,
Traffic,https://media.istockphoto.com/id/2178353298/photo/a-road-with-a-white-line-down-the-middle-and-a-yellow-line-on-the-side.jpg?s=612x612&w=0&k=20&c=pqIhn96bLGu2jqyVNpkw8TtaEyDR2_L1cow82kwIf3s=,Complied,Road Condition,Road_Condition_0,0000019,data/processed_images/traffic/Road_Condition_0/0000019.jpg,0000019,
Traffic,https://media.istockphoto.com/id/2178353298/photo/a-road-with-a-white-line-down-the-middle-and-a-yellow-line-on-the-side.jpg?s=612x612&w=0&k=20&c=pqIhn96bLGu2jqyVNpkw8TtaEyDR2_L1cow82kwIf3s=,Not Applicable,Traffic Rules,Road_Condition_0,0000019,data/processed_images/traffic/Road_Condition_0/0000019.jpg,0000019,
Traffic,https://media.istockphoto.com/id/2178353298/photo/a-road-with-a-white-line-down-the-middle-and-a-yellow-line-on-the-side.jpg?s=612x612&w=0&k=20&c=pqIhn96bLGu2jqyVNpkw8TtaEyDR2_L1cow82kwIf3s=,Not Applicable,Vehicle Load,Road_Condition_0,0000019,data/processed_images/traffic/Road_Condition_0/0000019.jpg,0000019,
Traffic,https://media.istockphoto.com/id/1159476981/photo/panoramic-mountain-road.jpg?s=612x612&w=0&k=20&c=dzwyML72TB5X_Xrb31f0TyvIUBh7fyrrFbyNiY4mBPY=,Not Applicable,Driving Distraction,Road_Condition_0,0000020,data/processed_images/traffic/Road_Condition_0/0000020.jpg,0000020,
Traffic,https://media.istockphoto.com/id/1159476981/photo/panoramic-mountain-road.jpg?s=612x612&w=0&k=20&c=dzwyML72TB5X_Xrb31f0TyvIUBh7fyrrFbyNiY4mBPY=,Not Applicable,Pedestrian Crossing,Road_Condition_0,0000020,data/processed_images/traffic/Road_Condition_0/0000020.jpg,0000020,
Traffic,https://media.istockphoto.com/id/1159476981/photo/panoramic-mountain-road.jpg?s=612x612&w=0&k=20&c=dzwyML72TB5X_Xrb31f0TyvIUBh7fyrrFbyNiY4mBPY=,Complied,Road Condition,Road_Condition_0,0000020,data/processed_images/traffic/Road_Condition_0/0000020.jpg,0000020,
Traffic,https://media.istockphoto.com/id/1159476981/photo/panoramic-mountain-road.jpg?s=612x612&w=0&k=20&c=dzwyML72TB5X_Xrb31f0TyvIUBh7fyrrFbyNiY4mBPY=,Not Applicable,Traffic Rules,Road_Condition_0,0000020,data/processed_images/traffic/Road_Condition_0/0000020.jpg,0000020,
Traffic,https://media.istockphoto.com/id/1159476981/photo/panoramic-mountain-road.jpg?s=612x612&w=0&k=20&c=dzwyML72TB5X_Xrb31f0TyvIUBh7fyrrFbyNiY4mBPY=,Not Applicable,Vehicle Load,Road_Condition_0,0000020,data/processed_images/traffic/Road_Condition_0/0000020.jpg,0000020,
Traffic,https://media.istockphoto.com/id/1057809092/photo/russian-roads-in-karelia-travel-by-road-asphalt-road-smooth-road.jpg?s=612x612&w=0&k=20&c=fBouhuAtPjuQ9Uzzr9epMXNGCgt-MsLoZGRRCMdMcCY=,Not Applicable,Driving Distraction,Road_Condition_0,0000021,data/processed_images/traffic/Road_Condition_0/0000021.jpg,0000021,
Traffic,https://media.istockphoto.com/id/1057809092/photo/russian-roads-in-karelia-travel-by-road-asphalt-road-smooth-road.jpg?s=612x612&w=0&k=20&c=fBouhuAtPjuQ9Uzzr9epMXNGCgt-MsLoZGRRCMdMcCY=,Not Applicable,Pedestrian Crossing,Road_Condition_0,0000021,data/processed_images/traffic/Road_Condition_0/0000021.jpg,0000021,
Traffic,https://media.istockphoto.com/id/1057809092/photo/russian-roads-in-karelia-travel-by-road-asphalt-road-smooth-road.jpg?s=612x612&w=0&k=20&c=fBouhuAtPjuQ9Uzzr9epMXNGCgt-MsLoZGRRCMdMcCY=,Complied,Road Condition,Road_Condition_0,0000021,data/processed_images/traffic/Road_Condition_0/0000021.jpg,0000021,
Traffic,https://media.istockphoto.com/id/1057809092/photo/russian-roads-in-karelia-travel-by-road-asphalt-road-smooth-road.jpg?s=612x612&w=0&k=20&c=fBouhuAtPjuQ9Uzzr9epMXNGCgt-MsLoZGRRCMdMcCY=,Not Applicable,Traffic Rules,Road_Condition_0,0000021,data/processed_images/traffic/Road_Condition_0/0000021.jpg,0000021,
Traffic,https://media.istockphoto.com/id/1057809092/photo/russian-roads-in-karelia-travel-by-road-asphalt-road-smooth-road.jpg?s=612x612&w=0&k=20&c=fBouhuAtPjuQ9Uzzr9epMXNGCgt-MsLoZGRRCMdMcCY=,Not Applicable,Vehicle Load,Road_Condition_0,0000021,data/processed_images/traffic/Road_Condition_0/0000021.jpg,0000021,
Traffic,https://media.istockphoto.com/id/1206248128/photo/beautiful-asphalt-road-with-turns-through-the-schwarzwald-forest-in-germany.jpg?s=612x612&w=0&k=20&c=GiEBX8vDCsZp80RgCTnMAmaGNbcGBXCviIGQysDnpsg=,Not Applicable,Driving Distraction,Road_Condition_0,0000022,data/processed_images/traffic/Road_Condition_0/0000022.jpg,0000022,
Traffic,https://media.istockphoto.com/id/1206248128/photo/beautiful-asphalt-road-with-turns-through-the-schwarzwald-forest-in-germany.jpg?s=612x612&w=0&k=20&c=GiEBX8vDCsZp80RgCTnMAmaGNbcGBXCviIGQysDnpsg=,Not Applicable,Pedestrian Crossing,Road_Condition_0,0000022,data/processed_images/traffic/Road_Condition_0/0000022.jpg,0000022,
Traffic,https://media.istockphoto.com/id/1206248128/photo/beautiful-asphalt-road-with-turns-through-the-schwarzwald-forest-in-germany.jpg?s=612x612&w=0&k=20&c=GiEBX8vDCsZp80RgCTnMAmaGNbcGBXCviIGQysDnpsg=,Complied,Road Condition,Road_Condition_0,0000022,data/processed_images/traffic/Road_Condition_0/0000022.jpg,0000022,
Traffic,https://media.istockphoto.com/id/1206248128/photo/beautiful-asphalt-road-with-turns-through-the-schwarzwald-forest-in-germany.jpg?s=612x612&w=0&k=20&c=GiEBX8vDCsZp80RgCTnMAmaGNbcGBXCviIGQysDnpsg=,Not Applicable,Traffic Rules,Road_Condition_0,0000022,data/processed_images/traffic/Road_Condition_0/0000022.jpg,0000022,
Traffic,https://media.istockphoto.com/id/1206248128/photo/beautiful-asphalt-road-with-turns-through-the-schwarzwald-forest-in-germany.jpg?s=612x612&w=0&k=20&c=GiEBX8vDCsZp80RgCTnMAmaGNbcGBXCviIGQysDnpsg=,Not Applicable,Vehicle Load,Road_Condition_0,0000022,data/processed_images/traffic/Road_Condition_0/0000022.jpg,0000022,
Traffic,https://media.istockphoto.com/id/943054428/photo/coastline-road.jpg?s=612x612&w=0&k=20&c=8ogyDtbyKdnHjV9u5bG4v5sedxFl1Rq3PrhtCTX6eMw=,Not Applicable,Driving Distraction,Road_Condition_0,0000023,data/processed_images/traffic/Road_Condition_0/0000023.jpg,0000023,
Traffic,https://media.istockphoto.com/id/943054428/photo/coastline-road.jpg?s=612x612&w=0&k=20&c=8ogyDtbyKdnHjV9u5bG4v5sedxFl1Rq3PrhtCTX6eMw=,Not Applicable,Pedestrian Crossing,Road_Condition_0,0000023,data/processed_images/traffic/Road_Condition_0/0000023.jpg,0000023,
Traffic,https://media.istockphoto.com/id/943054428/photo/coastline-road.jpg?s=612x612&w=0&k=20&c=8ogyDtbyKdnHjV9u5bG4v5sedxFl1Rq3PrhtCTX6eMw=,Complied,Road Condition,Road_Condition_0,0000023,data/processed_images/traffic/Road_Condition_0/0000023.jpg,0000023,
Traffic,https://media.istockphoto.com/id/943054428/photo/coastline-road.jpg?s=612x612&w=0&k=20&c=8ogyDtbyKdnHjV9u5bG4v5sedxFl1Rq3PrhtCTX6eMw=,Not Applicable,Traffic Rules,Road_Condition_0,0000023,data/processed_images/traffic/Road_Condition_0/0000023.jpg,0000023,
Traffic,https://media.istockphoto.com/id/943054428/photo/coastline-road.jpg?s=612x612&w=0&k=20&c=8ogyDtbyKdnHjV9u5bG4v5sedxFl1Rq3PrhtCTX6eMw=,Not Applicable,Vehicle Load,Road_Condition_0,0000023,data/processed_images/traffic/Road_Condition_0/0000023.jpg,0000023,
Traffic,https://media.istockphoto.com/id/1226412091/photo/circular-quay-ferry-terminal-emptied.jpg?s=612x612&w=0&k=20&c=megYWF8JZ1wUV0Yu9WuT1TA9CwBuKkYL8cmJV8A6heg=,Not Applicable,Driving Distraction,Road_Condition_0,0000024,data/processed_images/traffic/Road_Condition_0/0000024.jpg,0000024,
Traffic,https://media.istockphoto.com/id/1226412091/photo/circular-quay-ferry-terminal-emptied.jpg?s=612x612&w=0&k=20&c=megYWF8JZ1wUV0Yu9WuT1TA9CwBuKkYL8cmJV8A6heg=,Not Applicable,Pedestrian Crossing,Road_Condition_0,0000024,data/processed_images/traffic/Road_Condition_0/0000024.jpg,0000024,
Traffic,https://media.istockphoto.com/id/1226412091/photo/circular-quay-ferry-terminal-emptied.jpg?s=612x612&w=0&k=20&c=megYWF8JZ1wUV0Yu9WuT1TA9CwBuKkYL8cmJV8A6heg=,Complied,Road Condition,Road_Condition_0,0000024,data/processed_images/traffic/Road_Condition_0/0000024.jpg,0000024,
Traffic,https://media.istockphoto.com/id/1226412091/photo/circular-quay-ferry-terminal-emptied.jpg?s=612x612&w=0&k=20&c=megYWF8JZ1wUV0Yu9WuT1TA9CwBuKkYL8cmJV8A6heg=,Not Applicable,Traffic Rules,Road_Condition_0,0000024,data/processed_images/traffic/Road_Condition_0/0000024.jpg,0000024,
Traffic,https://media.istockphoto.com/id/1226412091/photo/circular-quay-ferry-terminal-emptied.jpg?s=612x612&w=0&k=20&c=megYWF8JZ1wUV0Yu9WuT1TA9CwBuKkYL8cmJV8A6heg=,Not Applicable,Vehicle Load,Road_Condition_0,0000024,data/processed_images/traffic/Road_Condition_0/0000024.jpg,0000024,
Traffic,https://media.istockphoto.com/id/1203937499/photo/city-road-through-modern-buildings-in-beijing.jpg?s=612x612&w=0&k=20&c=2Mm1s2JFVVD7jv4sM4cHe8TvCe25xBe-w6W19rWzwQY=,Not Applicable,Driving Distraction,Road_Condition_0,0000025,data/processed_images/traffic/Road_Condition_0/0000025.jpg,0000025,
Traffic,https://media.istockphoto.com/id/1203937499/photo/city-road-through-modern-buildings-in-beijing.jpg?s=612x612&w=0&k=20&c=2Mm1s2JFVVD7jv4sM4cHe8TvCe25xBe-w6W19rWzwQY=,Not Applicable,Pedestrian Crossing,Road_Condition_0,0000025,data/processed_images/traffic/Road_Condition_0/0000025.jpg,0000025,
Traffic,https://media.istockphoto.com/id/1203937499/photo/city-road-through-modern-buildings-in-beijing.jpg?s=612x612&w=0&k=20&c=2Mm1s2JFVVD7jv4sM4cHe8TvCe25xBe-w6W19rWzwQY=,Complied,Road Condition,Road_Condition_0,0000025,data/processed_images/traffic/Road_Condition_0/0000025.jpg,0000025,
Traffic,https://media.istockphoto.com/id/1203937499/photo/city-road-through-modern-buildings-in-beijing.jpg?s=612x612&w=0&k=20&c=2Mm1s2JFVVD7jv4sM4cHe8TvCe25xBe-w6W19rWzwQY=,Not Applicable,Traffic Rules,Road_Condition_0,0000025,data/processed_images/traffic/Road_Condition_0/0000025.jpg,0000025,
Traffic,https://media.istockphoto.com/id/1203937499/photo/city-road-through-modern-buildings-in-beijing.jpg?s=612x612&w=0&k=20&c=2Mm1s2JFVVD7jv4sM4cHe8TvCe25xBe-w6W19rWzwQY=,Not Applicable,Vehicle Load,Road_Condition_0,0000025,data/processed_images/traffic/Road_Condition_0/0000025.jpg,0000025,
Traffic,https://media.istockphoto.com/id/894541466/photo/paulista-avenue-sao-paulo-brazil.jpg?s=612x612&w=0&k=20&c=g1P9DuGHTcrcvgP6MfVd37Ct-8g9ErwOqIALdkmcb2U=,Not Applicable,Driving Distraction,Road_Condition_0,0000026,data/processed_images/traffic/Road_Condition_0/0000026.jpg,0000026,
Traffic,https://media.istockphoto.com/id/894541466/photo/paulista-avenue-sao-paulo-brazil.jpg?s=612x612&w=0&k=20&c=g1P9DuGHTcrcvgP6MfVd37Ct-8g9ErwOqIALdkmcb2U=,Not Applicable,Pedestrian Crossing,Road_Condition_0,0000026,data/processed_images/traffic/Road_Condition_0/0000026.jpg,0000026,
Traffic,https://media.istockphoto.com/id/894541466/photo/paulista-avenue-sao-paulo-brazil.jpg?s=612x612&w=0&k=20&c=g1P9DuGHTcrcvgP6MfVd37Ct-8g9ErwOqIALdkmcb2U=,Complied,Road Condition,Road_Condition_0,0000026,data/processed_images/traffic/Road_Condition_0/0000026.jpg,0000026,
Traffic,https://media.istockphoto.com/id/894541466/photo/paulista-avenue-sao-paulo-brazil.jpg?s=612x612&w=0&k=20&c=g1P9DuGHTcrcvgP6MfVd37Ct-8g9ErwOqIALdkmcb2U=,Not Applicable,Traffic Rules,Road_Condition_0,0000026,data/processed_images/traffic/Road_Condition_0/0000026.jpg,0000026,
Traffic,https://media.istockphoto.com/id/894541466/photo/paulista-avenue-sao-paulo-brazil.jpg?s=612x612&w=0&k=20&c=g1P9DuGHTcrcvgP6MfVd37Ct-8g9ErwOqIALdkmcb2U=,Not Applicable,Vehicle Load,Road_Condition_0,0000026,data/processed_images/traffic/Road_Condition_0/0000026.jpg,0000026,
Traffic,https://media.istockphoto.com/id/1082720986/photo/expressway-and-modern-urban-architecture-in-qiantang-river-new-town-hangzhou-china.jpg?s=612x612&w=0&k=20&c=NgXXcxKTldhCwkS0P7ocDtkZs1Yd2pp5GNbBu1JJmdo=,Not Applicable,Driving Distraction,Road_Condition_0,0000027,data/processed_images/traffic/Road_Condition_0/0000027.jpg,0000027,
Traffic,https://media.istockphoto.com/id/1082720986/photo/expressway-and-modern-urban-architecture-in-qiantang-river-new-town-hangzhou-china.jpg?s=612x612&w=0&k=20&c=NgXXcxKTldhCwkS0P7ocDtkZs1Yd2pp5GNbBu1JJmdo=,Not Applicable,Pedestrian Crossing,Road_Condition_0,0000027,data/processed_images/traffic/Road_Condition_0/0000027.jpg,0000027,
Traffic,https://media.istockphoto.com/id/1082720986/photo/expressway-and-modern-urban-architecture-in-qiantang-river-new-town-hangzhou-china.jpg?s=612x612&w=0&k=20&c=NgXXcxKTldhCwkS0P7ocDtkZs1Yd2pp5GNbBu1JJmdo=,Complied,Road Condition,Road_Condition_0,0000027,data/processed_images/traffic/Road_Condition_0/0000027.jpg,0000027,
Traffic,https://media.istockphoto.com/id/1082720986/photo/expressway-and-modern-urban-architecture-in-qiantang-river-new-town-hangzhou-china.jpg?s=612x612&w=0&k=20&c=NgXXcxKTldhCwkS0P7ocDtkZs1Yd2pp5GNbBu1JJmdo=,Not Applicable,Traffic Rules,Road_Condition_0,0000027,data/processed_images/traffic/Road_Condition_0/0000027.jpg,0000027,
Traffic,https://media.istockphoto.com/id/1082720986/photo/expressway-and-modern-urban-architecture-in-qiantang-river-new-town-hangzhou-china.jpg?s=612x612&w=0&k=20&c=NgXXcxKTldhCwkS0P7ocDtkZs1Yd2pp5GNbBu1JJmdo=,Not Applicable,Vehicle Load,Road_Condition_0,0000027,data/processed_images/traffic/Road_Condition_0/0000027.jpg,0000027,
Traffic,https://static8.depositphotos.com/1421348/902/i/380/depositphotos_9022938-stock-photo-city-highway.jpg,Not Applicable,Driving Distraction,Road_Condition_0,0000028,data/processed_images/traffic/Road_Condition_0/0000028.jpg,0000028,
Traffic,https://static8.depositphotos.com/1421348/902/i/380/depositphotos_9022938-stock-photo-city-highway.jpg,Not Applicable,Pedestrian Crossing,Road_Condition_0,0000028,data/processed_images/traffic/Road_Condition_0/0000028.jpg,0000028,
Traffic,https://static8.depositphotos.com/1421348/902/i/380/depositphotos_9022938-stock-photo-city-highway.jpg,Complied,Road Condition,Road_Condition_0,0000028,data/processed_images/traffic/Road_Condition_0/0000028.jpg,0000028,
Traffic,https://static8.depositphotos.com/1421348/902/i/380/depositphotos_9022938-stock-photo-city-highway.jpg,Complied,Traffic Rules,Road_Condition_0,0000028,data/processed_images/traffic/Road_Condition_0/0000028.jpg,0000028,
Traffic,https://static8.depositphotos.com/1421348/902/i/380/depositphotos_9022938-stock-photo-city-highway.jpg,Complied,Vehicle Load,Road_Condition_0,0000028,data/processed_images/traffic/Road_Condition_0/0000028.jpg,0000028,
Traffic,https://st.depositphotos.com/6570854/53660/i/450/depositphotos_536607132-stock-photo-roads-australia-victoria-suburb-melbourne.jpg,Not Applicable,Driving Distraction,Road_Condition_0,0000029,data/processed_images/traffic/Road_Condition_0/0000029.jpg,0000029,
Traffic,https://st.depositphotos.com/6570854/53660/i/450/depositphotos_536607132-stock-photo-roads-australia-victoria-suburb-melbourne.jpg,Not Applicable,Pedestrian Crossing,Road_Condition_0,0000029,data/processed_images/traffic/Road_Condition_0/0000029.jpg,0000029,
Traffic,https://st.depositphotos.com/6570854/53660/i/450/depositphotos_536607132-stock-photo-roads-australia-victoria-suburb-melbourne.jpg,Complied,Road Condition,Road_Condition_0,0000029,data/processed_images/traffic/Road_Condition_0/0000029.jpg,0000029,
Traffic,https://st.depositphotos.com/6570854/53660/i/450/depositphotos_536607132-stock-photo-roads-australia-victoria-suburb-melbourne.jpg,Complied,Traffic Rules,Road_Condition_0,0000029,data/processed_images/traffic/Road_Condition_0/0000029.jpg,0000029,
Traffic,https://st.depositphotos.com/6570854/53660/i/450/depositphotos_536607132-stock-photo-roads-australia-victoria-suburb-melbourne.jpg,Complied,Vehicle Load,Road_Condition_0,0000029,data/processed_images/traffic/Road_Condition_0/0000029.jpg,0000029,
Traffic,https://st2.depositphotos.com/1035886/6468/i/450/depositphotos_64680483-stock-photo-perth-freeway-traffic.jpg,Not Applicable,Driving Distraction,Road_Condition_0,0000030,data/processed_images/traffic/Road_Condition_0/0000030.jpg,0000030,
Traffic,https://st2.depositphotos.com/1035886/6468/i/450/depositphotos_64680483-stock-photo-perth-freeway-traffic.jpg,Not Applicable,Pedestrian Crossing,Road_Condition_0,0000030,data/processed_images/traffic/Road_Condition_0/0000030.jpg,0000030,
Traffic,https://st2.depositphotos.com/1035886/6468/i/450/depositphotos_64680483-stock-photo-perth-freeway-traffic.jpg,Complied,Road Condition,Road_Condition_0,0000030,data/processed_images/traffic/Road_Condition_0/0000030.jpg,0000030,
Traffic,https://st2.depositphotos.com/1035886/6468/i/450/depositphotos_64680483-stock-photo-perth-freeway-traffic.jpg,Complied,Traffic Rules,Road_Condition_0,0000030,data/processed_images/traffic/Road_Condition_0/0000030.jpg,0000030,
Traffic,https://st2.depositphotos.com/1035886/6468/i/450/depositphotos_64680483-stock-photo-perth-freeway-traffic.jpg,Complied,Vehicle Load,Road_Condition_0,0000030,data/processed_images/traffic/Road_Condition_0/0000030.jpg,0000030,
Traffic,https://st4.depositphotos.com/1841867/28185/i/450/depositphotos_281851370-stock-photo-m1-eastern-distributor-highway-view.jpg,Not Applicable,Driving Distraction,Road_Condition_0,0000031,data/processed_images/traffic/Road_Condition_0/0000031.jpg,0000031,
Traffic,https://st4.depositphotos.com/1841867/28185/i/450/depositphotos_281851370-stock-photo-m1-eastern-distributor-highway-view.jpg,Not Applicable,Pedestrian Crossing,Road_Condition_0,0000031,data/processed_images/traffic/Road_Condition_0/0000031.jpg,0000031,
Traffic,https://st4.depositphotos.com/1841867/28185/i/450/depositphotos_281851370-stock-photo-m1-eastern-distributor-highway-view.jpg,Complied,Road Condition,Road_Condition_0,0000031,data/processed_images/traffic/Road_Condition_0/0000031.jpg,0000031,
Traffic,https://st4.depositphotos.com/1841867/28185/i/450/depositphotos_281851370-stock-photo-m1-eastern-distributor-highway-view.jpg,Not Applicable,Traffic Rules,Road_Condition_0,0000031,data/processed_images/traffic/Road_Condition_0/0000031.jpg,0000031,
Traffic,https://st4.depositphotos.com/1841867/28185/i/450/depositphotos_281851370-stock-photo-m1-eastern-distributor-highway-view.jpg,Not Applicable,Vehicle Load,Road_Condition_0,0000031,data/processed_images/traffic/Road_Condition_0/0000031.jpg,0000031,
Traffic,https://st3.depositphotos.com/30030580/34805/i/450/depositphotos_348056820-stock-photo-the-m1-motorway-is-at.jpg,Not Applicable,Driving Distraction,Road_Condition_0,0000032,data/processed_images/traffic/Road_Condition_0/0000032.jpg,0000032,
Traffic,https://st3.depositphotos.com/30030580/34805/i/450/depositphotos_348056820-stock-photo-the-m1-motorway-is-at.jpg,Not Applicable,Pedestrian Crossing,Road_Condition_0,0000032,data/processed_images/traffic/Road_Condition_0/0000032.jpg,0000032,
Traffic,https://st3.depositphotos.com/30030580/34805/i/450/depositphotos_348056820-stock-photo-the-m1-motorway-is-at.jpg,Complied,Road Condition,Road_Condition_0,0000032,data/processed_images/traffic/Road_Condition_0/0000032.jpg,0000032,
Traffic,https://st3.depositphotos.com/30030580/34805/i/450/depositphotos_348056820-stock-photo-the-m1-motorway-is-at.jpg,Complied,Traffic Rules,Road_Condition_0,0000032,data/processed_images/traffic/Road_Condition_0/0000032.jpg,0000032,
Traffic,https://st3.depositphotos.com/30030580/34805/i/450/depositphotos_348056820-stock-photo-the-m1-motorway-is-at.jpg,Complied,Vehicle Load,Road_Condition_0,0000032,data/processed_images/traffic/Road_Condition_0/0000032.jpg,0000032,
Traffic,https://st4.depositphotos.com/1585997/23461/i/450/depositphotos_234614154-stock-photo-brisbane-dec-2018-brisbane-city.jpg,Not Applicable,Driving Distraction,Road_Condition_0,0000033,data/processed_images/traffic/Road_Condition_0/0000033.jpg,0000033,
Traffic,https://st4.depositphotos.com/1585997/23461/i/450/depositphotos_234614154-stock-photo-brisbane-dec-2018-brisbane-city.jpg,Not Applicable,Pedestrian Crossing,Road_Condition_0,0000033,data/processed_images/traffic/Road_Condition_0/0000033.jpg,0000033,
Traffic,https://st4.depositphotos.com/1585997/23461/i/450/depositphotos_234614154-stock-photo-brisbane-dec-2018-brisbane-city.jpg,Complied,Road Condition,Road_Condition_0,0000033,data/processed_images/traffic/Road_Condition_0/0000033.jpg,0000033,
Traffic,https://st4.depositphotos.com/1585997/23461/i/450/depositphotos_234614154-stock-photo-brisbane-dec-2018-brisbane-city.jpg,Complied,Traffic Rules,Road_Condition_0,0000033,data/processed_images/traffic/Road_Condition_0/0000033.jpg,0000033,
Traffic,https://st4.depositphotos.com/1585997/23461/i/450/depositphotos_234614154-stock-photo-brisbane-dec-2018-brisbane-city.jpg,Complied,Vehicle Load,Road_Condition_0,0000033,data/processed_images/traffic/Road_Condition_0/0000033.jpg,0000033,
Traffic,https://st.depositphotos.com/1066342/2004/i/450/depositphotos_20048743-stock-photo-melbourne-by-the-fast-track.jpg,Not Applicable,Driving Distraction,Road_Condition_0,0000034,data/processed_images/traffic/Road_Condition_0/0000034.jpg,0000034,
Traffic,https://st.depositphotos.com/1066342/2004/i/450/depositphotos_20048743-stock-photo-melbourne-by-the-fast-track.jpg,Not Applicable,Pedestrian Crossing,Road_Condition_0,0000034,data/processed_images/traffic/Road_Condition_0/0000034.jpg,0000034,
Traffic,https://st.depositphotos.com/1066342/2004/i/450/depositphotos_20048743-stock-photo-melbourne-by-the-fast-track.jpg,Complied,Road Condition,Road_Condition_0,0000034,data/processed_images/traffic/Road_Condition_0/0000034.jpg,0000034,
Traffic,https://st.depositphotos.com/1066342/2004/i/450/depositphotos_20048743-stock-photo-melbourne-by-the-fast-track.jpg,Complied,Traffic Rules,Road_Condition_0,0000034,data/processed_images/traffic/Road_Condition_0/0000034.jpg,0000034,
Traffic,https://st.depositphotos.com/1066342/2004/i/450/depositphotos_20048743-stock-photo-melbourne-by-the-fast-track.jpg,Complied,Vehicle Load,Road_Condition_0,0000034,data/processed_images/traffic/Road_Condition_0/0000034.jpg,0000034,
Traffic,https://st4.depositphotos.com/13485624/22136/i/450/depositphotos_221361216-stock-photo-melbourne-australia-january-2018-entrance.jpg,Not Applicable,Driving Distraction,Road_Condition_0,0000035,data/processed_images/traffic/Road_Condition_0/0000035.jpg,0000035,
Traffic,https://st4.depositphotos.com/13485624/22136/i/450/depositphotos_221361216-stock-photo-melbourne-australia-january-2018-entrance.jpg,Not Applicable,Pedestrian Crossing,Road_Condition_0,0000035,data/processed_images/traffic/Road_Condition_0/0000035.jpg,0000035,
Traffic,https://st4.depositphotos.com/13485624/22136/i/450/depositphotos_221361216-stock-photo-melbourne-australia-january-2018-entrance.jpg,Complied,Road Condition,Road_Condition_0,0000035,data/processed_images/traffic/Road_Condition_0/0000035.jpg,0000035,
Traffic,https://st4.depositphotos.com/13485624/22136/i/450/depositphotos_221361216-stock-photo-melbourne-australia-january-2018-entrance.jpg,Complied,Traffic Rules,Road_Condition_0,0000035,data/processed_images/traffic/Road_Condition_0/0000035.jpg,0000035,
Traffic,https://st4.depositphotos.com/13485624/22136/i/450/depositphotos_221361216-stock-photo-melbourne-australia-january-2018-entrance.jpg,Complied,Vehicle Load,Road_Condition_0,0000035,data/processed_images/traffic/Road_Condition_0/0000035.jpg,0000035,
Traffic,https://st3.depositphotos.com/1585997/31917/i/450/depositphotos_319175698-stock-photo-traffic-to-perth-central-financial.jpg,Not Applicable,Driving Distraction,Road_Condition_0,0000036,data/processed_images/traffic/Road_Condition_0/0000036.jpg,0000036,
Traffic,https://st3.depositphotos.com/1585997/31917/i/450/depositphotos_319175698-stock-photo-traffic-to-perth-central-financial.jpg,Not Applicable,Pedestrian Crossing,Road_Condition_0,0000036,data/processed_images/traffic/Road_Condition_0/0000036.jpg,0000036,
Traffic,https://st3.depositphotos.com/1585997/31917/i/450/depositphotos_319175698-stock-photo-traffic-to-perth-central-financial.jpg,Complied,Road Condition,Road_Condition_0,0000036,data/processed_images/traffic/Road_Condition_0/0000036.jpg,0000036,
Traffic,https://st3.depositphotos.com/1585997/31917/i/450/depositphotos_319175698-stock-photo-traffic-to-perth-central-financial.jpg,Violated,Traffic Rules,Road_Condition_0,0000036,data/processed_images/traffic/Road_Condition_0/0000036.jpg,0000036,
Traffic,https://st3.depositphotos.com/1585997/31917/i/450/depositphotos_319175698-stock-photo-traffic-to-perth-central-financial.jpg,Complied,Vehicle Load,Road_Condition_0,0000036,data/processed_images/traffic/Road_Condition_0/0000036.jpg,0000036,
Traffic,https://st4.depositphotos.com/2843107/25659/i/450/depositphotos_256595566-stock-photo-australia-wa-perth.jpg,Not Applicable,Driving Distraction,Road_Condition_0,0000037,data/processed_images/traffic/Road_Condition_0/0000037.jpg,0000037,
Traffic,https://st4.depositphotos.com/2843107/25659/i/450/depositphotos_256595566-stock-photo-australia-wa-perth.jpg,Not Applicable,Pedestrian Crossing,Road_Condition_0,0000037,data/processed_images/traffic/Road_Condition_0/0000037.jpg,0000037,
Traffic,https://st4.depositphotos.com/2843107/25659/i/450/depositphotos_256595566-stock-photo-australia-wa-perth.jpg,Complied,Road Condition,Road_Condition_0,0000037,data/processed_images/traffic/Road_Condition_0/0000037.jpg,0000037,
Traffic,https://st4.depositphotos.com/2843107/25659/i/450/depositphotos_256595566-stock-photo-australia-wa-perth.jpg,Complied,Traffic Rules,Road_Condition_0,0000037,data/processed_images/traffic/Road_Condition_0/0000037.jpg,0000037,
Traffic,https://st4.depositphotos.com/2843107/25659/i/450/depositphotos_256595566-stock-photo-australia-wa-perth.jpg,Complied,Vehicle Load,Road_Condition_0,0000037,data/processed_images/traffic/Road_Condition_0/0000037.jpg,0000037,
Traffic,https://st5.depositphotos.com/6194606/81701/i/450/depositphotos_817010644-stock-photo-perth-australia-april-2025-mitchell.jpg,Not Applicable,Driving Distraction,Road_Condition_0,0000038,data/processed_images/traffic/Road_Condition_0/0000038.jpg,0000038,
Traffic,https://st5.depositphotos.com/6194606/81701/i/450/depositphotos_817010644-stock-photo-perth-australia-april-2025-mitchell.jpg,Not Applicable,Pedestrian Crossing,Road_Condition_0,0000038,data/processed_images/traffic/Road_Condition_0/0000038.jpg,0000038,
Traffic,https://st5.depositphotos.com/6194606/81701/i/450/depositphotos_817010644-stock-photo-perth-australia-april-2025-mitchell.jpg,Complied,Road Condition,Road_Condition_0,0000038,data/processed_images/traffic/Road_Condition_0/0000038.jpg,0000038,
Traffic,https://st5.depositphotos.com/6194606/81701/i/450/depositphotos_817010644-stock-photo-perth-australia-april-2025-mitchell.jpg,Complied,Traffic Rules,Road_Condition_0,0000038,data/processed_images/traffic/Road_Condition_0/0000038.jpg,0000038,
Traffic,https://st5.depositphotos.com/6194606/81701/i/450/depositphotos_817010644-stock-photo-perth-australia-april-2025-mitchell.jpg,Not Applicable,Vehicle Load,Road_Condition_0,0000038,data/processed_images/traffic/Road_Condition_0/0000038.jpg,0000038,
Traffic,https://st3.depositphotos.com/30030580/34805/i/450/depositphotos_348055962-stock-photo-the-m1-motorway-is-at.jpg,Not Applicable,Driving Distraction,Road_Condition_0,0000039,data/processed_images/traffic/Road_Condition_0/0000039.jpg,0000039,
Traffic,https://st3.depositphotos.com/30030580/34805/i/450/depositphotos_348055962-stock-photo-the-m1-motorway-is-at.jpg,Not Applicable,Pedestrian Crossing,Road_Condition_0,0000039,data/processed_images/traffic/Road_Condition_0/0000039.jpg,0000039,
Traffic,https://st3.depositphotos.com/30030580/34805/i/450/depositphotos_348055962-stock-photo-the-m1-motorway-is-at.jpg,Complied,Road Condition,Road_Condition_0,0000039,data/processed_images/traffic/Road_Condition_0/0000039.jpg,0000039,
Traffic,https://st3.depositphotos.com/30030580/34805/i/450/depositphotos_348055962-stock-photo-the-m1-motorway-is-at.jpg,Complied,Traffic Rules,Road_Condition_0,0000039,data/processed_images/traffic/Road_Condition_0/0000039.jpg,0000039,
Traffic,https://st3.depositphotos.com/30030580/34805/i/450/depositphotos_348055962-stock-photo-the-m1-motorway-is-at.jpg,Complied,Vehicle Load,Road_Condition_0,0000039,data/processed_images/traffic/Road_Condition_0/0000039.jpg,0000039,
Traffic,https://static8.depositphotos.com/1421348/902/i/450/depositphotos_9023272-stock-photo-road-in-the-city.jpg,Not Applicable,Driving Distraction,Road_Condition_0,0000040,data/processed_images/traffic/Road_Condition_0/0000040.jpg,0000040,
Traffic,https://static8.depositphotos.com/1421348/902/i/450/depositphotos_9023272-stock-photo-road-in-the-city.jpg,Not Applicable,Pedestrian Crossing,Road_Condition_0,0000040,data/processed_images/traffic/Road_Condition_0/0000040.jpg,0000040,
Traffic,https://static8.depositphotos.com/1421348/902/i/450/depositphotos_9023272-stock-photo-road-in-the-city.jpg,Complied,Road Condition,Road_Condition_0,0000040,data/processed_images/traffic/Road_Condition_0/0000040.jpg,0000040,
Traffic,https://static8.depositphotos.com/1421348/902/i/450/depositphotos_9023272-stock-photo-road-in-the-city.jpg,Violated,Traffic Rules,Road_Condition_0,0000040,data/processed_images/traffic/Road_Condition_0/0000040.jpg,0000040,
Traffic,https://static8.depositphotos.com/1421348/902/i/450/depositphotos_9023272-stock-photo-road-in-the-city.jpg,Complied,Vehicle Load,Road_Condition_0,0000040,data/processed_images/traffic/Road_Condition_0/0000040.jpg,0000040,
Traffic,https://st5.depositphotos.com/56294224/66484/i/450/depositphotos_664843884-stock-photo-melbourne-victoria-australia-2019-aami.jpg,Not Applicable,Driving Distraction,Road_Condition_0,0000041,data/processed_images/traffic/Road_Condition_0/0000041.jpg,0000041,
Traffic,https://st5.depositphotos.com/56294224/66484/i/450/depositphotos_664843884-stock-photo-melbourne-victoria-australia-2019-aami.jpg,Not Applicable,Pedestrian Crossing,Road_Condition_0,0000041,data/processed_images/traffic/Road_Condition_0/0000041.jpg,0000041,
Traffic,https://st5.depositphotos.com/56294224/66484/i/450/depositphotos_664843884-stock-photo-melbourne-victoria-australia-2019-aami.jpg,Complied,Road Condition,Road_Condition_0,0000041,data/processed_images/traffic/Road_Condition_0/0000041.jpg,0000041,
Traffic,https://st5.depositphotos.com/56294224/66484/i/450/depositphotos_664843884-stock-photo-melbourne-victoria-australia-2019-aami.jpg,Complied,Traffic Rules,Road_Condition_0,0000041,data/processed_images/traffic/Road_Condition_0/0000041.jpg,0000041,
Traffic,https://st5.depositphotos.com/56294224/66484/i/450/depositphotos_664843884-stock-photo-melbourne-victoria-australia-2019-aami.jpg,Complied,Vehicle Load,Road_Condition_0,0000041,data/processed_images/traffic/Road_Condition_0/0000041.jpg,0000041,
Traffic,https://st3.depositphotos.com/29384342/33879/i/450/depositphotos_338797404-stock-photo-transit-road-melbourne-skyline-background.jpg,Not Applicable,Driving Distraction,Road_Condition_0,0000042,data/processed_images/traffic/Road_Condition_0/0000042.jpg,0000042,
Traffic,https://st3.depositphotos.com/29384342/33879/i/450/depositphotos_338797404-stock-photo-transit-road-melbourne-skyline-background.jpg,Not Applicable,Pedestrian Crossing,Road_Condition_0,0000042,data/processed_images/traffic/Road_Condition_0/0000042.jpg,0000042,
Traffic,https://st3.depositphotos.com/29384342/33879/i/450/depositphotos_338797404-stock-photo-transit-road-melbourne-skyline-background.jpg,Complied,Road Condition,Road_Condition_0,0000042,data/processed_images/traffic/Road_Condition_0/0000042.jpg,0000042,
Traffic,https://st3.depositphotos.com/29384342/33879/i/450/depositphotos_338797404-stock-photo-transit-road-melbourne-skyline-background.jpg,Not Applicable,Traffic Rules,Road_Condition_0,0000042,data/processed_images/traffic/Road_Condition_0/0000042.jpg,0000042,
Traffic,https://st3.depositphotos.com/29384342/33879/i/450/depositphotos_338797404-stock-photo-transit-road-melbourne-skyline-background.jpg,Not Applicable,Vehicle Load,Road_Condition_0,0000042,data/processed_images/traffic/Road_Condition_0/0000042.jpg,0000042,
Traffic,https://st3.depositphotos.com/6570854/33326/i/450/depositphotos_333261878-stock-photo-the-princes-highway-is-a.jpg,Not Applicable,Driving Distraction,Road_Condition_0,0000043,data/processed_images/traffic/Road_Condition_0/0000043.jpg,0000043,
Traffic,https://st3.depositphotos.com/6570854/33326/i/450/depositphotos_333261878-stock-photo-the-princes-highway-is-a.jpg,Not Applicable,Pedestrian Crossing,Road_Condition_0,0000043,data/processed_images/traffic/Road_Condition_0/0000043.jpg,0000043,
Traffic,https://st3.depositphotos.com/6570854/33326/i/450/depositphotos_333261878-stock-photo-the-princes-highway-is-a.jpg,Complied,Road Condition,Road_Condition_0,0000043,data/processed_images/traffic/Road_Condition_0/0000043.jpg,0000043,
Traffic,https://st3.depositphotos.com/6570854/33326/i/450/depositphotos_333261878-stock-photo-the-princes-highway-is-a.jpg,Not Applicable,Traffic Rules,Road_Condition_0,0000043,data/processed_images/traffic/Road_Condition_0/0000043.jpg,0000043,
Traffic,https://st3.depositphotos.com/6570854/33326/i/450/depositphotos_333261878-stock-photo-the-princes-highway-is-a.jpg,Not Applicable,Vehicle Load,Road_Condition_0,0000043,data/processed_images/traffic/Road_Condition_0/0000043.jpg,0000043,
Traffic,https://media.istockphoto.com/id/1148591236/photo/empty-asphalt-road-with-buildings-in-the-city.jpg?s=612x612&w=0&k=20&c=VBLu8GxlUatECihoiORQTZJtpOJc2_-pAzvS2vyGZK0=,Not Applicable,Driving Distraction,Road_Condition_0,0000044,data/processed_images/traffic/Road_Condition_0/0000044.jpg,0000044,
Traffic,https://media.istockphoto.com/id/1148591236/photo/empty-asphalt-road-with-buildings-in-the-city.jpg?s=612x612&w=0&k=20&c=VBLu8GxlUatECihoiORQTZJtpOJc2_-pAzvS2vyGZK0=,Not Applicable,Pedestrian Crossing,Road_Condition_0,0000044,data/processed_images/traffic/Road_Condition_0/0000044.jpg,0000044,
Traffic,https://media.istockphoto.com/id/1148591236/photo/empty-asphalt-road-with-buildings-in-the-city.jpg?s=612x612&w=0&k=20&c=VBLu8GxlUatECihoiORQTZJtpOJc2_-pAzvS2vyGZK0=,Complied,Road Condition,Road_Condition_0,0000044,data/processed_images/traffic/Road_Condition_0/0000044.jpg,0000044,
Traffic,https://media.istockphoto.com/id/1148591236/photo/empty-asphalt-road-with-buildings-in-the-city.jpg?s=612x612&w=0&k=20&c=VBLu8GxlUatECihoiORQTZJtpOJc2_-pAzvS2vyGZK0=,Not Applicable,Traffic Rules,Road_Condition_0,0000044,data/processed_images/traffic/Road_Condition_0/0000044.jpg,0000044,
Traffic,https://media.istockphoto.com/id/1148591236/photo/empty-asphalt-road-with-buildings-in-the-city.jpg?s=612x612&w=0&k=20&c=VBLu8GxlUatECihoiORQTZJtpOJc2_-pAzvS2vyGZK0=,Not Applicable,Vehicle Load,Road_Condition_0,0000044,data/processed_images/traffic/Road_Condition_0/0000044.jpg,0000044,
Traffic,https://media.istockphoto.com/id/1147785858/photo/road.jpg?s=612x612&w=0&k=20&c=gFx0MjOKF5vTbIO43QnfcjrSH5rkl9ZUpk8nvjRPGFk=,Not Applicable,Driving Distraction,Road_Condition_0,0000045,data/processed_images/traffic/Road_Condition_0/0000045.jpg,0000045,
Traffic,https://media.istockphoto.com/id/1147785858/photo/road.jpg?s=612x612&w=0&k=20&c=gFx0MjOKF5vTbIO43QnfcjrSH5rkl9ZUpk8nvjRPGFk=,Not Applicable,Pedestrian Crossing,Road_Condition_0,0000045,data/processed_images/traffic/Road_Condition_0/0000045.jpg,0000045,
Traffic,https://media.istockphoto.com/id/1147785858/photo/road.jpg?s=612x612&w=0&k=20&c=gFx0MjOKF5vTbIO43QnfcjrSH5rkl9ZUpk8nvjRPGFk=,Complied,Road Condition,Road_Condition_0,0000045,data/processed_images/traffic/Road_Condition_0/0000045.jpg,0000045,
Traffic,https://media.istockphoto.com/id/1147785858/photo/road.jpg?s=612x612&w=0&k=20&c=gFx0MjOKF5vTbIO43QnfcjrSH5rkl9ZUpk8nvjRPGFk=,Not Applicable,Traffic Rules,Road_Condition_0,0000045,data/processed_images/traffic/Road_Condition_0/0000045.jpg,0000045,
Traffic,https://media.istockphoto.com/id/1147785858/photo/road.jpg?s=612x612&w=0&k=20&c=gFx0MjOKF5vTbIO43QnfcjrSH5rkl9ZUpk8nvjRPGFk=,Not Applicable,Vehicle Load,Road_Condition_0,0000045,data/processed_images/traffic/Road_Condition_0/0000045.jpg,0000045,
Traffic,https://media.istockphoto.com/id/1096519286/photo/inner-city-road.jpg?s=612x612&w=0&k=20&c=JGrRLAuxUTNye8b7gYQFRPI7fpHp2L9f0YXUNKMANh0=,Not Applicable,Driving Distraction,Road_Condition_0,0000046,data/processed_images/traffic/Road_Condition_0/0000046.jpg,0000046,
Traffic,https://media.istockphoto.com/id/1096519286/photo/inner-city-road.jpg?s=612x612&w=0&k=20&c=JGrRLAuxUTNye8b7gYQFRPI7fpHp2L9f0YXUNKMANh0=,Not Applicable,Pedestrian Crossing,Road_Condition_0,0000046,data/processed_images/traffic/Road_Condition_0/0000046.jpg,0000046,
Traffic,https://media.istockphoto.com/id/1096519286/photo/inner-city-road.jpg?s=612x612&w=0&k=20&c=JGrRLAuxUTNye8b7gYQFRPI7fpHp2L9f0YXUNKMANh0=,Complied,Road Condition,Road_Condition_0,0000046,data/processed_images/traffic/Road_Condition_0/0000046.jpg,0000046,
Traffic,https://media.istockphoto.com/id/1096519286/photo/inner-city-road.jpg?s=612x612&w=0&k=20&c=JGrRLAuxUTNye8b7gYQFRPI7fpHp2L9f0YXUNKMANh0=,Not Applicable,Traffic Rules,Road_Condition_0,0000046,data/processed_images/traffic/Road_Condition_0/0000046.jpg,0000046,
Traffic,https://media.istockphoto.com/id/1096519286/photo/inner-city-road.jpg?s=612x612&w=0&k=20&c=JGrRLAuxUTNye8b7gYQFRPI7fpHp2L9f0YXUNKMANh0=,Not Applicable,Vehicle Load,Road_Condition_0,0000046,data/processed_images/traffic/Road_Condition_0/0000046.jpg,0000046,
Traffic,https://media.istockphoto.com/id/619498880/photo/professional-use-auto-advertising-backplate.jpg?s=612x612&w=0&k=20&c=Z0Qk6gE9sUzjbavK_eUg0oQWB2Jw83RpAA3l1mq6UGg=,Not Applicable,Driving Distraction,Road_Condition_0,0000047,data/processed_images/traffic/Road_Condition_0/0000047.jpg,0000047,
Traffic,https://media.istockphoto.com/id/619498880/photo/professional-use-auto-advertising-backplate.jpg?s=612x612&w=0&k=20&c=Z0Qk6gE9sUzjbavK_eUg0oQWB2Jw83RpAA3l1mq6UGg=,Not Applicable,Pedestrian Crossing,Road_Condition_0,0000047,data/processed_images/traffic/Road_Condition_0/0000047.jpg,0000047,
Traffic,https://media.istockphoto.com/id/619498880/photo/professional-use-auto-advertising-backplate.jpg?s=612x612&w=0&k=20&c=Z0Qk6gE9sUzjbavK_eUg0oQWB2Jw83RpAA3l1mq6UGg=,Complied,Road Condition,Road_Condition_0,0000047,data/processed_images/traffic/Road_Condition_0/0000047.jpg,0000047,
Traffic,https://media.istockphoto.com/id/619498880/photo/professional-use-auto-advertising-backplate.jpg?s=612x612&w=0&k=20&c=Z0Qk6gE9sUzjbavK_eUg0oQWB2Jw83RpAA3l1mq6UGg=,Not Applicable,Traffic Rules,Road_Condition_0,0000047,data/processed_images/traffic/Road_Condition_0/0000047.jpg,0000047,
Traffic,https://media.istockphoto.com/id/619498880/photo/professional-use-auto-advertising-backplate.jpg?s=612x612&w=0&k=20&c=Z0Qk6gE9sUzjbavK_eUg0oQWB2Jw83RpAA3l1mq6UGg=,Not Applicable,Vehicle Load,Road_Condition_0,0000047,data/processed_images/traffic/Road_Condition_0/0000047.jpg,0000047,
Traffic,https://media.istockphoto.com/id/1411145066/photo/busy-traffic-intersection-and-light-rail-bridge-shot-from-above.jpg?s=612x612&w=0&k=20&c=l8JfgIEYie0Vhqikcck8genLfMOYBAWHw0tiAGfE_lQ=,Not Applicable,Driving Distraction,Road_Condition_0,0000048,data/processed_images/traffic/Road_Condition_0/0000048.jpg,0000048,
Traffic,https://media.istockphoto.com/id/1411145066/photo/busy-traffic-intersection-and-light-rail-bridge-shot-from-above.jpg?s=612x612&w=0&k=20&c=l8JfgIEYie0Vhqikcck8genLfMOYBAWHw0tiAGfE_lQ=,Not Applicable,Pedestrian Crossing,Road_Condition_0,0000048,data/processed_images/traffic/Road_Condition_0/0000048.jpg,0000048,
Traffic,https://media.istockphoto.com/id/1411145066/photo/busy-traffic-intersection-and-light-rail-bridge-shot-from-above.jpg?s=612x612&w=0&k=20&c=l8JfgIEYie0Vhqikcck8genLfMOYBAWHw0tiAGfE_lQ=,Complied,Road Condition,Road_Condition_0,0000048,data/processed_images/traffic/Road_Condition_0/0000048.jpg,0000048,
Traffic,https://media.istockphoto.com/id/1411145066/photo/busy-traffic-intersection-and-light-rail-bridge-shot-from-above.jpg?s=612x612&w=0&k=20&c=l8JfgIEYie0Vhqikcck8genLfMOYBAWHw0tiAGfE_lQ=,Violated,Traffic Rules,Road_Condition_0,0000048,data/processed_images/traffic/Road_Condition_0/0000048.jpg,0000048,
Traffic,https://media.istockphoto.com/id/1411145066/photo/busy-traffic-intersection-and-light-rail-bridge-shot-from-above.jpg?s=612x612&w=0&k=20&c=l8JfgIEYie0Vhqikcck8genLfMOYBAWHw0tiAGfE_lQ=,Not Applicable,Vehicle Load,Road_Condition_0,0000048,data/processed_images/traffic/Road_Condition_0/0000048.jpg,0000048,
Traffic,https://upload.wikimedia.org/wikipedia/commons/thumb/7/77/Deer_Park_Bypass_eastbound_at_Western_Ring_Road.jpg/250px-Deer_Park_Bypass_eastbound_at_Western_Ring_Road.jpg,Not Applicable,Driving Distraction,Road_Condition_0,0000049,data/processed_images/traffic/Road_Condition_0/0000049.jpg,0000049,
Traffic,https://upload.wikimedia.org/wikipedia/commons/thumb/7/77/Deer_Park_Bypass_eastbound_at_Western_Ring_Road.jpg/250px-Deer_Park_Bypass_eastbound_at_Western_Ring_Road.jpg,Not Applicable,Pedestrian Crossing,Road_Condition_0,0000049,data/processed_images/traffic/Road_Condition_0/0000049.jpg,0000049,
Traffic,https://upload.wikimedia.org/wikipedia/commons/thumb/7/77/Deer_Park_Bypass_eastbound_at_Western_Ring_Road.jpg/250px-Deer_Park_Bypass_eastbound_at_Western_Ring_Road.jpg,Complied,Road Condition,Road_Condition_0,0000049,data/processed_images/traffic/Road_Condition_0/0000049.jpg,0000049,
Traffic,https://upload.wikimedia.org/wikipedia/commons/thumb/7/77/Deer_Park_Bypass_eastbound_at_Western_Ring_Road.jpg/250px-Deer_Park_Bypass_eastbound_at_Western_Ring_Road.jpg,Complied,Traffic Rules,Road_Condition_0,0000049,data/processed_images/traffic/Road_Condition_0/0000049.jpg,0000049,
Traffic,https://upload.wikimedia.org/wikipedia/commons/thumb/7/77/Deer_Park_Bypass_eastbound_at_Western_Ring_Road.jpg/250px-Deer_Park_Bypass_eastbound_at_Western_Ring_Road.jpg,Complied,Vehicle Load,Road_Condition_0,0000049,data/processed_images/traffic/Road_Condition_0/0000049.jpg,0000049,
Traffic,https://mesquitelocalnews.com/wp-content/uploads/2024/06/manholecoversdirect-314981-trafficpotholerubble-image1.jpg,Not Applicable,Driving Distraction,Road_Condition_1,0000001,data/processed_images/traffic/Road_Condition_1/0000001.jpg,0000001,
Traffic,https://mesquitelocalnews.com/wp-content/uploads/2024/06/manholecoversdirect-314981-trafficpotholerubble-image1.jpg,Not Applicable,Pedestrian Crossing,Road_Condition_1,0000001,data/processed_images/traffic/Road_Condition_1/0000001.jpg,0000001,
Traffic,https://mesquitelocalnews.com/wp-content/uploads/2024/06/manholecoversdirect-314981-trafficpotholerubble-image1.jpg,Violated,Road Condition,Road_Condition_1,0000001,data/processed_images/traffic/Road_Condition_1/0000001.jpg,0000001,
Traffic,https://mesquitelocalnews.com/wp-content/uploads/2024/06/manholecoversdirect-314981-trafficpotholerubble-image1.jpg,Not Applicable,Traffic Rules,Road_Condition_1,0000001,data/processed_images/traffic/Road_Condition_1/0000001.jpg,0000001,
Traffic,https://mesquitelocalnews.com/wp-content/uploads/2024/06/manholecoversdirect-314981-trafficpotholerubble-image1.jpg,Not Applicable,Vehicle Load,Road_Condition_1,0000001,data/processed_images/traffic/Road_Condition_1/0000001.jpg,0000001,
Traffic,https://cdn.prod.website-files.com/633a774cc6e89f417caf380c/6372e10439e184188c00cdfd_JtnzKxnQwo1b2VjRltx5Rgr5hvWGVT7JJFaSoZzuPRJ5ApmuXQYMppQSe358gj3q7Csm9KNTdxnKUagaXnS8Ca9DC_lmqcu17Hn7u-z9TU_STRHOqFF8L8e0j1gkc3lLm4KQbIsOhnoLTbryNUwsNfa8lhJuRX3ZvFSfCR-uEdM9_tICiWPUMU8w8lktjA.jpeg,Not Applicable,Driving Distraction,Road_Condition_1,0000002,data/processed_images/traffic/Road_Condition_1/0000002.jpg,0000002,
Traffic,https://cdn.prod.website-files.com/633a774cc6e89f417caf380c/6372e10439e184188c00cdfd_JtnzKxnQwo1b2VjRltx5Rgr5hvWGVT7JJFaSoZzuPRJ5ApmuXQYMppQSe358gj3q7Csm9KNTdxnKUagaXnS8Ca9DC_lmqcu17Hn7u-z9TU_STRHOqFF8L8e0j1gkc3lLm4KQbIsOhnoLTbryNUwsNfa8lhJuRX3ZvFSfCR-uEdM9_tICiWPUMU8w8lktjA.jpeg,Not Applicable,Pedestrian Crossing,Road_Condition_1,0000002,data/processed_images/traffic/Road_Condition_1/0000002.jpg,0000002,
Traffic,https://cdn.prod.website-files.com/633a774cc6e89f417caf380c/6372e10439e184188c00cdfd_JtnzKxnQwo1b2VjRltx5Rgr5hvWGVT7JJFaSoZzuPRJ5ApmuXQYMppQSe358gj3q7Csm9KNTdxnKUagaXnS8Ca9DC_lmqcu17Hn7u-z9TU_STRHOqFF8L8e0j1gkc3lLm4KQbIsOhnoLTbryNUwsNfa8lhJuRX3ZvFSfCR-uEdM9_tICiWPUMU8w8lktjA.jpeg,Violated,Road Condition,Road_Condition_1,0000002,data/processed_images/traffic/Road_Condition_1/0000002.jpg,0000002,
Traffic,https://cdn.prod.website-files.com/633a774cc6e89f417caf380c/6372e10439e184188c00cdfd_JtnzKxnQwo1b2VjRltx5Rgr5hvWGVT7JJFaSoZzuPRJ5ApmuXQYMppQSe358gj3q7Csm9KNTdxnKUagaXnS8Ca9DC_lmqcu17Hn7u-z9TU_STRHOqFF8L8e0j1gkc3lLm4KQbIsOhnoLTbryNUwsNfa8lhJuRX3ZvFSfCR-uEdM9_tICiWPUMU8w8lktjA.jpeg,Not Applicable,Traffic Rules,Road_Condition_1,0000002,data/processed_images/traffic/Road_Condition_1/0000002.jpg,0000002,
Traffic,https://cdn.prod.website-files.com/633a774cc6e89f417caf380c/6372e10439e184188c00cdfd_JtnzKxnQwo1b2VjRltx5Rgr5hvWGVT7JJFaSoZzuPRJ5ApmuXQYMppQSe358gj3q7Csm9KNTdxnKUagaXnS8Ca9DC_lmqcu17Hn7u-z9TU_STRHOqFF8L8e0j1gkc3lLm4KQbIsOhnoLTbryNUwsNfa8lhJuRX3ZvFSfCR-uEdM9_tICiWPUMU8w8lktjA.jpeg,Not Applicable,Vehicle Load,Road_Condition_1,0000002,data/processed_images/traffic/Road_Condition_1/0000002.jpg,0000002,
Traffic,https://www.insuranceneighbor.com/wp-content/uploads/sites/2939/2019/12/Road-Hazard-Pothole.jpg,Not Applicable,Driving Distraction,Road_Condition_1,0000003,data/processed_images/traffic/Road_Condition_1/0000003.jpg,0000003,
Traffic,https://www.insuranceneighbor.com/wp-content/uploads/sites/2939/2019/12/Road-Hazard-Pothole.jpg,Not Applicable,Pedestrian Crossing,Road_Condition_1,0000003,data/processed_images/traffic/Road_Condition_1/0000003.jpg,0000003,
Traffic,https://www.insuranceneighbor.com/wp-content/uploads/sites/2939/2019/12/Road-Hazard-Pothole.jpg,Violated,Road Condition,Road_Condition_1,0000003,data/processed_images/traffic/Road_Condition_1/0000003.jpg,0000003,
Traffic,https://www.insuranceneighbor.com/wp-content/uploads/sites/2939/2019/12/Road-Hazard-Pothole.jpg,Not Applicable,Traffic Rules,Road_Condition_1,0000003,data/processed_images/traffic/Road_Condition_1/0000003.jpg,0000003,
Traffic,https://www.insuranceneighbor.com/wp-content/uploads/sites/2939/2019/12/Road-Hazard-Pothole.jpg,Complied,Vehicle Load,Road_Condition_1,0000003,data/processed_images/traffic/Road_Condition_1/0000003.jpg,0000003,
Traffic,https://c8.alamy.com/comp/ARTWA5/flooded-road-traffic-cars-in-flood-waters-driving-in-flood-conditions-ARTWA5.jpg,Complied,Driving Distraction,Road_Condition_1,0000004,data/processed_images/traffic/Road_Condition_1/0000004.jpg,0000004,
Traffic,https://c8.alamy.com/comp/ARTWA5/flooded-road-traffic-cars-in-flood-waters-driving-in-flood-conditions-ARTWA5.jpg,Not Applicable,Pedestrian Crossing,Road_Condition_1,0000004,data/processed_images/traffic/Road_Condition_1/0000004.jpg,0000004,
Traffic,https://c8.alamy.com/comp/ARTWA5/flooded-road-traffic-cars-in-flood-waters-driving-in-flood-conditions-ARTWA5.jpg,Violated,Road Condition,Road_Condition_1,0000004,data/processed_images/traffic/Road_Condition_1/0000004.jpg,0000004,
Traffic,https://c8.alamy.com/comp/ARTWA5/flooded-road-traffic-cars-in-flood-waters-driving-in-flood-conditions-ARTWA5.jpg,Not Applicable,Traffic Rules,Road_Condition_1,0000004,data/processed_images/traffic/Road_Condition_1/0000004.jpg,0000004,
Traffic,https://c8.alamy.com/comp/ARTWA5/flooded-road-traffic-cars-in-flood-waters-driving-in-flood-conditions-ARTWA5.jpg,Complied,Vehicle Load,Road_Condition_1,0000004,data/processed_images/traffic/Road_Condition_1/0000004.jpg,0000004,
Traffic,https://townsquare.media/site/677/files/2022/01/attachment-RS34883_GettyImages-498050908-scr.jpg?w=1200&h=0&zc=1&s=0&a=t&q=89&format=natural,Not Applicable,Driving Distraction,Road_Condition_1,0000005,data/processed_images/traffic/Road_Condition_1/0000005.jpg,0000005,
Traffic,https://townsquare.media/site/677/files/2022/01/attachment-RS34883_GettyImages-498050908-scr.jpg?w=1200&h=0&zc=1&s=0&a=t&q=89&format=natural,Not Applicable,Pedestrian Crossing,Road_Condition_1,0000005,data/processed_images/traffic/Road_Condition_1/0000005.jpg,0000005,
Traffic,https://townsquare.media/site/677/files/2022/01/attachment-RS34883_GettyImages-498050908-scr.jpg?w=1200&h=0&zc=1&s=0&a=t&q=89&format=natural,Violated,Road Condition,Road_Condition_1,0000005,data/processed_images/traffic/Road_Condition_1/0000005.jpg,0000005,
Traffic,https://townsquare.media/site/677/files/2022/01/attachment-RS34883_GettyImages-498050908-scr.jpg?w=1200&h=0&zc=1&s=0&a=t&q=89&format=natural,Not Applicable,Traffic Rules,Road_Condition_1,0000005,data/processed_images/traffic/Road_Condition_1/0000005.jpg,0000005,
Traffic,https://townsquare.media/site/677/files/2022/01/attachment-RS34883_GettyImages-498050908-scr.jpg?w=1200&h=0&zc=1&s=0&a=t&q=89&format=natural,Complied,Vehicle Load,Road_Condition_1,0000005,data/processed_images/traffic/Road_Condition_1/0000005.jpg,0000005,
Traffic,https://content.api.news/v3/images/bin/3b54220bb188309e82871d0c9311c2de,Not Applicable,Driving Distraction,Road_Condition_1,0000006,data/processed_images/traffic/Road_Condition_1/0000006.jpg,0000006,
Traffic,https://content.api.news/v3/images/bin/3b54220bb188309e82871d0c9311c2de,Not Applicable,Pedestrian Crossing,Road_Condition_1,0000006,data/processed_images/traffic/Road_Condition_1/0000006.jpg,0000006,
Traffic,https://content.api.news/v3/images/bin/3b54220bb188309e82871d0c9311c2de,Violated,Road Condition,Road_Condition_1,0000006,data/processed_images/traffic/Road_Condition_1/0000006.jpg,0000006,
Traffic,https://content.api.news/v3/images/bin/3b54220bb188309e82871d0c9311c2de,Not Applicable,Traffic Rules,Road_Condition_1,0000006,data/processed_images/traffic/Road_Condition_1/0000006.jpg,0000006,
Traffic,https://content.api.news/v3/images/bin/3b54220bb188309e82871d0c9311c2de,Complied,Vehicle Load,Road_Condition_1,0000006,data/processed_images/traffic/Road_Condition_1/0000006.jpg,0000006,
Traffic,https://media.istockphoto.com/id/460744007/photo/night-driving.jpg?s=612x612&w=0&k=20&c=-gzQPmNt91FhMccpYK93LiJsdtfeLFeazj-xST2bYQU=,Not Applicable,Driving Distraction,Road_Condition_1,0000007,data/processed_images/traffic/Road_Condition_1/0000007.jpg,0000007,
Traffic,https://media.istockphoto.com/id/460744007/photo/night-driving.jpg?s=612x612&w=0&k=20&c=-gzQPmNt91FhMccpYK93LiJsdtfeLFeazj-xST2bYQU=,Not Applicable,Pedestrian Crossing,Road_Condition_1,0000007,data/processed_images/traffic/Road_Condition_1/0000007.jpg,0000007,
Traffic,https://media.istockphoto.com/id/460744007/photo/night-driving.jpg?s=612x612&w=0&k=20&c=-gzQPmNt91FhMccpYK93LiJsdtfeLFeazj-xST2bYQU=,Violated,Road Condition,Road_Condition_1,0000007,data/processed_images/traffic/Road_Condition_1/0000007.jpg,0000007,
Traffic,https://media.istockphoto.com/id/460744007/photo/night-driving.jpg?s=612x612&w=0&k=20&c=-gzQPmNt91FhMccpYK93LiJsdtfeLFeazj-xST2bYQU=,Not Applicable,Traffic Rules,Road_Condition_1,0000007,data/processed_images/traffic/Road_Condition_1/0000007.jpg,0000007,
Traffic,https://media.istockphoto.com/id/460744007/photo/night-driving.jpg?s=612x612&w=0&k=20&c=-gzQPmNt91FhMccpYK93LiJsdtfeLFeazj-xST2bYQU=,Not Applicable,Vehicle Load,Road_Condition_1,0000007,data/processed_images/traffic/Road_Condition_1/0000007.jpg,0000007,
Traffic,https://www.getready.qld.gov.au/sites/default/files/styles/hero_image_desktop_basic/public/2019-09/Wolfram%20Creek%20Road%20%282%29.jpg?itok=2en5pyhX,Not Applicable,Driving Distraction,Road_Condition_1,0000008,data/processed_images/traffic/Road_Condition_1/0000008.jpg,0000008,
Traffic,https://www.getready.qld.gov.au/sites/default/files/styles/hero_image_desktop_basic/public/2019-09/Wolfram%20Creek%20Road%20%282%29.jpg?itok=2en5pyhX,Not Applicable,Pedestrian Crossing,Road_Condition_1,0000008,data/processed_images/traffic/Road_Condition_1/0000008.jpg,0000008,
Traffic,https://www.getready.qld.gov.au/sites/default/files/styles/hero_image_desktop_basic/public/2019-09/Wolfram%20Creek%20Road%20%282%29.jpg?itok=2en5pyhX,Violated,Road Condition,Road_Condition_1,0000008,data/processed_images/traffic/Road_Condition_1/0000008.jpg,0000008,
Traffic,https://www.getready.qld.gov.au/sites/default/files/styles/hero_image_desktop_basic/public/2019-09/Wolfram%20Creek%20Road%20%282%29.jpg?itok=2en5pyhX,Not Applicable,Traffic Rules,Road_Condition_1,0000008,data/processed_images/traffic/Road_Condition_1/0000008.jpg,0000008,
Traffic,https://www.getready.qld.gov.au/sites/default/files/styles/hero_image_desktop_basic/public/2019-09/Wolfram%20Creek%20Road%20%282%29.jpg?itok=2en5pyhX,Complied,Vehicle Load,Road_Condition_1,0000008,data/processed_images/traffic/Road_Condition_1/0000008.jpg,0000008,
Traffic,https://www.canberratimes.com.au/images/transform/v1/crop/frm/175630965/4690ef79-28e6-4d79-a8d2-263f1c852249.png/r0_135_1018_669_w1200_h630_fmax.jpg,Not Applicable,Driving Distraction,Road_Condition_1,0000009,data/processed_images/traffic/Road_Condition_1/0000009.jpg,0000009,
Traffic,https://www.canberratimes.com.au/images/transform/v1/crop/frm/175630965/4690ef79-28e6-4d79-a8d2-263f1c852249.png/r0_135_1018_669_w1200_h630_fmax.jpg,Not Applicable,Pedestrian Crossing,Road_Condition_1,0000009,data/processed_images/traffic/Road_Condition_1/0000009.jpg,0000009,
Traffic,https://www.canberratimes.com.au/images/transform/v1/crop/frm/175630965/4690ef79-28e6-4d79-a8d2-263f1c852249.png/r0_135_1018_669_w1200_h630_fmax.jpg,Violated,Road Condition,Road_Condition_1,0000009,data/processed_images/traffic/Road_Condition_1/0000009.jpg,0000009,
Traffic,https://www.canberratimes.com.au/images/transform/v1/crop/frm/175630965/4690ef79-28e6-4d79-a8d2-263f1c852249.png/r0_135_1018_669_w1200_h630_fmax.jpg,Complied,Traffic Rules,Road_Condition_1,0000009,data/processed_images/traffic/Road_Condition_1/0000009.jpg,0000009,
Traffic,https://www.canberratimes.com.au/images/transform/v1/crop/frm/175630965/4690ef79-28e6-4d79-a8d2-263f1c852249.png/r0_135_1018_669_w1200_h630_fmax.jpg,Complied,Vehicle Load,Road_Condition_1,0000009,data/processed_images/traffic/Road_Condition_1/0000009.jpg,0000009,
Traffic,https://h7.alamy.com/comp/FJ5NH1/american-bison-buffalo-bison-bison-male-crossing-a-street-usa-wyoming-FJ5NH1.jpg,Not Applicable,Driving Distraction,Road_Condition_1,0000010,data/processed_images/traffic/Road_Condition_1/0000010.jpg,0000010,
Traffic,https://h7.alamy.com/comp/FJ5NH1/american-bison-buffalo-bison-bison-male-crossing-a-street-usa-wyoming-FJ5NH1.jpg,Not Applicable,Pedestrian Crossing,Road_Condition_1,0000010,data/processed_images/traffic/Road_Condition_1/0000010.jpg,0000010,
Traffic,https://h7.alamy.com/comp/FJ5NH1/american-bison-buffalo-bison-bison-male-crossing-a-street-usa-wyoming-FJ5NH1.jpg,Violated,Road Condition,Road_Condition_1,0000010,data/processed_images/traffic/Road_Condition_1/0000010.jpg,0000010,
Traffic,https://h7.alamy.com/comp/FJ5NH1/american-bison-buffalo-bison-bison-male-crossing-a-street-usa-wyoming-FJ5NH1.jpg,Complied,Traffic Rules,Road_Condition_1,0000010,data/processed_images/traffic/Road_Condition_1/0000010.jpg,0000010,
Traffic,https://h7.alamy.com/comp/FJ5NH1/american-bison-buffalo-bison-bison-male-crossing-a-street-usa-wyoming-FJ5NH1.jpg,Complied,Vehicle Load,Road_Condition_1,0000010,data/processed_images/traffic/Road_Condition_1/0000010.jpg,0000010,
Traffic,https://media.istockphoto.com/id/929942316/photo/old-highway-with-holes-and-snow-landscape-road-potholes-in-cloudy-winter-weather-concept.jpg?s=612x612&w=0&k=20&c=ZtK8wJgXLQYEWGMJVGeyZBqVPKsdHMQlml1Vx8i17aw=,Not Applicable,Driving Distraction,Road_Condition_1,0000011,data/processed_images/traffic/Road_Condition_1/0000011.jpg,0000011,
Traffic,https://media.istockphoto.com/id/929942316/photo/old-highway-with-holes-and-snow-landscape-road-potholes-in-cloudy-winter-weather-concept.jpg?s=612x612&w=0&k=20&c=ZtK8wJgXLQYEWGMJVGeyZBqVPKsdHMQlml1Vx8i17aw=,Not Applicable,Pedestrian Crossing,Road_Condition_1,0000011,data/processed_images/traffic/Road_Condition_1/0000011.jpg,0000011,
Traffic,https://media.istockphoto.com/id/929942316/photo/old-highway-with-holes-and-snow-landscape-road-potholes-in-cloudy-winter-weather-concept.jpg?s=612x612&w=0&k=20&c=ZtK8wJgXLQYEWGMJVGeyZBqVPKsdHMQlml1Vx8i17aw=,Violated,Road Condition,Road_Condition_1,0000011,data/processed_images/traffic/Road_Condition_1/0000011.jpg,0000011,
Traffic,https://media.istockphoto.com/id/929942316/photo/old-highway-with-holes-and-snow-landscape-road-potholes-in-cloudy-winter-weather-concept.jpg?s=612x612&w=0&k=20&c=ZtK8wJgXLQYEWGMJVGeyZBqVPKsdHMQlml1Vx8i17aw=,Not Applicable,Traffic Rules,Road_Condition_1,0000011,data/processed_images/traffic/Road_Condition_1/0000011.jpg,0000011,
Traffic,https://media.istockphoto.com/id/929942316/photo/old-highway-with-holes-and-snow-landscape-road-potholes-in-cloudy-winter-weather-concept.jpg?s=612x612&w=0&k=20&c=ZtK8wJgXLQYEWGMJVGeyZBqVPKsdHMQlml1Vx8i17aw=,Not Applicable,Vehicle Load,Road_Condition_1,0000011,data/processed_images/traffic/Road_Condition_1/0000011.jpg,0000011,
Traffic,https://media.istockphoto.com/id/969500140/photo/car-accident.jpg?s=612x612&w=0&k=20&c=5cWFdm3PKaNVLwPQfrGcqvDqgl5SLc8AA38BP_XVPAI=,Not Applicable,Driving Distraction,Road_Condition_1,0000012,data/processed_images/traffic/Road_Condition_1/0000012.jpg,0000012,
Traffic,https://media.istockphoto.com/id/969500140/photo/car-accident.jpg?s=612x612&w=0&k=20&c=5cWFdm3PKaNVLwPQfrGcqvDqgl5SLc8AA38BP_XVPAI=,Not Applicable,Pedestrian Crossing,Road_Condition_1,0000012,data/processed_images/traffic/Road_Condition_1/0000012.jpg,0000012,
Traffic,https://media.istockphoto.com/id/969500140/photo/car-accident.jpg?s=612x612&w=0&k=20&c=5cWFdm3PKaNVLwPQfrGcqvDqgl5SLc8AA38BP_XVPAI=,Violated,Road Condition,Road_Condition_1,0000012,data/processed_images/traffic/Road_Condition_1/0000012.jpg,0000012,
Traffic,https://media.istockphoto.com/id/969500140/photo/car-accident.jpg?s=612x612&w=0&k=20&c=5cWFdm3PKaNVLwPQfrGcqvDqgl5SLc8AA38BP_XVPAI=,Violated,Traffic Rules,Road_Condition_1,0000012,data/processed_images/traffic/Road_Condition_1/0000012.jpg,0000012,
Traffic,https://media.istockphoto.com/id/969500140/photo/car-accident.jpg?s=612x612&w=0&k=20&c=5cWFdm3PKaNVLwPQfrGcqvDqgl5SLc8AA38BP_XVPAI=,Not Applicable,Vehicle Load,Road_Condition_1,0000012,data/processed_images/traffic/Road_Condition_1/0000012.jpg,0000012,
Traffic,https://media.istockphoto.com/id/178737837/photo/closeup-of-the-landslide-of-a-blocked-road.jpg?s=612x612&w=0&k=20&c=-M46JyWIGWdZ0g-VdzVFO6gw0Dgw-03NW1oShtVvENE=,Not Applicable,Driving Distraction,Road_Condition_1,0000013,data/processed_images/traffic/Road_Condition_1/0000013.jpg,0000013,
Traffic,https://media.istockphoto.com/id/178737837/photo/closeup-of-the-landslide-of-a-blocked-road.jpg?s=612x612&w=0&k=20&c=-M46JyWIGWdZ0g-VdzVFO6gw0Dgw-03NW1oShtVvENE=,Not Applicable,Pedestrian Crossing,Road_Condition_1,0000013,data/processed_images/traffic/Road_Condition_1/0000013.jpg,0000013,
Traffic,https://media.istockphoto.com/id/178737837/photo/closeup-of-the-landslide-of-a-blocked-road.jpg?s=612x612&w=0&k=20&c=-M46JyWIGWdZ0g-VdzVFO6gw0Dgw-03NW1oShtVvENE=,Violated,Road Condition,Road_Condition_1,0000013,data/processed_images/traffic/Road_Condition_1/0000013.jpg,0000013,
Traffic,https://media.istockphoto.com/id/178737837/photo/closeup-of-the-landslide-of-a-blocked-road.jpg?s=612x612&w=0&k=20&c=-M46JyWIGWdZ0g-VdzVFO6gw0Dgw-03NW1oShtVvENE=,Not Applicable,Traffic Rules,Road_Condition_1,0000013,data/processed_images/traffic/Road_Condition_1/0000013.jpg,0000013,
Traffic,https://media.istockphoto.com/id/178737837/photo/closeup-of-the-landslide-of-a-blocked-road.jpg?s=612x612&w=0&k=20&c=-M46JyWIGWdZ0g-VdzVFO6gw0Dgw-03NW1oShtVvENE=,Not Applicable,Vehicle Load,Road_Condition_1,0000013,data/processed_images/traffic/Road_Condition_1/0000013.jpg,0000013,
Traffic,https://media.istockphoto.com/id/1040400108/photo/tree-across-power-lines-that-were-taken-out-by-hurricane-florence.jpg?s=612x612&w=0&k=20&c=33-kanTCAEC4meB9ZYIQ9K6TlWz83B5Y6kKVjaKcSwk=,Not Applicable,Driving Distraction,Road_Condition_1,0000014,data/processed_images/traffic/Road_Condition_1/0000014.jpg,0000014,
Traffic,https://media.istockphoto.com/id/1040400108/photo/tree-across-power-lines-that-were-taken-out-by-hurricane-florence.jpg?s=612x612&w=0&k=20&c=33-kanTCAEC4meB9ZYIQ9K6TlWz83B5Y6kKVjaKcSwk=,Not Applicable,Pedestrian Crossing,Road_Condition_1,0000014,data/processed_images/traffic/Road_Condition_1/0000014.jpg,0000014,
Traffic,https://media.istockphoto.com/id/1040400108/photo/tree-across-power-lines-that-were-taken-out-by-hurricane-florence.jpg?s=612x612&w=0&k=20&c=33-kanTCAEC4meB9ZYIQ9K6TlWz83B5Y6kKVjaKcSwk=,Violated,Road Condition,Road_Condition_1,0000014,data/processed_images/traffic/Road_Condition_1/0000014.jpg,0000014,
Traffic,https://media.istockphoto.com/id/1040400108/photo/tree-across-power-lines-that-were-taken-out-by-hurricane-florence.jpg?s=612x612&w=0&k=20&c=33-kanTCAEC4meB9ZYIQ9K6TlWz83B5Y6kKVjaKcSwk=,Not Applicable,Traffic Rules,Road_Condition_1,0000014,data/processed_images/traffic/Road_Condition_1/0000014.jpg,0000014,
Traffic,https://media.istockphoto.com/id/1040400108/photo/tree-across-power-lines-that-were-taken-out-by-hurricane-florence.jpg?s=612x612&w=0&k=20&c=33-kanTCAEC4meB9ZYIQ9K6TlWz83B5Y6kKVjaKcSwk=,Not Applicable,Vehicle Load,Road_Condition_1,0000014,data/processed_images/traffic/Road_Condition_1/0000014.jpg,0000014,
Traffic,https://media.istockphoto.com/id/137302464/photo/the-aftermath-of-severe-weather-on-a-road.jpg?s=612x612&w=0&k=20&c=xVr4hrNYfL9VArNOT7tm-Ixxn6M4soWGMZsdOv4IF8A=,Not Applicable,Driving Distraction,Road_Condition_1,0000015,data/processed_images/traffic/Road_Condition_1/0000015.jpg,0000015,
Traffic,https://media.istockphoto.com/id/137302464/photo/the-aftermath-of-severe-weather-on-a-road.jpg?s=612x612&w=0&k=20&c=xVr4hrNYfL9VArNOT7tm-Ixxn6M4soWGMZsdOv4IF8A=,Not Applicable,Pedestrian Crossing,Road_Condition_1,0000015,data/processed_images/traffic/Road_Condition_1/0000015.jpg,0000015,
Traffic,https://media.istockphoto.com/id/137302464/photo/the-aftermath-of-severe-weather-on-a-road.jpg?s=612x612&w=0&k=20&c=xVr4hrNYfL9VArNOT7tm-Ixxn6M4soWGMZsdOv4IF8A=,Violated,Road Condition,Road_Condition_1,0000015,data/processed_images/traffic/Road_Condition_1/0000015.jpg,0000015,
Traffic,https://media.istockphoto.com/id/137302464/photo/the-aftermath-of-severe-weather-on-a-road.jpg?s=612x612&w=0&k=20&c=xVr4hrNYfL9VArNOT7tm-Ixxn6M4soWGMZsdOv4IF8A=,Not Applicable,Traffic Rules,Road_Condition_1,0000015,data/processed_images/traffic/Road_Condition_1/0000015.jpg,0000015,
Traffic,https://media.istockphoto.com/id/137302464/photo/the-aftermath-of-severe-weather-on-a-road.jpg?s=612x612&w=0&k=20&c=xVr4hrNYfL9VArNOT7tm-Ixxn6M4soWGMZsdOv4IF8A=,Not Applicable,Vehicle Load,Road_Condition_1,0000015,data/processed_images/traffic/Road_Condition_1/0000015.jpg,0000015,
Traffic,https://media.istockphoto.com/id/182678225/photo/tree-fallen-from-wind-storm.jpg?s=612x612&w=0&k=20&c=u7DGkbKVue0MnMqNrJM47OQeHmicXM7T_sf1PXNb0gE=,Not Applicable,Driving Distraction,Road_Condition_1,0000016,data/processed_images/traffic/Road_Condition_1/0000016.jpg,0000016,
Traffic,https://media.istockphoto.com/id/182678225/photo/tree-fallen-from-wind-storm.jpg?s=612x612&w=0&k=20&c=u7DGkbKVue0MnMqNrJM47OQeHmicXM7T_sf1PXNb0gE=,Not Applicable,Pedestrian Crossing,Road_Condition_1,0000016,data/processed_images/traffic/Road_Condition_1/0000016.jpg,0000016,
Traffic,https://media.istockphoto.com/id/182678225/photo/tree-fallen-from-wind-storm.jpg?s=612x612&w=0&k=20&c=u7DGkbKVue0MnMqNrJM47OQeHmicXM7T_sf1PXNb0gE=,Violated,Road Condition,Road_Condition_1,0000016,data/processed_images/traffic/Road_Condition_1/0000016.jpg,0000016,
Traffic,https://media.istockphoto.com/id/182678225/photo/tree-fallen-from-wind-storm.jpg?s=612x612&w=0&k=20&c=u7DGkbKVue0MnMqNrJM47OQeHmicXM7T_sf1PXNb0gE=,Not Applicable,Traffic Rules,Road_Condition_1,0000016,data/processed_images/traffic/Road_Condition_1/0000016.jpg,0000016,
Traffic,https://media.istockphoto.com/id/182678225/photo/tree-fallen-from-wind-storm.jpg?s=612x612&w=0&k=20&c=u7DGkbKVue0MnMqNrJM47OQeHmicXM7T_sf1PXNb0gE=,Not Applicable,Vehicle Load,Road_Condition_1,0000016,data/processed_images/traffic/Road_Condition_1/0000016.jpg,0000016,
Traffic,https://media.istockphoto.com/id/1153263086/photo/tree-that-fell-after-a-storm-in-the-urban-area-old-tree-trunk-fallen-in-the-city.jpg?s=612x612&w=0&k=20&c=Zy1KLvINV7yWoT-Wek9fgd5lUwxo6nV3RN6_ZwbxadI=,Not Applicable,Driving Distraction,Road_Condition_1,0000017,data/processed_images/traffic/Road_Condition_1/0000017.jpg,0000017,
Traffic,https://media.istockphoto.com/id/1153263086/photo/tree-that-fell-after-a-storm-in-the-urban-area-old-tree-trunk-fallen-in-the-city.jpg?s=612x612&w=0&k=20&c=Zy1KLvINV7yWoT-Wek9fgd5lUwxo6nV3RN6_ZwbxadI=,Not Applicable,Pedestrian Crossing,Road_Condition_1,0000017,data/processed_images/traffic/Road_Condition_1/0000017.jpg,0000017,
Traffic,https://media.istockphoto.com/id/1153263086/photo/tree-that-fell-after-a-storm-in-the-urban-area-old-tree-trunk-fallen-in-the-city.jpg?s=612x612&w=0&k=20&c=Zy1KLvINV7yWoT-Wek9fgd5lUwxo6nV3RN6_ZwbxadI=,Violated,Road Condition,Road_Condition_1,0000017,data/processed_images/traffic/Road_Condition_1/0000017.jpg,0000017,
Traffic,https://media.istockphoto.com/id/1153263086/photo/tree-that-fell-after-a-storm-in-the-urban-area-old-tree-trunk-fallen-in-the-city.jpg?s=612x612&w=0&k=20&c=Zy1KLvINV7yWoT-Wek9fgd5lUwxo6nV3RN6_ZwbxadI=,Not Applicable,Traffic Rules,Road_Condition_1,0000017,data/processed_images/traffic/Road_Condition_1/0000017.jpg,0000017,
Traffic,https://media.istockphoto.com/id/1153263086/photo/tree-that-fell-after-a-storm-in-the-urban-area-old-tree-trunk-fallen-in-the-city.jpg?s=612x612&w=0&k=20&c=Zy1KLvINV7yWoT-Wek9fgd5lUwxo6nV3RN6_ZwbxadI=,Not Applicable,Vehicle Load,Road_Condition_1,0000017,data/processed_images/traffic/Road_Condition_1/0000017.jpg,0000017,
Traffic,https://media.istockphoto.com/id/488493470/photo/wind-storm-damage.jpg?s=612x612&w=0&k=20&c=G4CClLf4XXmKi5pnLF_-LloAjG56rONVgFFzuLCOF7o=,Not Applicable,Driving Distraction,Road_Condition_1,0000018,data/processed_images/traffic/Road_Condition_1/0000018.jpg,0000018,
Traffic,https://media.istockphoto.com/id/488493470/photo/wind-storm-damage.jpg?s=612x612&w=0&k=20&c=G4CClLf4XXmKi5pnLF_-LloAjG56rONVgFFzuLCOF7o=,Not Applicable,Pedestrian Crossing,Road_Condition_1,0000018,data/processed_images/traffic/Road_Condition_1/0000018.jpg,0000018,
Traffic,https://media.istockphoto.com/id/488493470/photo/wind-storm-damage.jpg?s=612x612&w=0&k=20&c=G4CClLf4XXmKi5pnLF_-LloAjG56rONVgFFzuLCOF7o=,Violated,Road Condition,Road_Condition_1,0000018,data/processed_images/traffic/Road_Condition_1/0000018.jpg,0000018,
Traffic,https://media.istockphoto.com/id/488493470/photo/wind-storm-damage.jpg?s=612x612&w=0&k=20&c=G4CClLf4XXmKi5pnLF_-LloAjG56rONVgFFzuLCOF7o=,Not Applicable,Traffic Rules,Road_Condition_1,0000018,data/processed_images/traffic/Road_Condition_1/0000018.jpg,0000018,
Traffic,https://media.istockphoto.com/id/488493470/photo/wind-storm-damage.jpg?s=612x612&w=0&k=20&c=G4CClLf4XXmKi5pnLF_-LloAjG56rONVgFFzuLCOF7o=,Not Applicable,Vehicle Load,Road_Condition_1,0000018,data/processed_images/traffic/Road_Condition_1/0000018.jpg,0000018,
Traffic,https://media.istockphoto.com/id/2167336094/photo/road-blocked-by-uprooted-tree-aftermath-of-severe-weather-in-poconos-forest-area.jpg?s=612x612&w=0&k=20&c=nmN7n_ORML-fRbKqI5cii30ksjLIHoRSTVKcUyPKwhk=,Not Applicable,Driving Distraction,Road_Condition_1,0000019,data/processed_images/traffic/Road_Condition_1/0000019.jpg,0000019,
Traffic,https://media.istockphoto.com/id/2167336094/photo/road-blocked-by-uprooted-tree-aftermath-of-severe-weather-in-poconos-forest-area.jpg?s=612x612&w=0&k=20&c=nmN7n_ORML-fRbKqI5cii30ksjLIHoRSTVKcUyPKwhk=,Not Applicable,Pedestrian Crossing,Road_Condition_1,0000019,data/processed_images/traffic/Road_Condition_1/0000019.jpg,0000019,
Traffic,https://media.istockphoto.com/id/2167336094/photo/road-blocked-by-uprooted-tree-aftermath-of-severe-weather-in-poconos-forest-area.jpg?s=612x612&w=0&k=20&c=nmN7n_ORML-fRbKqI5cii30ksjLIHoRSTVKcUyPKwhk=,Violated,Road Condition,Road_Condition_1,0000019,data/processed_images/traffic/Road_Condition_1/0000019.jpg,0000019,
Traffic,https://media.istockphoto.com/id/2167336094/photo/road-blocked-by-uprooted-tree-aftermath-of-severe-weather-in-poconos-forest-area.jpg?s=612x612&w=0&k=20&c=nmN7n_ORML-fRbKqI5cii30ksjLIHoRSTVKcUyPKwhk=,Not Applicable,Traffic Rules,Road_Condition_1,0000019,data/processed_images/traffic/Road_Condition_1/0000019.jpg,0000019,
Traffic,https://media.istockphoto.com/id/2167336094/photo/road-blocked-by-uprooted-tree-aftermath-of-severe-weather-in-poconos-forest-area.jpg?s=612x612&w=0&k=20&c=nmN7n_ORML-fRbKqI5cii30ksjLIHoRSTVKcUyPKwhk=,Not Applicable,Vehicle Load,Road_Condition_1,0000019,data/processed_images/traffic/Road_Condition_1/0000019.jpg,0000019,
Traffic,https://media.istockphoto.com/id/1151871082/photo/tree-that-fell-after-a-storm-in-the-urban-area-old-tree-trunk-fallen-in-the-city.jpg?s=612x612&w=0&k=20&c=cR0pP-kTpPPJKCuR4qPD4PDNGyRqGVyP7uFd2jv0a60=,Not Applicable,Driving Distraction,Road_Condition_1,0000020,data/processed_images/traffic/Road_Condition_1/0000020.jpg,0000020,
Traffic,https://media.istockphoto.com/id/1151871082/photo/tree-that-fell-after-a-storm-in-the-urban-area-old-tree-trunk-fallen-in-the-city.jpg?s=612x612&w=0&k=20&c=cR0pP-kTpPPJKCuR4qPD4PDNGyRqGVyP7uFd2jv0a60=,Not Applicable,Pedestrian Crossing,Road_Condition_1,0000020,data/processed_images/traffic/Road_Condition_1/0000020.jpg,0000020,
Traffic,https://media.istockphoto.com/id/1151871082/photo/tree-that-fell-after-a-storm-in-the-urban-area-old-tree-trunk-fallen-in-the-city.jpg?s=612x612&w=0&k=20&c=cR0pP-kTpPPJKCuR4qPD4PDNGyRqGVyP7uFd2jv0a60=,Violated,Road Condition,Road_Condition_1,0000020,data/processed_images/traffic/Road_Condition_1/0000020.jpg,0000020,
Traffic,https://media.istockphoto.com/id/1151871082/photo/tree-that-fell-after-a-storm-in-the-urban-area-old-tree-trunk-fallen-in-the-city.jpg?s=612x612&w=0&k=20&c=cR0pP-kTpPPJKCuR4qPD4PDNGyRqGVyP7uFd2jv0a60=,Not Applicable,Traffic Rules,Road_Condition_1,0000020,data/processed_images/traffic/Road_Condition_1/0000020.jpg,0000020,
Traffic,https://media.istockphoto.com/id/1151871082/photo/tree-that-fell-after-a-storm-in-the-urban-area-old-tree-trunk-fallen-in-the-city.jpg?s=612x612&w=0&k=20&c=cR0pP-kTpPPJKCuR4qPD4PDNGyRqGVyP7uFd2jv0a60=,Not Applicable,Vehicle Load,Road_Condition_1,0000020,data/processed_images/traffic/Road_Condition_1/0000020.jpg,0000020,
Traffic,https://media.istockphoto.com/id/930733334/photo/old-road-potholes-holes-outside-city-autumn-weather-hdr.jpg?s=612x612&w=0&k=20&c=hjFYMud5QkAIMdIolTIUk42TKDp0_W3pW8F1rzFMAIo=,Not Applicable,Driving Distraction,Road_Condition_1,0000021,data/processed_images/traffic/Road_Condition_1/0000021.jpg,0000021,
Traffic,https://media.istockphoto.com/id/930733334/photo/old-road-potholes-holes-outside-city-autumn-weather-hdr.jpg?s=612x612&w=0&k=20&c=hjFYMud5QkAIMdIolTIUk42TKDp0_W3pW8F1rzFMAIo=,Not Applicable,Pedestrian Crossing,Road_Condition_1,0000021,data/processed_images/traffic/Road_Condition_1/0000021.jpg,0000021,
Traffic,https://media.istockphoto.com/id/930733334/photo/old-road-potholes-holes-outside-city-autumn-weather-hdr.jpg?s=612x612&w=0&k=20&c=hjFYMud5QkAIMdIolTIUk42TKDp0_W3pW8F1rzFMAIo=,Violated,Road Condition,Road_Condition_1,0000021,data/processed_images/traffic/Road_Condition_1/0000021.jpg,0000021,
Traffic,https://media.istockphoto.com/id/930733334/photo/old-road-potholes-holes-outside-city-autumn-weather-hdr.jpg?s=612x612&w=0&k=20&c=hjFYMud5QkAIMdIolTIUk42TKDp0_W3pW8F1rzFMAIo=,Not Applicable,Traffic Rules,Road_Condition_1,0000021,data/processed_images/traffic/Road_Condition_1/0000021.jpg,0000021,
Traffic,https://media.istockphoto.com/id/930733334/photo/old-road-potholes-holes-outside-city-autumn-weather-hdr.jpg?s=612x612&w=0&k=20&c=hjFYMud5QkAIMdIolTIUk42TKDp0_W3pW8F1rzFMAIo=,Not Applicable,Vehicle Load,Road_Condition_1,0000021,data/processed_images/traffic/Road_Condition_1/0000021.jpg,0000021,
Traffic,https://media.istockphoto.com/id/934265026/photo/road-is-paved-with-cracks-in-pits-and-puddles-from-snow-landscape-of-winter-road-in-cloudy.jpg?s=612x612&w=0&k=20&c=QPu9-Q9e4lHW3BXYkONZ_lsT2oa-V1ALxlwJSn877Zg=,Not Applicable,Driving Distraction,Road_Condition_1,0000022,data/processed_images/traffic/Road_Condition_1/0000022.jpg,0000022,
Traffic,https://media.istockphoto.com/id/934265026/photo/road-is-paved-with-cracks-in-pits-and-puddles-from-snow-landscape-of-winter-road-in-cloudy.jpg?s=612x612&w=0&k=20&c=QPu9-Q9e4lHW3BXYkONZ_lsT2oa-V1ALxlwJSn877Zg=,Not Applicable,Pedestrian Crossing,Road_Condition_1,0000022,data/processed_images/traffic/Road_Condition_1/0000022.jpg,0000022,
Traffic,https://media.istockphoto.com/id/934265026/photo/road-is-paved-with-cracks-in-pits-and-puddles-from-snow-landscape-of-winter-road-in-cloudy.jpg?s=612x612&w=0&k=20&c=QPu9-Q9e4lHW3BXYkONZ_lsT2oa-V1ALxlwJSn877Zg=,Violated,Road Condition,Road_Condition_1,0000022,data/processed_images/traffic/Road_Condition_1/0000022.jpg,0000022,
Traffic,https://media.istockphoto.com/id/934265026/photo/road-is-paved-with-cracks-in-pits-and-puddles-from-snow-landscape-of-winter-road-in-cloudy.jpg?s=612x612&w=0&k=20&c=QPu9-Q9e4lHW3BXYkONZ_lsT2oa-V1ALxlwJSn877Zg=,Not Applicable,Traffic Rules,Road_Condition_1,0000022,data/processed_images/traffic/Road_Condition_1/0000022.jpg,0000022,
Traffic,https://media.istockphoto.com/id/934265026/photo/road-is-paved-with-cracks-in-pits-and-puddles-from-snow-landscape-of-winter-road-in-cloudy.jpg?s=612x612&w=0&k=20&c=QPu9-Q9e4lHW3BXYkONZ_lsT2oa-V1ALxlwJSn877Zg=,Not Applicable,Vehicle Load,Road_Condition_1,0000022,data/processed_images/traffic/Road_Condition_1/0000022.jpg,0000022,
Traffic,https://media.istockphoto.com/id/898963320/photo/waterfilled-pothole-on-asphalted-road.jpg?s=612x612&w=0&k=20&c=Kk9Nee9qN8Gu6dcjaI8tlGl8580GncHSq1D8cHxtSRc=,Not Applicable,Driving Distraction,Road_Condition_1,0000023,data/processed_images/traffic/Road_Condition_1/0000023.jpg,0000023,
Traffic,https://media.istockphoto.com/id/898963320/photo/waterfilled-pothole-on-asphalted-road.jpg?s=612x612&w=0&k=20&c=Kk9Nee9qN8Gu6dcjaI8tlGl8580GncHSq1D8cHxtSRc=,Not Applicable,Pedestrian Crossing,Road_Condition_1,0000023,data/processed_images/traffic/Road_Condition_1/0000023.jpg,0000023,
Traffic,https://media.istockphoto.com/id/898963320/photo/waterfilled-pothole-on-asphalted-road.jpg?s=612x612&w=0&k=20&c=Kk9Nee9qN8Gu6dcjaI8tlGl8580GncHSq1D8cHxtSRc=,Violated,Road Condition,Road_Condition_1,0000023,data/processed_images/traffic/Road_Condition_1/0000023.jpg,0000023,
Traffic,https://media.istockphoto.com/id/898963320/photo/waterfilled-pothole-on-asphalted-road.jpg?s=612x612&w=0&k=20&c=Kk9Nee9qN8Gu6dcjaI8tlGl8580GncHSq1D8cHxtSRc=,Not Applicable,Traffic Rules,Road_Condition_1,0000023,data/processed_images/traffic/Road_Condition_1/0000023.jpg,0000023,
Traffic,https://media.istockphoto.com/id/898963320/photo/waterfilled-pothole-on-asphalted-road.jpg?s=612x612&w=0&k=20&c=Kk9Nee9qN8Gu6dcjaI8tlGl8580GncHSq1D8cHxtSRc=,Not Applicable,Vehicle Load,Road_Condition_1,0000023,data/processed_images/traffic/Road_Condition_1/0000023.jpg,0000023,
Traffic,https://media.istockphoto.com/id/2164167925/photo/puddles-and-damaged-asphalt-road-edge-sunny-day.jpg?s=612x612&w=0&k=20&c=Afe1mWHu2PtIe8m_44vlt0f6Wg6u2zqK_8ogGeveex8=,Not Applicable,Driving Distraction,Road_Condition_1,0000024,data/processed_images/traffic/Road_Condition_1/0000024.jpg,0000024,
Traffic,https://media.istockphoto.com/id/2164167925/photo/puddles-and-damaged-asphalt-road-edge-sunny-day.jpg?s=612x612&w=0&k=20&c=Afe1mWHu2PtIe8m_44vlt0f6Wg6u2zqK_8ogGeveex8=,Not Applicable,Pedestrian Crossing,Road_Condition_1,0000024,data/processed_images/traffic/Road_Condition_1/0000024.jpg,0000024,
Traffic,https://media.istockphoto.com/id/2164167925/photo/puddles-and-damaged-asphalt-road-edge-sunny-day.jpg?s=612x612&w=0&k=20&c=Afe1mWHu2PtIe8m_44vlt0f6Wg6u2zqK_8ogGeveex8=,Violated,Road Condition,Road_Condition_1,0000024,data/processed_images/traffic/Road_Condition_1/0000024.jpg,0000024,
Traffic,https://media.istockphoto.com/id/2164167925/photo/puddles-and-damaged-asphalt-road-edge-sunny-day.jpg?s=612x612&w=0&k=20&c=Afe1mWHu2PtIe8m_44vlt0f6Wg6u2zqK_8ogGeveex8=,Not Applicable,Traffic Rules,Road_Condition_1,0000024,data/processed_images/traffic/Road_Condition_1/0000024.jpg,0000024,
Traffic,https://media.istockphoto.com/id/2164167925/photo/puddles-and-damaged-asphalt-road-edge-sunny-day.jpg?s=612x612&w=0&k=20&c=Afe1mWHu2PtIe8m_44vlt0f6Wg6u2zqK_8ogGeveex8=,Not Applicable,Vehicle Load,Road_Condition_1,0000024,data/processed_images/traffic/Road_Condition_1/0000024.jpg,0000024,
Traffic,https://media.istockphoto.com/id/941160696/photo/potholes-on-a-paved-road.jpg?s=612x612&w=0&k=20&c=r3cMwK6Yfj1pCE_itggsAq7V8jsFYjFmS3912Cyry_Y=,Not Applicable,Driving Distraction,Road_Condition_1,0000025,data/processed_images/traffic/Road_Condition_1/0000025.jpg,0000025,
Traffic,https://media.istockphoto.com/id/941160696/photo/potholes-on-a-paved-road.jpg?s=612x612&w=0&k=20&c=r3cMwK6Yfj1pCE_itggsAq7V8jsFYjFmS3912Cyry_Y=,Not Applicable,Pedestrian Crossing,Road_Condition_1,0000025,data/processed_images/traffic/Road_Condition_1/0000025.jpg,0000025,
Traffic,https://media.istockphoto.com/id/941160696/photo/potholes-on-a-paved-road.jpg?s=612x612&w=0&k=20&c=r3cMwK6Yfj1pCE_itggsAq7V8jsFYjFmS3912Cyry_Y=,Violated,Road Condition,Road_Condition_1,0000025,data/processed_images/traffic/Road_Condition_1/0000025.jpg,0000025,
Traffic,https://media.istockphoto.com/id/941160696/photo/potholes-on-a-paved-road.jpg?s=612x612&w=0&k=20&c=r3cMwK6Yfj1pCE_itggsAq7V8jsFYjFmS3912Cyry_Y=,Not Applicable,Traffic Rules,Road_Condition_1,0000025,data/processed_images/traffic/Road_Condition_1/0000025.jpg,0000025,
Traffic,https://media.istockphoto.com/id/941160696/photo/potholes-on-a-paved-road.jpg?s=612x612&w=0&k=20&c=r3cMwK6Yfj1pCE_itggsAq7V8jsFYjFmS3912Cyry_Y=,Not Applicable,Vehicle Load,Road_Condition_1,0000025,data/processed_images/traffic/Road_Condition_1/0000025.jpg,0000025,
Traffic,https://media.istockphoto.com/id/618419138/photo/large-pit-on-the-old-road-in-the-winter.jpg?s=612x612&w=0&k=20&c=-WE7kM5CHaMRQVFJYUYyq3Y3Nct20sGN43wWY3lBMmA=,Not Applicable,Driving Distraction,Road_Condition_1,0000026,data/processed_images/traffic/Road_Condition_1/0000026.jpg,0000026,
Traffic,https://media.istockphoto.com/id/618419138/photo/large-pit-on-the-old-road-in-the-winter.jpg?s=612x612&w=0&k=20&c=-WE7kM5CHaMRQVFJYUYyq3Y3Nct20sGN43wWY3lBMmA=,Not Applicable,Pedestrian Crossing,Road_Condition_1,0000026,data/processed_images/traffic/Road_Condition_1/0000026.jpg,0000026,
Traffic,https://media.istockphoto.com/id/618419138/photo/large-pit-on-the-old-road-in-the-winter.jpg?s=612x612&w=0&k=20&c=-WE7kM5CHaMRQVFJYUYyq3Y3Nct20sGN43wWY3lBMmA=,Violated,Road Condition,Road_Condition_1,0000026,data/processed_images/traffic/Road_Condition_1/0000026.jpg,0000026,
Traffic,https://media.istockphoto.com/id/618419138/photo/large-pit-on-the-old-road-in-the-winter.jpg?s=612x612&w=0&k=20&c=-WE7kM5CHaMRQVFJYUYyq3Y3Nct20sGN43wWY3lBMmA=,Not Applicable,Traffic Rules,Road_Condition_1,0000026,data/processed_images/traffic/Road_Condition_1/0000026.jpg,0000026,
Traffic,https://media.istockphoto.com/id/618419138/photo/large-pit-on-the-old-road-in-the-winter.jpg?s=612x612&w=0&k=20&c=-WE7kM5CHaMRQVFJYUYyq3Y3Nct20sGN43wWY3lBMmA=,Not Applicable,Vehicle Load,Road_Condition_1,0000026,data/processed_images/traffic/Road_Condition_1/0000026.jpg,0000026,
Traffic,https://media.istockphoto.com/id/1848810166/photo/water-in-pothole.jpg?s=612x612&w=0&k=20&c=jRRnzBxgBAM-mIM5-2hDbCv9Ka_vkWgS4t0oZrD-2lM=,Not Applicable,Driving Distraction,Road_Condition_1,0000027,data/processed_images/traffic/Road_Condition_1/0000027.jpg,0000027,
Traffic,https://media.istockphoto.com/id/1848810166/photo/water-in-pothole.jpg?s=612x612&w=0&k=20&c=jRRnzBxgBAM-mIM5-2hDbCv9Ka_vkWgS4t0oZrD-2lM=,Not Applicable,Pedestrian Crossing,Road_Condition_1,0000027,data/processed_images/traffic/Road_Condition_1/0000027.jpg,0000027,
Traffic,https://media.istockphoto.com/id/1848810166/photo/water-in-pothole.jpg?s=612x612&w=0&k=20&c=jRRnzBxgBAM-mIM5-2hDbCv9Ka_vkWgS4t0oZrD-2lM=,Violated,Road Condition,Road_Condition_1,0000027,data/processed_images/traffic/Road_Condition_1/0000027.jpg,0000027,
Traffic,https://media.istockphoto.com/id/1848810166/photo/water-in-pothole.jpg?s=612x612&w=0&k=20&c=jRRnzBxgBAM-mIM5-2hDbCv9Ka_vkWgS4t0oZrD-2lM=,Not Applicable,Traffic Rules,Road_Condition_1,0000027,data/processed_images/traffic/Road_Condition_1/0000027.jpg,0000027,
Traffic,https://media.istockphoto.com/id/1848810166/photo/water-in-pothole.jpg?s=612x612&w=0&k=20&c=jRRnzBxgBAM-mIM5-2hDbCv9Ka_vkWgS4t0oZrD-2lM=,Not Applicable,Vehicle Load,Road_Condition_1,0000027,data/processed_images/traffic/Road_Condition_1/0000027.jpg,0000027,
Traffic,https://media.istockphoto.com/id/1688511727/photo/pothole-on-asphalt-road-filled-with-water.jpg?s=612x612&w=0&k=20&c=HA4osRHz_nzftv_rA2amuJG90o5G1fQ66W4BxbS1IVE=,Not Applicable,Driving Distraction,Road_Condition_1,0000028,data/processed_images/traffic/Road_Condition_1/0000028.jpg,0000028,
Traffic,https://media.istockphoto.com/id/1688511727/photo/pothole-on-asphalt-road-filled-with-water.jpg?s=612x612&w=0&k=20&c=HA4osRHz_nzftv_rA2amuJG90o5G1fQ66W4BxbS1IVE=,Not Applicable,Pedestrian Crossing,Road_Condition_1,0000028,data/processed_images/traffic/Road_Condition_1/0000028.jpg,0000028,
Traffic,https://media.istockphoto.com/id/1688511727/photo/pothole-on-asphalt-road-filled-with-water.jpg?s=612x612&w=0&k=20&c=HA4osRHz_nzftv_rA2amuJG90o5G1fQ66W4BxbS1IVE=,Violated,Road Condition,Road_Condition_1,0000028,data/processed_images/traffic/Road_Condition_1/0000028.jpg,0000028,
Traffic,https://media.istockphoto.com/id/1688511727/photo/pothole-on-asphalt-road-filled-with-water.jpg?s=612x612&w=0&k=20&c=HA4osRHz_nzftv_rA2amuJG90o5G1fQ66W4BxbS1IVE=,Not Applicable,Traffic Rules,Road_Condition_1,0000028,data/processed_images/traffic/Road_Condition_1/0000028.jpg,0000028,
Traffic,https://media.istockphoto.com/id/1688511727/photo/pothole-on-asphalt-road-filled-with-water.jpg?s=612x612&w=0&k=20&c=HA4osRHz_nzftv_rA2amuJG90o5G1fQ66W4BxbS1IVE=,Not Applicable,Vehicle Load,Road_Condition_1,0000028,data/processed_images/traffic/Road_Condition_1/0000028.jpg,0000028,
Traffic,https://media.istockphoto.com/id/1776289528/photo/potholes-on-bad-asphalt-road-closeup.jpg?s=612x612&w=0&k=20&c=1ChB5XXjK52dTOOPWXKawhvo_AsjZCfpTSdQ0DOWrOI=,Not Applicable,Driving Distraction,Road_Condition_1,0000029,data/processed_images/traffic/Road_Condition_1/0000029.jpg,0000029,
Traffic,https://media.istockphoto.com/id/1776289528/photo/potholes-on-bad-asphalt-road-closeup.jpg?s=612x612&w=0&k=20&c=1ChB5XXjK52dTOOPWXKawhvo_AsjZCfpTSdQ0DOWrOI=,Not Applicable,Pedestrian Crossing,Road_Condition_1,0000029,data/processed_images/traffic/Road_Condition_1/0000029.jpg,0000029,
Traffic,https://media.istockphoto.com/id/1776289528/photo/potholes-on-bad-asphalt-road-closeup.jpg?s=612x612&w=0&k=20&c=1ChB5XXjK52dTOOPWXKawhvo_AsjZCfpTSdQ0DOWrOI=,Violated,Road Condition,Road_Condition_1,0000029,data/processed_images/traffic/Road_Condition_1/0000029.jpg,0000029,
Traffic,https://media.istockphoto.com/id/1776289528/photo/potholes-on-bad-asphalt-road-closeup.jpg?s=612x612&w=0&k=20&c=1ChB5XXjK52dTOOPWXKawhvo_AsjZCfpTSdQ0DOWrOI=,Not Applicable,Traffic Rules,Road_Condition_1,0000029,data/processed_images/traffic/Road_Condition_1/0000029.jpg,0000029,
Traffic,https://media.istockphoto.com/id/1776289528/photo/potholes-on-bad-asphalt-road-closeup.jpg?s=612x612&w=0&k=20&c=1ChB5XXjK52dTOOPWXKawhvo_AsjZCfpTSdQ0DOWrOI=,Not Applicable,Vehicle Load,Road_Condition_1,0000029,data/processed_images/traffic/Road_Condition_1/0000029.jpg,0000029,
Traffic,https://media.istockphoto.com/id/1404731007/photo/one-pit-pothole-with-dirty-water-on-the-gray-asphalt-road.jpg?s=612x612&w=0&k=20&c=IyhzvmwROve_EjVYwqQtNFUrGeM-PDZsvCPXl6HL5M4=,Not Applicable,Driving Distraction,Road_Condition_1,0000030,data/processed_images/traffic/Road_Condition_1/0000030.jpg,0000030,
Traffic,https://media.istockphoto.com/id/1404731007/photo/one-pit-pothole-with-dirty-water-on-the-gray-asphalt-road.jpg?s=612x612&w=0&k=20&c=IyhzvmwROve_EjVYwqQtNFUrGeM-PDZsvCPXl6HL5M4=,Not Applicable,Pedestrian Crossing,Road_Condition_1,0000030,data/processed_images/traffic/Road_Condition_1/0000030.jpg,0000030,
Traffic,https://media.istockphoto.com/id/1404731007/photo/one-pit-pothole-with-dirty-water-on-the-gray-asphalt-road.jpg?s=612x612&w=0&k=20&c=IyhzvmwROve_EjVYwqQtNFUrGeM-PDZsvCPXl6HL5M4=,Violated,Road Condition,Road_Condition_1,0000030,data/processed_images/traffic/Road_Condition_1/0000030.jpg,0000030,
Traffic,https://media.istockphoto.com/id/1404731007/photo/one-pit-pothole-with-dirty-water-on-the-gray-asphalt-road.jpg?s=612x612&w=0&k=20&c=IyhzvmwROve_EjVYwqQtNFUrGeM-PDZsvCPXl6HL5M4=,Not Applicable,Traffic Rules,Road_Condition_1,0000030,data/processed_images/traffic/Road_Condition_1/0000030.jpg,0000030,
Traffic,https://media.istockphoto.com/id/1404731007/photo/one-pit-pothole-with-dirty-water-on-the-gray-asphalt-road.jpg?s=612x612&w=0&k=20&c=IyhzvmwROve_EjVYwqQtNFUrGeM-PDZsvCPXl6HL5M4=,Not Applicable,Vehicle Load,Road_Condition_1,0000030,data/processed_images/traffic/Road_Condition_1/0000030.jpg,0000030,
Traffic,https://media.istockphoto.com/id/157418325/photo/broken-road.jpg?s=612x612&w=0&k=20&c=Jx-L77IURiKBm2r80zULrlf4BEkPPNFaXx2pL2QGpvk=,Not Applicable,Driving Distraction,Road_Condition_1,0000031,data/processed_images/traffic/Road_Condition_1/0000031.jpg,0000031,
Traffic,https://media.istockphoto.com/id/157418325/photo/broken-road.jpg?s=612x612&w=0&k=20&c=Jx-L77IURiKBm2r80zULrlf4BEkPPNFaXx2pL2QGpvk=,Not Applicable,Pedestrian Crossing,Road_Condition_1,0000031,data/processed_images/traffic/Road_Condition_1/0000031.jpg,0000031,
Traffic,https://media.istockphoto.com/id/157418325/photo/broken-road.jpg?s=612x612&w=0&k=20&c=Jx-L77IURiKBm2r80zULrlf4BEkPPNFaXx2pL2QGpvk=,Violated,Road Condition,Road_Condition_1,0000031,data/processed_images/traffic/Road_Condition_1/0000031.jpg,0000031,
Traffic,https://media.istockphoto.com/id/157418325/photo/broken-road.jpg?s=612x612&w=0&k=20&c=Jx-L77IURiKBm2r80zULrlf4BEkPPNFaXx2pL2QGpvk=,Not Applicable,Traffic Rules,Road_Condition_1,0000031,data/processed_images/traffic/Road_Condition_1/0000031.jpg,0000031,
Traffic,https://media.istockphoto.com/id/157418325/photo/broken-road.jpg?s=612x612&w=0&k=20&c=Jx-L77IURiKBm2r80zULrlf4BEkPPNFaXx2pL2QGpvk=,Not Applicable,Vehicle Load,Road_Condition_1,0000031,data/processed_images/traffic/Road_Condition_1/0000031.jpg,0000031,
Traffic,https://st.depositphotos.com/3041475/4225/i/380/depositphotos_42253593-stock-photo-earthquake.jpg,Not Applicable,Driving Distraction,Road_Condition_1,0000032,data/processed_images/traffic/Road_Condition_1/0000032.jpg,0000032,
Traffic,https://st.depositphotos.com/3041475/4225/i/380/depositphotos_42253593-stock-photo-earthquake.jpg,Not Applicable,Pedestrian Crossing,Road_Condition_1,0000032,data/processed_images/traffic/Road_Condition_1/0000032.jpg,0000032,
Traffic,https://st.depositphotos.com/3041475/4225/i/380/depositphotos_42253593-stock-photo-earthquake.jpg,Violated,Road Condition,Road_Condition_1,0000032,data/processed_images/traffic/Road_Condition_1/0000032.jpg,0000032,
Traffic,https://st.depositphotos.com/3041475/4225/i/380/depositphotos_42253593-stock-photo-earthquake.jpg,Not Applicable,Traffic Rules,Road_Condition_1,0000032,data/processed_images/traffic/Road_Condition_1/0000032.jpg,0000032,
Traffic,https://st.depositphotos.com/3041475/4225/i/380/depositphotos_42253593-stock-photo-earthquake.jpg,Not Applicable,Vehicle Load,Road_Condition_1,0000032,data/processed_images/traffic/Road_Condition_1/0000032.jpg,0000032,
Traffic,https://st4.depositphotos.com/2267983/31334/i/380/depositphotos_313344178-stock-photo-damaged-cars-on-the-road.jpg,Not Applicable,Driving Distraction,Road_Condition_1,0000033,data/processed_images/traffic/Road_Condition_1/0000033.jpg,0000033,
Traffic,https://st4.depositphotos.com/2267983/31334/i/380/depositphotos_313344178-stock-photo-damaged-cars-on-the-road.jpg,Not Applicable,Pedestrian Crossing,Road_Condition_1,0000033,data/processed_images/traffic/Road_Condition_1/0000033.jpg,0000033,
Traffic,https://st4.depositphotos.com/2267983/31334/i/380/depositphotos_313344178-stock-photo-damaged-cars-on-the-road.jpg,Violated,Road Condition,Road_Condition_1,0000033,data/processed_images/traffic/Road_Condition_1/0000033.jpg,0000033,
Traffic,https://st4.depositphotos.com/2267983/31334/i/380/depositphotos_313344178-stock-photo-damaged-cars-on-the-road.jpg,Violated,Traffic Rules,Road_Condition_1,0000033,data/processed_images/traffic/Road_Condition_1/0000033.jpg,0000033,
Traffic,https://st4.depositphotos.com/2267983/31334/i/380/depositphotos_313344178-stock-photo-damaged-cars-on-the-road.jpg,Complied,Vehicle Load,Road_Condition_1,0000033,data/processed_images/traffic/Road_Condition_1/0000033.jpg,0000033,
Traffic,https://st.depositphotos.com/1449225/2506/i/380/depositphotos_25067809-stock-photo-cars-crashed.jpg,Not Applicable,Driving Distraction,Road_Condition_1,0000034,data/processed_images/traffic/Road_Condition_1/0000034.jpg,0000034,
Traffic,https://st.depositphotos.com/1449225/2506/i/380/depositphotos_25067809-stock-photo-cars-crashed.jpg,Not Applicable,Pedestrian Crossing,Road_Condition_1,0000034,data/processed_images/traffic/Road_Condition_1/0000034.jpg,0000034,
Traffic,https://st.depositphotos.com/1449225/2506/i/380/depositphotos_25067809-stock-photo-cars-crashed.jpg,Violated,Road Condition,Road_Condition_1,0000034,data/processed_images/traffic/Road_Condition_1/0000034.jpg,0000034,
Traffic,https://st.depositphotos.com/1449225/2506/i/380/depositphotos_25067809-stock-photo-cars-crashed.jpg,Violated,Traffic Rules,Road_Condition_1,0000034,data/processed_images/traffic/Road_Condition_1/0000034.jpg,0000034,
Traffic,https://st.depositphotos.com/1449225/2506/i/380/depositphotos_25067809-stock-photo-cars-crashed.jpg,Not Applicable,Vehicle Load,Road_Condition_1,0000034,data/processed_images/traffic/Road_Condition_1/0000034.jpg,0000034,
Traffic,https://static3.depositphotos.com/1004489/180/i/380/depositphotos_1803795-stock-photo-car-accident-on-a-highway.jpg,Not Applicable,Driving Distraction,Road_Condition_1,0000035,data/processed_images/traffic/Road_Condition_1/0000035.jpg,0000035,
Traffic,https://static3.depositphotos.com/1004489/180/i/380/depositphotos_1803795-stock-photo-car-accident-on-a-highway.jpg,Not Applicable,Pedestrian Crossing,Road_Condition_1,0000035,data/processed_images/traffic/Road_Condition_1/0000035.jpg,0000035,
Traffic,https://static3.depositphotos.com/1004489/180/i/380/depositphotos_1803795-stock-photo-car-accident-on-a-highway.jpg,Violated,Road Condition,Road_Condition_1,0000035,data/processed_images/traffic/Road_Condition_1/0000035.jpg,0000035,
Traffic,https://static3.depositphotos.com/1004489/180/i/380/depositphotos_1803795-stock-photo-car-accident-on-a-highway.jpg,Violated,Traffic Rules,Road_Condition_1,0000035,data/processed_images/traffic/Road_Condition_1/0000035.jpg,0000035,
Traffic,https://static3.depositphotos.com/1004489/180/i/380/depositphotos_1803795-stock-photo-car-accident-on-a-highway.jpg,Complied,Vehicle Load,Road_Condition_1,0000035,data/processed_images/traffic/Road_Condition_1/0000035.jpg,0000035,
Traffic,https://media.istockphoto.com/id/171276431/photo/storm-damaged-traffic-light.jpg?s=612x612&w=0&k=20&c=X1vrx9gCvbZnLQ4UPcBSW7V0TU8s0pIfMzH9kbM7H6I=,Not Applicable,Driving Distraction,Road_Condition_1,0000036,data/processed_images/traffic/Road_Condition_1/0000036.jpg,0000036,
Traffic,https://media.istockphoto.com/id/171276431/photo/storm-damaged-traffic-light.jpg?s=612x612&w=0&k=20&c=X1vrx9gCvbZnLQ4UPcBSW7V0TU8s0pIfMzH9kbM7H6I=,Not Applicable,Pedestrian Crossing,Road_Condition_1,0000036,data/processed_images/traffic/Road_Condition_1/0000036.jpg,0000036,
Traffic,https://media.istockphoto.com/id/171276431/photo/storm-damaged-traffic-light.jpg?s=612x612&w=0&k=20&c=X1vrx9gCvbZnLQ4UPcBSW7V0TU8s0pIfMzH9kbM7H6I=,Violated,Road Condition,Road_Condition_1,0000036,data/processed_images/traffic/Road_Condition_1/0000036.jpg,0000036,
Traffic,https://media.istockphoto.com/id/171276431/photo/storm-damaged-traffic-light.jpg?s=612x612&w=0&k=20&c=X1vrx9gCvbZnLQ4UPcBSW7V0TU8s0pIfMzH9kbM7H6I=,Not Applicable,Traffic Rules,Road_Condition_1,0000036,data/processed_images/traffic/Road_Condition_1/0000036.jpg,0000036,
Traffic,https://media.istockphoto.com/id/171276431/photo/storm-damaged-traffic-light.jpg?s=612x612&w=0&k=20&c=X1vrx9gCvbZnLQ4UPcBSW7V0TU8s0pIfMzH9kbM7H6I=,Not Applicable,Vehicle Load,Road_Condition_1,0000036,data/processed_images/traffic/Road_Condition_1/0000036.jpg,0000036,
Traffic,https://media.istockphoto.com/id/157527693/photo/traffic-accident.jpg?s=612x612&w=0&k=20&c=VkJmDeJjvcUzWkR75Axc786TzY1hNkmPaQqKP6PVW84=,Not Applicable,Driving Distraction,Road_Condition_1,0000037,data/processed_images/traffic/Road_Condition_1/0000037.jpg,0000037,
Traffic,https://media.istockphoto.com/id/157527693/photo/traffic-accident.jpg?s=612x612&w=0&k=20&c=VkJmDeJjvcUzWkR75Axc786TzY1hNkmPaQqKP6PVW84=,Not Applicable,Pedestrian Crossing,Road_Condition_1,0000037,data/processed_images/traffic/Road_Condition_1/0000037.jpg,0000037,
Traffic,https://media.istockphoto.com/id/157527693/photo/traffic-accident.jpg?s=612x612&w=0&k=20&c=VkJmDeJjvcUzWkR75Axc786TzY1hNkmPaQqKP6PVW84=,Violated,Road Condition,Road_Condition_1,0000037,data/processed_images/traffic/Road_Condition_1/0000037.jpg,0000037,
Traffic,https://media.istockphoto.com/id/157527693/photo/traffic-accident.jpg?s=612x612&w=0&k=20&c=VkJmDeJjvcUzWkR75Axc786TzY1hNkmPaQqKP6PVW84=,Violated,Traffic Rules,Road_Condition_1,0000037,data/processed_images/traffic/Road_Condition_1/0000037.jpg,0000037,
Traffic,https://media.istockphoto.com/id/157527693/photo/traffic-accident.jpg?s=612x612&w=0&k=20&c=VkJmDeJjvcUzWkR75Axc786TzY1hNkmPaQqKP6PVW84=,Not Applicable,Vehicle Load,Road_Condition_1,0000037,data/processed_images/traffic/Road_Condition_1/0000037.jpg,0000037,
Traffic,https://media.istockphoto.com/id/173845298/photo/crash.jpg?s=612x612&w=0&k=20&c=uLdLReLUkAFEOkCy7p8n5nq0OOjAwqdP8g3vpltp8EQ=,Not Applicable,Driving Distraction,Road_Condition_1,0000038,data/processed_images/traffic/Road_Condition_1/0000038.jpg,0000038,
Traffic,https://media.istockphoto.com/id/173845298/photo/crash.jpg?s=612x612&w=0&k=20&c=uLdLReLUkAFEOkCy7p8n5nq0OOjAwqdP8g3vpltp8EQ=,Not Applicable,Pedestrian Crossing,Road_Condition_1,0000038,data/processed_images/traffic/Road_Condition_1/0000038.jpg,0000038,
Traffic,https://media.istockphoto.com/id/173845298/photo/crash.jpg?s=612x612&w=0&k=20&c=uLdLReLUkAFEOkCy7p8n5nq0OOjAwqdP8g3vpltp8EQ=,Violated,Road Condition,Road_Condition_1,0000038,data/processed_images/traffic/Road_Condition_1/0000038.jpg,0000038,
Traffic,https://media.istockphoto.com/id/173845298/photo/crash.jpg?s=612x612&w=0&k=20&c=uLdLReLUkAFEOkCy7p8n5nq0OOjAwqdP8g3vpltp8EQ=,Violated,Traffic Rules,Road_Condition_1,0000038,data/processed_images/traffic/Road_Condition_1/0000038.jpg,0000038,
Traffic,https://media.istockphoto.com/id/173845298/photo/crash.jpg?s=612x612&w=0&k=20&c=uLdLReLUkAFEOkCy7p8n5nq0OOjAwqdP8g3vpltp8EQ=,Not Applicable,Vehicle Load,Road_Condition_1,0000038,data/processed_images/traffic/Road_Condition_1/0000038.jpg,0000038,
Traffic,https://media.istockphoto.com/id/1440579448/photo/car-crash.jpg?s=612x612&w=0&k=20&c=Y7ruaQuUtTx2MZJbQSUKjY5UOY_gfTnSNDFNSMbJEqU=,Not Applicable,Driving Distraction,Road_Condition_1,0000039,data/processed_images/traffic/Road_Condition_1/0000039.jpg,0000039,
Traffic,https://media.istockphoto.com/id/1440579448/photo/car-crash.jpg?s=612x612&w=0&k=20&c=Y7ruaQuUtTx2MZJbQSUKjY5UOY_gfTnSNDFNSMbJEqU=,Not Applicable,Pedestrian Crossing,Road_Condition_1,0000039,data/processed_images/traffic/Road_Condition_1/0000039.jpg,0000039,
Traffic,https://media.istockphoto.com/id/1440579448/photo/car-crash.jpg?s=612x612&w=0&k=20&c=Y7ruaQuUtTx2MZJbQSUKjY5UOY_gfTnSNDFNSMbJEqU=,Violated,Road Condition,Road_Condition_1,0000039,data/processed_images/traffic/Road_Condition_1/0000039.jpg,0000039,
Traffic,https://media.istockphoto.com/id/1440579448/photo/car-crash.jpg?s=612x612&w=0&k=20&c=Y7ruaQuUtTx2MZJbQSUKjY5UOY_gfTnSNDFNSMbJEqU=,Violated,Traffic Rules,Road_Condition_1,0000039,data/processed_images/traffic/Road_Condition_1/0000039.jpg,0000039,
Traffic,https://media.istockphoto.com/id/1440579448/photo/car-crash.jpg?s=612x612&w=0&k=20&c=Y7ruaQuUtTx2MZJbQSUKjY5UOY_gfTnSNDFNSMbJEqU=,Not Applicable,Vehicle Load,Road_Condition_1,0000039,data/processed_images/traffic/Road_Condition_1/0000039.jpg,0000039,
Traffic,https://st2.depositphotos.com/3711911/12284/i/380/depositphotos_122844796-stock-photo-broken-traffic-light.jpg,Not Applicable,Driving Distraction,Road_Condition_1,0000040,data/processed_images/traffic/Road_Condition_1/0000040.jpg,0000040,
Traffic,https://st2.depositphotos.com/3711911/12284/i/380/depositphotos_122844796-stock-photo-broken-traffic-light.jpg,Not Applicable,Pedestrian Crossing,Road_Condition_1,0000040,data/processed_images/traffic/Road_Condition_1/0000040.jpg,0000040,
Traffic,https://st2.depositphotos.com/3711911/12284/i/380/depositphotos_122844796-stock-photo-broken-traffic-light.jpg,Violated,Road Condition,Road_Condition_1,0000040,data/processed_images/traffic/Road_Condition_1/0000040.jpg,0000040,
Traffic,https://st2.depositphotos.com/3711911/12284/i/380/depositphotos_122844796-stock-photo-broken-traffic-light.jpg,Not Applicable,Traffic Rules,Road_Condition_1,0000040,data/processed_images/traffic/Road_Condition_1/0000040.jpg,0000040,
Traffic,https://st2.depositphotos.com/3711911/12284/i/380/depositphotos_122844796-stock-photo-broken-traffic-light.jpg,Not Applicable,Vehicle Load,Road_Condition_1,0000040,data/processed_images/traffic/Road_Condition_1/0000040.jpg,0000040,
Traffic,https://static6.depositphotos.com/1003512/579/i/380/depositphotos_5792291-stock-photo-calves-on-the-road.jpg,Not Applicable,Driving Distraction,Road_Condition_1,0000041,data/processed_images/traffic/Road_Condition_1/0000041.jpg,0000041,
Traffic,https://static6.depositphotos.com/1003512/579/i/380/depositphotos_5792291-stock-photo-calves-on-the-road.jpg,Not Applicable,Pedestrian Crossing,Road_Condition_1,0000041,data/processed_images/traffic/Road_Condition_1/0000041.jpg,0000041,
Traffic,https://static6.depositphotos.com/1003512/579/i/380/depositphotos_5792291-stock-photo-calves-on-the-road.jpg,Violated,Road Condition,Road_Condition_1,0000041,data/processed_images/traffic/Road_Condition_1/0000041.jpg,0000041,
Traffic,https://static6.depositphotos.com/1003512/579/i/380/depositphotos_5792291-stock-photo-calves-on-the-road.jpg,Not Applicable,Traffic Rules,Road_Condition_1,0000041,data/processed_images/traffic/Road_Condition_1/0000041.jpg,0000041,
Traffic,https://static6.depositphotos.com/1003512/579/i/380/depositphotos_5792291-stock-photo-calves-on-the-road.jpg,Not Applicable,Vehicle Load,Road_Condition_1,0000041,data/processed_images/traffic/Road_Condition_1/0000041.jpg,0000041,
Traffic,https://st4.depositphotos.com/2716431/31034/i/380/depositphotos_310340822-stock-photo-reindeers-crossing-a-road-in.jpg,Not Applicable,Driving Distraction,Road_Condition_1,0000042,data/processed_images/traffic/Road_Condition_1/0000042.jpg,0000042,
Traffic,https://st4.depositphotos.com/2716431/31034/i/380/depositphotos_310340822-stock-photo-reindeers-crossing-a-road-in.jpg,Not Applicable,Pedestrian Crossing,Road_Condition_1,0000042,data/processed_images/traffic/Road_Condition_1/0000042.jpg,0000042,
Traffic,https://st4.depositphotos.com/2716431/31034/i/380/depositphotos_310340822-stock-photo-reindeers-crossing-a-road-in.jpg,Violated,Road Condition,Road_Condition_1,0000042,data/processed_images/traffic/Road_Condition_1/0000042.jpg,0000042,
Traffic,https://st4.depositphotos.com/2716431/31034/i/380/depositphotos_310340822-stock-photo-reindeers-crossing-a-road-in.jpg,Not Applicable,Traffic Rules,Road_Condition_1,0000042,data/processed_images/traffic/Road_Condition_1/0000042.jpg,0000042,
Traffic,https://st4.depositphotos.com/2716431/31034/i/380/depositphotos_310340822-stock-photo-reindeers-crossing-a-road-in.jpg,Not Applicable,Vehicle Load,Road_Condition_1,0000042,data/processed_images/traffic/Road_Condition_1/0000042.jpg,0000042,
Traffic,https://st4.depositphotos.com/27201292/37854/i/380/depositphotos_378541584-stock-photo-deer-passing-street-surrounded-people.jpg,Not Applicable,Driving Distraction,Road_Condition_1,0000043,data/processed_images/traffic/Road_Condition_1/0000043.jpg,0000043,
Traffic,https://st4.depositphotos.com/27201292/37854/i/380/depositphotos_378541584-stock-photo-deer-passing-street-surrounded-people.jpg,Not Applicable,Pedestrian Crossing,Road_Condition_1,0000043,data/processed_images/traffic/Road_Condition_1/0000043.jpg,0000043,
Traffic,https://st4.depositphotos.com/27201292/37854/i/380/depositphotos_378541584-stock-photo-deer-passing-street-surrounded-people.jpg,Violated,Road Condition,Road_Condition_1,0000043,data/processed_images/traffic/Road_Condition_1/0000043.jpg,0000043,
Traffic,https://st4.depositphotos.com/27201292/37854/i/380/depositphotos_378541584-stock-photo-deer-passing-street-surrounded-people.jpg,Not Applicable,Traffic Rules,Road_Condition_1,0000043,data/processed_images/traffic/Road_Condition_1/0000043.jpg,0000043,
Traffic,https://st4.depositphotos.com/27201292/37854/i/380/depositphotos_378541584-stock-photo-deer-passing-street-surrounded-people.jpg,Not Applicable,Vehicle Load,Road_Condition_1,0000043,data/processed_images/traffic/Road_Condition_1/0000043.jpg,0000043,
Traffic,https://st5.depositphotos.com/26285604/67760/i/380/depositphotos_677606274-stock-photo-porcupine-crossing-road-khao-yai.jpg,Not Applicable,Driving Distraction,Road_Condition_1,0000044,data/processed_images/traffic/Road_Condition_1/0000044.jpg,0000044,
Traffic,https://st5.depositphotos.com/26285604/67760/i/380/depositphotos_677606274-stock-photo-porcupine-crossing-road-khao-yai.jpg,Not Applicable,Pedestrian Crossing,Road_Condition_1,0000044,data/processed_images/traffic/Road_Condition_1/0000044.jpg,0000044,
Traffic,https://st5.depositphotos.com/26285604/67760/i/380/depositphotos_677606274-stock-photo-porcupine-crossing-road-khao-yai.jpg,Violated,Road Condition,Road_Condition_1,0000044,data/processed_images/traffic/Road_Condition_1/0000044.jpg,0000044,
Traffic,https://st5.depositphotos.com/26285604/67760/i/380/depositphotos_677606274-stock-photo-porcupine-crossing-road-khao-yai.jpg,Not Applicable,Traffic Rules,Road_Condition_1,0000044,data/processed_images/traffic/Road_Condition_1/0000044.jpg,0000044,
Traffic,https://st5.depositphotos.com/26285604/67760/i/380/depositphotos_677606274-stock-photo-porcupine-crossing-road-khao-yai.jpg,Not Applicable,Vehicle Load,Road_Condition_1,0000044,data/processed_images/traffic/Road_Condition_1/0000044.jpg,0000044,
Traffic,https://st.depositphotos.com/1730665/1369/i/380/depositphotos_13697119-stock-photo-the-echidna-tachyglossus-aculeatus-crosses.jpg,Not Applicable,Driving Distraction,Road_Condition_1,0000045,data/processed_images/traffic/Road_Condition_1/0000045.jpg,0000045,
Traffic,https://st.depositphotos.com/1730665/1369/i/380/depositphotos_13697119-stock-photo-the-echidna-tachyglossus-aculeatus-crosses.jpg,Not Applicable,Pedestrian Crossing,Road_Condition_1,0000045,data/processed_images/traffic/Road_Condition_1/0000045.jpg,0000045,
Traffic,https://st.depositphotos.com/1730665/1369/i/380/depositphotos_13697119-stock-photo-the-echidna-tachyglossus-aculeatus-crosses.jpg,Violated,Road Condition,Road_Condition_1,0000045,data/processed_images/traffic/Road_Condition_1/0000045.jpg,0000045,
Traffic,https://st.depositphotos.com/1730665/1369/i/380/depositphotos_13697119-stock-photo-the-echidna-tachyglossus-aculeatus-crosses.jpg,Not Applicable,Traffic Rules,Road_Condition_1,0000045,data/processed_images/traffic/Road_Condition_1/0000045.jpg,0000045,
Traffic,https://st.depositphotos.com/1730665/1369/i/380/depositphotos_13697119-stock-photo-the-echidna-tachyglossus-aculeatus-crosses.jpg,Not Applicable,Vehicle Load,Road_Condition_1,0000045,data/processed_images/traffic/Road_Condition_1/0000045.jpg,0000045,
Traffic,https://st.depositphotos.com/1730665/1247/i/380/depositphotos_12478046-stock-photo-australia-victoria-great-ocean-road.jpg,Not Applicable,Driving Distraction,Road_Condition_1,0000046,data/processed_images/traffic/Road_Condition_1/0000046.jpg,0000046,
Traffic,https://st.depositphotos.com/1730665/1247/i/380/depositphotos_12478046-stock-photo-australia-victoria-great-ocean-road.jpg,Not Applicable,Pedestrian Crossing,Road_Condition_1,0000046,data/processed_images/traffic/Road_Condition_1/0000046.jpg,0000046,
Traffic,https://st.depositphotos.com/1730665/1247/i/380/depositphotos_12478046-stock-photo-australia-victoria-great-ocean-road.jpg,Violated,Road Condition,Road_Condition_1,0000046,data/processed_images/traffic/Road_Condition_1/0000046.jpg,0000046,
Traffic,https://st.depositphotos.com/1730665/1247/i/380/depositphotos_12478046-stock-photo-australia-victoria-great-ocean-road.jpg,Not Applicable,Traffic Rules,Road_Condition_1,0000046,data/processed_images/traffic/Road_Condition_1/0000046.jpg,0000046,
Traffic,https://st.depositphotos.com/1730665/1247/i/380/depositphotos_12478046-stock-photo-australia-victoria-great-ocean-road.jpg,Not Applicable,Vehicle Load,Road_Condition_1,0000046,data/processed_images/traffic/Road_Condition_1/0000046.jpg,0000046,
Traffic,https://st3.depositphotos.com/9773578/16580/i/380/depositphotos_165803016-stock-photo-dead-wallaby-roadkill-in-australia.jpg,Not Applicable,Driving Distraction,Road_Condition_1,0000047,data/processed_images/traffic/Road_Condition_1/0000047.jpg,0000047,
Traffic,https://st3.depositphotos.com/9773578/16580/i/380/depositphotos_165803016-stock-photo-dead-wallaby-roadkill-in-australia.jpg,Not Applicable,Pedestrian Crossing,Road_Condition_1,0000047,data/processed_images/traffic/Road_Condition_1/0000047.jpg,0000047,
Traffic,https://st3.depositphotos.com/9773578/16580/i/380/depositphotos_165803016-stock-photo-dead-wallaby-roadkill-in-australia.jpg,Violated,Road Condition,Road_Condition_1,0000047,data/processed_images/traffic/Road_Condition_1/0000047.jpg,0000047,
Traffic,https://st3.depositphotos.com/9773578/16580/i/380/depositphotos_165803016-stock-photo-dead-wallaby-roadkill-in-australia.jpg,Not Applicable,Traffic Rules,Road_Condition_1,0000047,data/processed_images/traffic/Road_Condition_1/0000047.jpg,0000047,
Traffic,https://st3.depositphotos.com/9773578/16580/i/380/depositphotos_165803016-stock-photo-dead-wallaby-roadkill-in-australia.jpg,Not Applicable,Vehicle Load,Road_Condition_1,0000047,data/processed_images/traffic/Road_Condition_1/0000047.jpg,0000047,
Traffic,https://st3.depositphotos.com/29384342/35115/i/380/depositphotos_351153820-stock-photo-picturesque-view-countryside-scenery.jpg,Not Applicable,Driving Distraction,Road_Condition_1,0000048,data/processed_images/traffic/Road_Condition_1/0000048.jpg,0000048,
Traffic,https://st3.depositphotos.com/29384342/35115/i/380/depositphotos_351153820-stock-photo-picturesque-view-countryside-scenery.jpg,Not Applicable,Pedestrian Crossing,Road_Condition_1,0000048,data/processed_images/traffic/Road_Condition_1/0000048.jpg,0000048,
Traffic,https://st3.depositphotos.com/29384342/35115/i/380/depositphotos_351153820-stock-photo-picturesque-view-countryside-scenery.jpg,Violated,Road Condition,Road_Condition_1,0000048,data/processed_images/traffic/Road_Condition_1/0000048.jpg,0000048,
Traffic,https://st3.depositphotos.com/29384342/35115/i/380/depositphotos_351153820-stock-photo-picturesque-view-countryside-scenery.jpg,Not Applicable,Traffic Rules,Road_Condition_1,0000048,data/processed_images/traffic/Road_Condition_1/0000048.jpg,0000048,
Traffic,https://st3.depositphotos.com/29384342/35115/i/380/depositphotos_351153820-stock-photo-picturesque-view-countryside-scenery.jpg,Not Applicable,Vehicle Load,Road_Condition_1,0000048,data/processed_images/traffic/Road_Condition_1/0000048.jpg,0000048,
Traffic,https://st.depositphotos.com/18723914/57465/i/380/depositphotos_574652032-stock-photo-kangaroo-road-kangaroo-island-australia.jpg,Not Applicable,Driving Distraction,Road_Condition_1,0000049,data/processed_images/traffic/Road_Condition_1/0000049.jpg,0000049,
Traffic,https://st.depositphotos.com/18723914/57465/i/380/depositphotos_574652032-stock-photo-kangaroo-road-kangaroo-island-australia.jpg,Not Applicable,Pedestrian Crossing,Road_Condition_1,0000049,data/processed_images/traffic/Road_Condition_1/0000049.jpg,0000049,
Traffic,https://st.depositphotos.com/18723914/57465/i/380/depositphotos_574652032-stock-photo-kangaroo-road-kangaroo-island-australia.jpg,Violated,Road Condition,Road_Condition_1,0000049,data/processed_images/traffic/Road_Condition_1/0000049.jpg,0000049,
Traffic,https://st.depositphotos.com/18723914/57465/i/380/depositphotos_574652032-stock-photo-kangaroo-road-kangaroo-island-australia.jpg,Not Applicable,Traffic Rules,Road_Condition_1,0000049,data/processed_images/traffic/Road_Condition_1/0000049.jpg,0000049,
Traffic,https://st.depositphotos.com/18723914/57465/i/380/depositphotos_574652032-stock-photo-kangaroo-road-kangaroo-island-australia.jpg,Not Applicable,Vehicle Load,Road_Condition_1,0000049,data/processed_images/traffic/Road_Condition_1/0000049.jpg,0000049,
Traffic,https://st.depositphotos.com/18723914/57465/i/380/depositphotos_574652022-stock-photo-kangaroo-road-kangaroo-island-australia.jpg,Not Applicable,Driving Distraction,Road_Condition_1,0000050,data/processed_images/traffic/Road_Condition_1/0000050.jpg,0000050,
Traffic,https://st.depositphotos.com/18723914/57465/i/380/depositphotos_574652022-stock-photo-kangaroo-road-kangaroo-island-australia.jpg,Not Applicable,Pedestrian Crossing,Road_Condition_1,0000050,data/processed_images/traffic/Road_Condition_1/0000050.jpg,0000050,
Traffic,https://st.depositphotos.com/18723914/57465/i/380/depositphotos_574652022-stock-photo-kangaroo-road-kangaroo-island-australia.jpg,Violated,Road Condition,Road_Condition_1,0000050,data/processed_images/traffic/Road_Condition_1/0000050.jpg,0000050,
Traffic,https://st.depositphotos.com/18723914/57465/i/380/depositphotos_574652022-stock-photo-kangaroo-road-kangaroo-island-australia.jpg,Not Applicable,Traffic Rules,Road_Condition_1,0000050,data/processed_images/traffic/Road_Condition_1/0000050.jpg,0000050,
Traffic,https://st.depositphotos.com/18723914/57465/i/380/depositphotos_574652022-stock-photo-kangaroo-road-kangaroo-island-australia.jpg,Not Applicable,Vehicle Load,Road_Condition_1,0000050,data/processed_images/traffic/Road_Condition_1/0000050.jpg,0000050,
Traffic,https://st4.depositphotos.com/2247853/41569/i/380/depositphotos_415691830-stock-photo-cape-barren-goose-road-phillip.jpg,Not Applicable,Driving Distraction,Road_Condition_1,0000051,data/processed_images/traffic/Road_Condition_1/0000051.jpg,0000051,
Traffic,https://st4.depositphotos.com/2247853/41569/i/380/depositphotos_415691830-stock-photo-cape-barren-goose-road-phillip.jpg,Not Applicable,Pedestrian Crossing,Road_Condition_1,0000051,data/processed_images/traffic/Road_Condition_1/0000051.jpg,0000051,
Traffic,https://st4.depositphotos.com/2247853/41569/i/380/depositphotos_415691830-stock-photo-cape-barren-goose-road-phillip.jpg,Violated,Road Condition,Road_Condition_1,0000051,data/processed_images/traffic/Road_Condition_1/0000051.jpg,0000051,
Traffic,https://st4.depositphotos.com/2247853/41569/i/380/depositphotos_415691830-stock-photo-cape-barren-goose-road-phillip.jpg,Not Applicable,Traffic Rules,Road_Condition_1,0000051,data/processed_images/traffic/Road_Condition_1/0000051.jpg,0000051,
Traffic,https://st4.depositphotos.com/2247853/41569/i/380/depositphotos_415691830-stock-photo-cape-barren-goose-road-phillip.jpg,Not Applicable,Vehicle Load,Road_Condition_1,0000051,data/processed_images/traffic/Road_Condition_1/0000051.jpg,0000051,
Traffic,https://media.istockphoto.com/id/1148691627/photo/macropus-giganteus-eastern-grey-kangaroo-in-tasmania-in-australia-maria-island-tasmania.jpg?s=612x612&w=0&k=20&c=qIgIqpr4ULtE1ByOI9UWNW3AbLJKuA21fmOwXQCwHeM=,Not Applicable,Driving Distraction,Road_Condition_1,0000052,data/processed_images/traffic/Road_Condition_1/0000052.jpg,0000052,
Traffic,https://media.istockphoto.com/id/1148691627/photo/macropus-giganteus-eastern-grey-kangaroo-in-tasmania-in-australia-maria-island-tasmania.jpg?s=612x612&w=0&k=20&c=qIgIqpr4ULtE1ByOI9UWNW3AbLJKuA21fmOwXQCwHeM=,Not Applicable,Pedestrian Crossing,Road_Condition_1,0000052,data/processed_images/traffic/Road_Condition_1/0000052.jpg,0000052,
Traffic,https://media.istockphoto.com/id/1148691627/photo/macropus-giganteus-eastern-grey-kangaroo-in-tasmania-in-australia-maria-island-tasmania.jpg?s=612x612&w=0&k=20&c=qIgIqpr4ULtE1ByOI9UWNW3AbLJKuA21fmOwXQCwHeM=,Violated,Road Condition,Road_Condition_1,0000052,data/processed_images/traffic/Road_Condition_1/0000052.jpg,0000052,
Traffic,https://media.istockphoto.com/id/1148691627/photo/macropus-giganteus-eastern-grey-kangaroo-in-tasmania-in-australia-maria-island-tasmania.jpg?s=612x612&w=0&k=20&c=qIgIqpr4ULtE1ByOI9UWNW3AbLJKuA21fmOwXQCwHeM=,Not Applicable,Traffic Rules,Road_Condition_1,0000052,data/processed_images/traffic/Road_Condition_1/0000052.jpg,0000052,
Traffic,https://media.istockphoto.com/id/1148691627/photo/macropus-giganteus-eastern-grey-kangaroo-in-tasmania-in-australia-maria-island-tasmania.jpg?s=612x612&w=0&k=20&c=qIgIqpr4ULtE1ByOI9UWNW3AbLJKuA21fmOwXQCwHeM=,Not Applicable,Vehicle Load,Road_Condition_1,0000052,data/processed_images/traffic/Road_Condition_1/0000052.jpg,0000052,
Traffic,https://media.istockphoto.com/id/92809152/photo/kangaroo-crossing-in-front-of-a-sign.jpg?s=612x612&w=0&k=20&c=YVAYDEuESIp-Dbi7snyZHosiKr9wdIfYZk58inkDNU8=,Not Applicable,Driving Distraction,Road_Condition_1,0000053,data/processed_images/traffic/Road_Condition_1/0000053.jpg,0000053,
Traffic,https://media.istockphoto.com/id/92809152/photo/kangaroo-crossing-in-front-of-a-sign.jpg?s=612x612&w=0&k=20&c=YVAYDEuESIp-Dbi7snyZHosiKr9wdIfYZk58inkDNU8=,Not Applicable,Pedestrian Crossing,Road_Condition_1,0000053,data/processed_images/traffic/Road_Condition_1/0000053.jpg,0000053,
Traffic,https://media.istockphoto.com/id/92809152/photo/kangaroo-crossing-in-front-of-a-sign.jpg?s=612x612&w=0&k=20&c=YVAYDEuESIp-Dbi7snyZHosiKr9wdIfYZk58inkDNU8=,Violated,Road Condition,Road_Condition_1,0000053,data/processed_images/traffic/Road_Condition_1/0000053.jpg,0000053,
Traffic,https://media.istockphoto.com/id/92809152/photo/kangaroo-crossing-in-front-of-a-sign.jpg?s=612x612&w=0&k=20&c=YVAYDEuESIp-Dbi7snyZHosiKr9wdIfYZk58inkDNU8=,Not Applicable,Traffic Rules,Road_Condition_1,0000053,data/processed_images/traffic/Road_Condition_1/0000053.jpg,0000053,
Traffic,https://media.istockphoto.com/id/92809152/photo/kangaroo-crossing-in-front-of-a-sign.jpg?s=612x612&w=0&k=20&c=YVAYDEuESIp-Dbi7snyZHosiKr9wdIfYZk58inkDNU8=,Not Applicable,Vehicle Load,Road_Condition_1,0000053,data/processed_images/traffic/Road_Condition_1/0000053.jpg,0000053,
Traffic,https://media.istockphoto.com/id/1167145186/photo/koala-sitting-in-the-middle-of-the-road.jpg?s=612x612&w=0&k=20&c=2WL-Mv4DE2kGi2QTBvrCTdYuSgO44zkvl_40kt33PHs=,Not Applicable,Driving Distraction,Road_Condition_1,0000054,data/processed_images/traffic/Road_Condition_1/0000054.jpg,0000054,
Traffic,https://media.istockphoto.com/id/1167145186/photo/koala-sitting-in-the-middle-of-the-road.jpg?s=612x612&w=0&k=20&c=2WL-Mv4DE2kGi2QTBvrCTdYuSgO44zkvl_40kt33PHs=,Not Applicable,Pedestrian Crossing,Road_Condition_1,0000054,data/processed_images/traffic/Road_Condition_1/0000054.jpg,0000054,
Traffic,https://media.istockphoto.com/id/1167145186/photo/koala-sitting-in-the-middle-of-the-road.jpg?s=612x612&w=0&k=20&c=2WL-Mv4DE2kGi2QTBvrCTdYuSgO44zkvl_40kt33PHs=,Violated,Road Condition,Road_Condition_1,0000054,data/processed_images/traffic/Road_Condition_1/0000054.jpg,0000054,
Traffic,https://media.istockphoto.com/id/1167145186/photo/koala-sitting-in-the-middle-of-the-road.jpg?s=612x612&w=0&k=20&c=2WL-Mv4DE2kGi2QTBvrCTdYuSgO44zkvl_40kt33PHs=,Not Applicable,Traffic Rules,Road_Condition_1,0000054,data/processed_images/traffic/Road_Condition_1/0000054.jpg,0000054,
Traffic,https://media.istockphoto.com/id/1167145186/photo/koala-sitting-in-the-middle-of-the-road.jpg?s=612x612&w=0&k=20&c=2WL-Mv4DE2kGi2QTBvrCTdYuSgO44zkvl_40kt33PHs=,Not Applicable,Vehicle Load,Road_Condition_1,0000054,data/processed_images/traffic/Road_Condition_1/0000054.jpg,0000054,
Traffic,https://media.istockphoto.com/id/1369294013/photo/wild-koala-in-australia.jpg?s=612x612&w=0&k=20&c=mjTmGwmXTjtC1CRIQX0hKfYAqkshPfLhI5wqRYuvvew=,Not Applicable,Driving Distraction,Road_Condition_1,0000055,data/processed_images/traffic/Road_Condition_1/0000055.jpg,0000055,
Traffic,https://media.istockphoto.com/id/1369294013/photo/wild-koala-in-australia.jpg?s=612x612&w=0&k=20&c=mjTmGwmXTjtC1CRIQX0hKfYAqkshPfLhI5wqRYuvvew=,Violated,Pedestrian Crossing,Road_Condition_1,0000055,data/processed_images/traffic/Road_Condition_1/0000055.jpg,0000055,
Traffic,https://media.istockphoto.com/id/1369294013/photo/wild-koala-in-australia.jpg?s=612x612&w=0&k=20&c=mjTmGwmXTjtC1CRIQX0hKfYAqkshPfLhI5wqRYuvvew=,Violated,Road Condition,Road_Condition_1,0000055,data/processed_images/traffic/Road_Condition_1/0000055.jpg,0000055,
Traffic,https://media.istockphoto.com/id/1369294013/photo/wild-koala-in-australia.jpg?s=612x612&w=0&k=20&c=mjTmGwmXTjtC1CRIQX0hKfYAqkshPfLhI5wqRYuvvew=,Not Applicable,Traffic Rules,Road_Condition_1,0000055,data/processed_images/traffic/Road_Condition_1/0000055.jpg,0000055,
Traffic,https://media.istockphoto.com/id/1369294013/photo/wild-koala-in-australia.jpg?s=612x612&w=0&k=20&c=mjTmGwmXTjtC1CRIQX0hKfYAqkshPfLhI5wqRYuvvew=,Not Applicable,Vehicle Load,Road_Condition_1,0000055,data/processed_images/traffic/Road_Condition_1/0000055.jpg,0000055,
Traffic,https://media.istockphoto.com/id/601945516/photo/high-water-street-flooding.jpg?s=612x612&w=0&k=20&c=V4260s88J7KjO52aK9GaZqZS6bckaQW8nlWmfNcqzMM=,Not Applicable,Driving Distraction,Road_Condition_1,0000056,data/processed_images/traffic/Road_Condition_1/0000056.jpg,0000056,
Traffic,https://media.istockphoto.com/id/601945516/photo/high-water-street-flooding.jpg?s=612x612&w=0&k=20&c=V4260s88J7KjO52aK9GaZqZS6bckaQW8nlWmfNcqzMM=,Not Applicable,Pedestrian Crossing,Road_Condition_1,0000056,data/processed_images/traffic/Road_Condition_1/0000056.jpg,0000056,
Traffic,https://media.istockphoto.com/id/601945516/photo/high-water-street-flooding.jpg?s=612x612&w=0&k=20&c=V4260s88J7KjO52aK9GaZqZS6bckaQW8nlWmfNcqzMM=,Violated,Road Condition,Road_Condition_1,0000056,data/processed_images/traffic/Road_Condition_1/0000056.jpg,0000056,
Traffic,https://media.istockphoto.com/id/601945516/photo/high-water-street-flooding.jpg?s=612x612&w=0&k=20&c=V4260s88J7KjO52aK9GaZqZS6bckaQW8nlWmfNcqzMM=,Not Applicable,Traffic Rules,Road_Condition_1,0000056,data/processed_images/traffic/Road_Condition_1/0000056.jpg,0000056,
Traffic,https://media.istockphoto.com/id/601945516/photo/high-water-street-flooding.jpg?s=612x612&w=0&k=20&c=V4260s88J7KjO52aK9GaZqZS6bckaQW8nlWmfNcqzMM=,Not Applicable,Vehicle Load,Road_Condition_1,0000056,data/processed_images/traffic/Road_Condition_1/0000056.jpg,0000056,
Traffic,https://media.istockphoto.com/id/154919588/photo/road-and-flood.jpg?s=612x612&w=0&k=20&c=q0Kiik8wDntv_P2sLL9Ic-r6yqF8um6ivzwZ-xW6rNc=,Not Applicable,Driving Distraction,Road_Condition_1,0000057,data/processed_images/traffic/Road_Condition_1/0000057.jpg,0000057,
Traffic,https://media.istockphoto.com/id/154919588/photo/road-and-flood.jpg?s=612x612&w=0&k=20&c=q0Kiik8wDntv_P2sLL9Ic-r6yqF8um6ivzwZ-xW6rNc=,Not Applicable,Pedestrian Crossing,Road_Condition_1,0000057,data/processed_images/traffic/Road_Condition_1/0000057.jpg,0000057,
Traffic,https://media.istockphoto.com/id/154919588/photo/road-and-flood.jpg?s=612x612&w=0&k=20&c=q0Kiik8wDntv_P2sLL9Ic-r6yqF8um6ivzwZ-xW6rNc=,Violated,Road Condition,Road_Condition_1,0000057,data/processed_images/traffic/Road_Condition_1/0000057.jpg,0000057,
Traffic,https://media.istockphoto.com/id/154919588/photo/road-and-flood.jpg?s=612x612&w=0&k=20&c=q0Kiik8wDntv_P2sLL9Ic-r6yqF8um6ivzwZ-xW6rNc=,Not Applicable,Traffic Rules,Road_Condition_1,0000057,data/processed_images/traffic/Road_Condition_1/0000057.jpg,0000057,
Traffic,https://media.istockphoto.com/id/154919588/photo/road-and-flood.jpg?s=612x612&w=0&k=20&c=q0Kiik8wDntv_P2sLL9Ic-r6yqF8um6ivzwZ-xW6rNc=,Not Applicable,Vehicle Load,Road_Condition_1,0000057,data/processed_images/traffic/Road_Condition_1/0000057.jpg,0000057,
Traffic,https://media.istockphoto.com/id/157646190/photo/flooded-road-hail-storm.jpg?s=612x612&w=0&k=20&c=ZVH6F-pmSIOu_3kKegdfURPYO_5j_j0-c5hydn68tDI=,Not Applicable,Driving Distraction,Road_Condition_1,0000058,data/processed_images/traffic/Road_Condition_1/0000058.jpg,0000058,
Traffic,https://media.istockphoto.com/id/157646190/photo/flooded-road-hail-storm.jpg?s=612x612&w=0&k=20&c=ZVH6F-pmSIOu_3kKegdfURPYO_5j_j0-c5hydn68tDI=,Not Applicable,Pedestrian Crossing,Road_Condition_1,0000058,data/processed_images/traffic/Road_Condition_1/0000058.jpg,0000058,
Traffic,https://media.istockphoto.com/id/157646190/photo/flooded-road-hail-storm.jpg?s=612x612&w=0&k=20&c=ZVH6F-pmSIOu_3kKegdfURPYO_5j_j0-c5hydn68tDI=,Violated,Road Condition,Road_Condition_1,0000058,data/processed_images/traffic/Road_Condition_1/0000058.jpg,0000058,
Traffic,https://media.istockphoto.com/id/157646190/photo/flooded-road-hail-storm.jpg?s=612x612&w=0&k=20&c=ZVH6F-pmSIOu_3kKegdfURPYO_5j_j0-c5hydn68tDI=,Not Applicable,Traffic Rules,Road_Condition_1,0000058,data/processed_images/traffic/Road_Condition_1/0000058.jpg,0000058,
Traffic,https://media.istockphoto.com/id/157646190/photo/flooded-road-hail-storm.jpg?s=612x612&w=0&k=20&c=ZVH6F-pmSIOu_3kKegdfURPYO_5j_j0-c5hydn68tDI=,Not Applicable,Vehicle Load,Road_Condition_1,0000058,data/processed_images/traffic/Road_Condition_1/0000058.jpg,0000058,
Traffic,https://media.istockphoto.com/id/1776797587/photo/a-car-sits-in-the-street-after-water-was-flooding-it.jpg?s=612x612&w=0&k=20&c=iZ4E-JtDawtQ7srEghYwtFrZ9PmTf71K7-LzljgPLmw=,Not Applicable,Driving Distraction,Road_Condition_1,0000059,data/processed_images/traffic/Road_Condition_1/0000059.jpg,0000059,
Traffic,https://media.istockphoto.com/id/1776797587/photo/a-car-sits-in-the-street-after-water-was-flooding-it.jpg?s=612x612&w=0&k=20&c=iZ4E-JtDawtQ7srEghYwtFrZ9PmTf71K7-LzljgPLmw=,Not Applicable,Pedestrian Crossing,Road_Condition_1,0000059,data/processed_images/traffic/Road_Condition_1/0000059.jpg,0000059,
Traffic,https://media.istockphoto.com/id/1776797587/photo/a-car-sits-in-the-street-after-water-was-flooding-it.jpg?s=612x612&w=0&k=20&c=iZ4E-JtDawtQ7srEghYwtFrZ9PmTf71K7-LzljgPLmw=,Violated,Road Condition,Road_Condition_1,0000059,data/processed_images/traffic/Road_Condition_1/0000059.jpg,0000059,
Traffic,https://media.istockphoto.com/id/1776797587/photo/a-car-sits-in-the-street-after-water-was-flooding-it.jpg?s=612x612&w=0&k=20&c=iZ4E-JtDawtQ7srEghYwtFrZ9PmTf71K7-LzljgPLmw=,Not Applicable,Traffic Rules,Road_Condition_1,0000059,data/processed_images/traffic/Road_Condition_1/0000059.jpg,0000059,
Traffic,https://media.istockphoto.com/id/1776797587/photo/a-car-sits-in-the-street-after-water-was-flooding-it.jpg?s=612x612&w=0&k=20&c=iZ4E-JtDawtQ7srEghYwtFrZ9PmTf71K7-LzljgPLmw=,Not Applicable,Vehicle Load,Road_Condition_1,0000059,data/processed_images/traffic/Road_Condition_1/0000059.jpg,0000059,
Traffic,https://media.istockphoto.com/id/1324873600/photo/flooded-neighborhood-streets-in-fort-lauderdale-florida-usa.jpg?s=612x612&w=0&k=20&c=LjGklTA9h5K0fuRPu1cudjRfzdEjc_1cabB-11YsutI=,Not Applicable,Driving Distraction,Road_Condition_1,0000060,data/processed_images/traffic/Road_Condition_1/0000060.jpg,0000060,
Traffic,https://media.istockphoto.com/id/1324873600/photo/flooded-neighborhood-streets-in-fort-lauderdale-florida-usa.jpg?s=612x612&w=0&k=20&c=LjGklTA9h5K0fuRPu1cudjRfzdEjc_1cabB-11YsutI=,Not Applicable,Pedestrian Crossing,Road_Condition_1,0000060,data/processed_images/traffic/Road_Condition_1/0000060.jpg,0000060,
Traffic,https://media.istockphoto.com/id/1324873600/photo/flooded-neighborhood-streets-in-fort-lauderdale-florida-usa.jpg?s=612x612&w=0&k=20&c=LjGklTA9h5K0fuRPu1cudjRfzdEjc_1cabB-11YsutI=,Violated,Road Condition,Road_Condition_1,0000060,data/processed_images/traffic/Road_Condition_1/0000060.jpg,0000060,
Traffic,https://media.istockphoto.com/id/1324873600/photo/flooded-neighborhood-streets-in-fort-lauderdale-florida-usa.jpg?s=612x612&w=0&k=20&c=LjGklTA9h5K0fuRPu1cudjRfzdEjc_1cabB-11YsutI=,Not Applicable,Traffic Rules,Road_Condition_1,0000060,data/processed_images/traffic/Road_Condition_1/0000060.jpg,0000060,
Traffic,https://media.istockphoto.com/id/1324873600/photo/flooded-neighborhood-streets-in-fort-lauderdale-florida-usa.jpg?s=612x612&w=0&k=20&c=LjGklTA9h5K0fuRPu1cudjRfzdEjc_1cabB-11YsutI=,Not Applicable,Vehicle Load,Road_Condition_1,0000060,data/processed_images/traffic/Road_Condition_1/0000060.jpg,0000060,
Traffic,https://media.istockphoto.com/id/1663006730/photo/driving-at-dusk-stop-sign-red-traffic-lights-rear-view-of-car-waiting.jpg?s=1024x1024&w=is&k=20&c=WCd5j9XkHG9CnVqq97obOA3My--tTGfo5wpYHjZAysU=,Not Applicable,Driving Distraction,Traffic_Rules_0,0000001,data/processed_images/traffic/Traffic_Rules_0/0000001.jpg,0000001,
Traffic,https://media.istockphoto.com/id/1663006730/photo/driving-at-dusk-stop-sign-red-traffic-lights-rear-view-of-car-waiting.jpg?s=1024x1024&w=is&k=20&c=WCd5j9XkHG9CnVqq97obOA3My--tTGfo5wpYHjZAysU=,Not Applicable,Pedestrian Crossing,Traffic_Rules_0,0000001,data/processed_images/traffic/Traffic_Rules_0/0000001.jpg,0000001,
Traffic,https://media.istockphoto.com/id/1663006730/photo/driving-at-dusk-stop-sign-red-traffic-lights-rear-view-of-car-waiting.jpg?s=1024x1024&w=is&k=20&c=WCd5j9XkHG9CnVqq97obOA3My--tTGfo5wpYHjZAysU=,Not Applicable,Road Condition,Traffic_Rules_0,0000001,data/processed_images/traffic/Traffic_Rules_0/0000001.jpg,0000001,
Traffic,https://media.istockphoto.com/id/1663006730/photo/driving-at-dusk-stop-sign-red-traffic-lights-rear-view-of-car-waiting.jpg?s=1024x1024&w=is&k=20&c=WCd5j9XkHG9CnVqq97obOA3My--tTGfo5wpYHjZAysU=,Complied,Traffic Rules,Traffic_Rules_0,0000001,data/processed_images/traffic/Traffic_Rules_0/0000001.jpg,0000001,
Traffic,https://media.istockphoto.com/id/1663006730/photo/driving-at-dusk-stop-sign-red-traffic-lights-rear-view-of-car-waiting.jpg?s=1024x1024&w=is&k=20&c=WCd5j9XkHG9CnVqq97obOA3My--tTGfo5wpYHjZAysU=,Complied,Vehicle Load,Traffic_Rules_0,0000001,data/processed_images/traffic/Traffic_Rules_0/0000001.jpg,0000001,
Traffic,https://c8.alamy.com/comp/W7P782/file-car-drivers-wait-to-give-way-to-pedestrians-on-a-crosswalk-in-beijing-china-9-july-2013-beijing-traffic-police-thursday-15-june-2017-be-W7P782.jpg,Not Applicable,Driving Distraction,Traffic_Rules_0,0000002,data/processed_images/traffic/Traffic_Rules_0/0000002.jpg,0000002,
Traffic,https://c8.alamy.com/comp/W7P782/file-car-drivers-wait-to-give-way-to-pedestrians-on-a-crosswalk-in-beijing-china-9-july-2013-beijing-traffic-police-thursday-15-june-2017-be-W7P782.jpg,Not Applicable,Pedestrian Crossing,Traffic_Rules_0,0000002,data/processed_images/traffic/Traffic_Rules_0/0000002.jpg,0000002,
Traffic,https://c8.alamy.com/comp/W7P782/file-car-drivers-wait-to-give-way-to-pedestrians-on-a-crosswalk-in-beijing-china-9-july-2013-beijing-traffic-police-thursday-15-june-2017-be-W7P782.jpg,Complied,Road Condition,Traffic_Rules_0,0000002,data/processed_images/traffic/Traffic_Rules_0/0000002.jpg,0000002,
Traffic,https://c8.alamy.com/comp/W7P782/file-car-drivers-wait-to-give-way-to-pedestrians-on-a-crosswalk-in-beijing-china-9-july-2013-beijing-traffic-police-thursday-15-june-2017-be-W7P782.jpg,Complied,Traffic Rules,Traffic_Rules_0,0000002,data/processed_images/traffic/Traffic_Rules_0/0000002.jpg,0000002,
Traffic,https://c8.alamy.com/comp/W7P782/file-car-drivers-wait-to-give-way-to-pedestrians-on-a-crosswalk-in-beijing-china-9-july-2013-beijing-traffic-police-thursday-15-june-2017-be-W7P782.jpg,Not Applicable,Vehicle Load,Traffic_Rules_0,0000002,data/processed_images/traffic/Traffic_Rules_0/0000002.jpg,0000002,
Traffic,https://media.istockphoto.com/id/1464681993/photo/man-riding-motorcycle-with-helmet.jpg?s=1024x1024&w=is&k=20&c=Ju-dugWp0nlHvZZGBh2rdCT0djRFuQTJ6QzDIsY8eSs=,Not Applicable,Driving Distraction,Traffic_Rules_0,0000003,data/processed_images/traffic/Traffic_Rules_0/0000003.jpg,0000003,
Traffic,https://media.istockphoto.com/id/1464681993/photo/man-riding-motorcycle-with-helmet.jpg?s=1024x1024&w=is&k=20&c=Ju-dugWp0nlHvZZGBh2rdCT0djRFuQTJ6QzDIsY8eSs=,Not Applicable,Pedestrian Crossing,Traffic_Rules_0,0000003,data/processed_images/traffic/Traffic_Rules_0/0000003.jpg,0000003,
Traffic,https://media.istockphoto.com/id/1464681993/photo/man-riding-motorcycle-with-helmet.jpg?s=1024x1024&w=is&k=20&c=Ju-dugWp0nlHvZZGBh2rdCT0djRFuQTJ6QzDIsY8eSs=,Complied,Road Condition,Traffic_Rules_0,0000003,data/processed_images/traffic/Traffic_Rules_0/0000003.jpg,0000003,
Traffic,https://media.istockphoto.com/id/1464681993/photo/man-riding-motorcycle-with-helmet.jpg?s=1024x1024&w=is&k=20&c=Ju-dugWp0nlHvZZGBh2rdCT0djRFuQTJ6QzDIsY8eSs=,Complied,Traffic Rules,Traffic_Rules_0,0000003,data/processed_images/traffic/Traffic_Rules_0/0000003.jpg,0000003,
Traffic,https://media.istockphoto.com/id/1464681993/photo/man-riding-motorcycle-with-helmet.jpg?s=1024x1024&w=is&k=20&c=Ju-dugWp0nlHvZZGBh2rdCT0djRFuQTJ6QzDIsY8eSs=,Complied,Vehicle Load,Traffic_Rules_0,0000003,data/processed_images/traffic/Traffic_Rules_0/0000003.jpg,0000003,
Traffic,https://media.istockphoto.com/id/522564791/photo/winter-sun-on-sunday-motorway-traffic-essex-england.jpg?s=1024x1024&w=is&k=20&c=LX2usWbX5L7lIkT_62x8090Umn61U4iD-DEIScFRP88=,Not Applicable,Driving Distraction,Traffic_Rules_0,0000004,data/processed_images/traffic/Traffic_Rules_0/0000004.jpg,0000004,
Traffic,https://media.istockphoto.com/id/522564791/photo/winter-sun-on-sunday-motorway-traffic-essex-england.jpg?s=1024x1024&w=is&k=20&c=LX2usWbX5L7lIkT_62x8090Umn61U4iD-DEIScFRP88=,Not Applicable,Pedestrian Crossing,Traffic_Rules_0,0000004,data/processed_images/traffic/Traffic_Rules_0/0000004.jpg,0000004,
Traffic,https://media.istockphoto.com/id/522564791/photo/winter-sun-on-sunday-motorway-traffic-essex-england.jpg?s=1024x1024&w=is&k=20&c=LX2usWbX5L7lIkT_62x8090Umn61U4iD-DEIScFRP88=,Complied,Road Condition,Traffic_Rules_0,0000004,data/processed_images/traffic/Traffic_Rules_0/0000004.jpg,0000004,
Traffic,https://media.istockphoto.com/id/522564791/photo/winter-sun-on-sunday-motorway-traffic-essex-england.jpg?s=1024x1024&w=is&k=20&c=LX2usWbX5L7lIkT_62x8090Umn61U4iD-DEIScFRP88=,Complied,Traffic Rules,Traffic_Rules_0,0000004,data/processed_images/traffic/Traffic_Rules_0/0000004.jpg,0000004,
Traffic,https://media.istockphoto.com/id/522564791/photo/winter-sun-on-sunday-motorway-traffic-essex-england.jpg?s=1024x1024&w=is&k=20&c=LX2usWbX5L7lIkT_62x8090Umn61U4iD-DEIScFRP88=,Complied,Vehicle Load,Traffic_Rules_0,0000004,data/processed_images/traffic/Traffic_Rules_0/0000004.jpg,0000004,
Traffic,https://www.racv.com.au/content/dam/racv-assets/images/images/motor/road-safety/1600x900/railway-level-crossing-1600x900.jpg.transform/herobannerTablet/image.jpg,Not Applicable,Driving Distraction,Traffic_Rules_0,0000005,data/processed_images/traffic/Traffic_Rules_0/0000005.jpg,0000005,
Traffic,https://www.racv.com.au/content/dam/racv-assets/images/images/motor/road-safety/1600x900/railway-level-crossing-1600x900.jpg.transform/herobannerTablet/image.jpg,Not Applicable,Pedestrian Crossing,Traffic_Rules_0,0000005,data/processed_images/traffic/Traffic_Rules_0/0000005.jpg,0000005,
Traffic,https://www.racv.com.au/content/dam/racv-assets/images/images/motor/road-safety/1600x900/railway-level-crossing-1600x900.jpg.transform/herobannerTablet/image.jpg,Complied,Road Condition,Traffic_Rules_0,0000005,data/processed_images/traffic/Traffic_Rules_0/0000005.jpg,0000005,
Traffic,https://www.racv.com.au/content/dam/racv-assets/images/images/motor/road-safety/1600x900/railway-level-crossing-1600x900.jpg.transform/herobannerTablet/image.jpg,Complied,Traffic Rules,Traffic_Rules_0,0000005,data/processed_images/traffic/Traffic_Rules_0/0000005.jpg,0000005,
Traffic,https://www.racv.com.au/content/dam/racv-assets/images/images/motor/road-safety/1600x900/railway-level-crossing-1600x900.jpg.transform/herobannerTablet/image.jpg,Complied,Vehicle Load,Traffic_Rules_0,0000005,data/processed_images/traffic/Traffic_Rules_0/0000005.jpg,0000005,
Traffic,https://images.perthnow.com.au/publication/C-18942408/b56f243642a9d85ad058b9eddf6d9b79dd0437bb-16x9-x0y283w2776h1562.jpg?imwidth=668&impolicy=pn_v3,Not Applicable,Driving Distraction,Traffic_Rules_0,0000006,data/processed_images/traffic/Traffic_Rules_0/0000006.jpg,0000006,
Traffic,https://images.perthnow.com.au/publication/C-18942408/b56f243642a9d85ad058b9eddf6d9b79dd0437bb-16x9-x0y283w2776h1562.jpg?imwidth=668&impolicy=pn_v3,Complied,Pedestrian Crossing,Traffic_Rules_0,0000006,data/processed_images/traffic/Traffic_Rules_0/0000006.jpg,0000006,
Traffic,https://images.perthnow.com.au/publication/C-18942408/b56f243642a9d85ad058b9eddf6d9b79dd0437bb-16x9-x0y283w2776h1562.jpg?imwidth=668&impolicy=pn_v3,Not Applicable,Road Condition,Traffic_Rules_0,0000006,data/processed_images/traffic/Traffic_Rules_0/0000006.jpg,0000006,
Traffic,https://images.perthnow.com.au/publication/C-18942408/b56f243642a9d85ad058b9eddf6d9b79dd0437bb-16x9-x0y283w2776h1562.jpg?imwidth=668&impolicy=pn_v3,Complied,Traffic Rules,Traffic_Rules_0,0000006,data/processed_images/traffic/Traffic_Rules_0/0000006.jpg,0000006,
Traffic,https://images.perthnow.com.au/publication/C-18942408/b56f243642a9d85ad058b9eddf6d9b79dd0437bb-16x9-x0y283w2776h1562.jpg?imwidth=668&impolicy=pn_v3,Complied,Vehicle Load,Traffic_Rules_0,0000006,data/processed_images/traffic/Traffic_Rules_0/0000006.jpg,0000006,
Traffic,https://www.travelandleisure.com/thmb/Q2RsMvQNGug4fX5IFuML-5coY5s=/1500x0/filters:no_upscale():max_bytes(150000):strip_icc()/TAL-crowds-WHENBRISBANE1124-9c0850cf61b74e0e96baf19a857524df.jpg,Not Applicable,Driving Distraction,Traffic_Rules_0,0000007,data/processed_images/traffic/Traffic_Rules_0/0000007.jpg,0000007,
Traffic,https://www.travelandleisure.com/thmb/Q2RsMvQNGug4fX5IFuML-5coY5s=/1500x0/filters:no_upscale():max_bytes(150000):strip_icc()/TAL-crowds-WHENBRISBANE1124-9c0850cf61b74e0e96baf19a857524df.jpg,Violated,Pedestrian Crossing,Traffic_Rules_0,0000007,data/processed_images/traffic/Traffic_Rules_0/0000007.jpg,0000007,
Traffic,https://www.travelandleisure.com/thmb/Q2RsMvQNGug4fX5IFuML-5coY5s=/1500x0/filters:no_upscale():max_bytes(150000):strip_icc()/TAL-crowds-WHENBRISBANE1124-9c0850cf61b74e0e96baf19a857524df.jpg,Complied,Road Condition,Traffic_Rules_0,0000007,data/processed_images/traffic/Traffic_Rules_0/0000007.jpg,0000007,
Traffic,https://www.travelandleisure.com/thmb/Q2RsMvQNGug4fX5IFuML-5coY5s=/1500x0/filters:no_upscale():max_bytes(150000):strip_icc()/TAL-crowds-WHENBRISBANE1124-9c0850cf61b74e0e96baf19a857524df.jpg,Complied,Traffic Rules,Traffic_Rules_0,0000007,data/processed_images/traffic/Traffic_Rules_0/0000007.jpg,0000007,
Traffic,https://www.travelandleisure.com/thmb/Q2RsMvQNGug4fX5IFuML-5coY5s=/1500x0/filters:no_upscale():max_bytes(150000):strip_icc()/TAL-crowds-WHENBRISBANE1124-9c0850cf61b74e0e96baf19a857524df.jpg,Not Applicable,Vehicle Load,Traffic_Rules_0,0000007,data/processed_images/traffic/Traffic_Rules_0/0000007.jpg,0000007,
Traffic,https://live.staticflickr.com/65535/50195648326_7c5cf49544.jpg,Not Applicable,Driving Distraction,Traffic_Rules_0,0000008,data/processed_images/traffic/Traffic_Rules_0/0000008.jpg,0000008,
Traffic,https://live.staticflickr.com/65535/50195648326_7c5cf49544.jpg,Not Applicable,Pedestrian Crossing,Traffic_Rules_0,0000008,data/processed_images/traffic/Traffic_Rules_0/0000008.jpg,0000008,
Traffic,https://live.staticflickr.com/65535/50195648326_7c5cf49544.jpg,Complied,Road Condition,Traffic_Rules_0,0000008,data/processed_images/traffic/Traffic_Rules_0/0000008.jpg,0000008,
Traffic,https://live.staticflickr.com/65535/50195648326_7c5cf49544.jpg,Complied,Traffic Rules,Traffic_Rules_0,0000008,data/processed_images/traffic/Traffic_Rules_0/0000008.jpg,0000008,
Traffic,https://live.staticflickr.com/65535/50195648326_7c5cf49544.jpg,Complied,Vehicle Load,Traffic_Rules_0,0000008,data/processed_images/traffic/Traffic_Rules_0/0000008.jpg,0000008,
Traffic,https://media.istockphoto.com/id/1474796515/photo/putting-on-safety-seatbelt.jpg?s=612x612&w=0&k=20&c=7El5OS_c-zabjcuWndVGMuMnThVPsw_LJ1Sy-1qUCsI=,Not Applicable,Driving Distraction,Traffic_Rules_0,0000009,data/processed_images/traffic/Traffic_Rules_0/0000009.jpg,0000009,
Traffic,https://media.istockphoto.com/id/1474796515/photo/putting-on-safety-seatbelt.jpg?s=612x612&w=0&k=20&c=7El5OS_c-zabjcuWndVGMuMnThVPsw_LJ1Sy-1qUCsI=,Not Applicable,Pedestrian Crossing,Traffic_Rules_0,0000009,data/processed_images/traffic/Traffic_Rules_0/0000009.jpg,0000009,
Traffic,https://media.istockphoto.com/id/1474796515/photo/putting-on-safety-seatbelt.jpg?s=612x612&w=0&k=20&c=7El5OS_c-zabjcuWndVGMuMnThVPsw_LJ1Sy-1qUCsI=,Not Applicable,Road Condition,Traffic_Rules_0,0000009,data/processed_images/traffic/Traffic_Rules_0/0000009.jpg,0000009,
Traffic,https://media.istockphoto.com/id/1474796515/photo/putting-on-safety-seatbelt.jpg?s=612x612&w=0&k=20&c=7El5OS_c-zabjcuWndVGMuMnThVPsw_LJ1Sy-1qUCsI=,Complied,Traffic Rules,Traffic_Rules_0,0000009,data/processed_images/traffic/Traffic_Rules_0/0000009.jpg,0000009,
Traffic,https://media.istockphoto.com/id/1474796515/photo/putting-on-safety-seatbelt.jpg?s=612x612&w=0&k=20&c=7El5OS_c-zabjcuWndVGMuMnThVPsw_LJ1Sy-1qUCsI=,Not Applicable,Vehicle Load,Traffic_Rules_0,0000009,data/processed_images/traffic/Traffic_Rules_0/0000009.jpg,0000009,
Traffic,https://media.istockphoto.com/id/877227118/photo/young-girl-is-fastening-her-seat-belt-in-a-rainy-day.jpg?s=612x612&w=0&k=20&c=hjB3M6HRJpa_Hv9L9t5zHu1N4NChm1mdrXBWUJbEpi4=,Not Applicable,Driving Distraction,Traffic_Rules_0,0000010,data/processed_images/traffic/Traffic_Rules_0/0000010.jpg,0000010,
Traffic,https://media.istockphoto.com/id/877227118/photo/young-girl-is-fastening-her-seat-belt-in-a-rainy-day.jpg?s=612x612&w=0&k=20&c=hjB3M6HRJpa_Hv9L9t5zHu1N4NChm1mdrXBWUJbEpi4=,Not Applicable,Pedestrian Crossing,Traffic_Rules_0,0000010,data/processed_images/traffic/Traffic_Rules_0/0000010.jpg,0000010,
Traffic,https://media.istockphoto.com/id/877227118/photo/young-girl-is-fastening-her-seat-belt-in-a-rainy-day.jpg?s=612x612&w=0&k=20&c=hjB3M6HRJpa_Hv9L9t5zHu1N4NChm1mdrXBWUJbEpi4=,Not Applicable,Road Condition,Traffic_Rules_0,0000010,data/processed_images/traffic/Traffic_Rules_0/0000010.jpg,0000010,
Traffic,https://media.istockphoto.com/id/877227118/photo/young-girl-is-fastening-her-seat-belt-in-a-rainy-day.jpg?s=612x612&w=0&k=20&c=hjB3M6HRJpa_Hv9L9t5zHu1N4NChm1mdrXBWUJbEpi4=,Complied,Traffic Rules,Traffic_Rules_0,0000010,data/processed_images/traffic/Traffic_Rules_0/0000010.jpg,0000010,
Traffic,https://media.istockphoto.com/id/877227118/photo/young-girl-is-fastening-her-seat-belt-in-a-rainy-day.jpg?s=612x612&w=0&k=20&c=hjB3M6HRJpa_Hv9L9t5zHu1N4NChm1mdrXBWUJbEpi4=,Not Applicable,Vehicle Load,Traffic_Rules_0,0000010,data/processed_images/traffic/Traffic_Rules_0/0000010.jpg,0000010,
Traffic,https://media.istockphoto.com/id/1854349596/photo/happy-african-american-family-enjoying-car-ride-together.jpg?s=612x612&w=0&k=20&c=0HcmeSgvHFdaeLNSmuacFGhJ1p3Pr5cgIe4ooS_YWy0=,Not Applicable,Driving Distraction,Traffic_Rules_0,0000011,data/processed_images/traffic/Traffic_Rules_0/0000011.jpg,0000011,
Traffic,https://media.istockphoto.com/id/1854349596/photo/happy-african-american-family-enjoying-car-ride-together.jpg?s=612x612&w=0&k=20&c=0HcmeSgvHFdaeLNSmuacFGhJ1p3Pr5cgIe4ooS_YWy0=,Not Applicable,Pedestrian Crossing,Traffic_Rules_0,0000011,data/processed_images/traffic/Traffic_Rules_0/0000011.jpg,0000011,
Traffic,https://media.istockphoto.com/id/1854349596/photo/happy-african-american-family-enjoying-car-ride-together.jpg?s=612x612&w=0&k=20&c=0HcmeSgvHFdaeLNSmuacFGhJ1p3Pr5cgIe4ooS_YWy0=,Not Applicable,Road Condition,Traffic_Rules_0,0000011,data/processed_images/traffic/Traffic_Rules_0/0000011.jpg,0000011,
Traffic,https://media.istockphoto.com/id/1854349596/photo/happy-african-american-family-enjoying-car-ride-together.jpg?s=612x612&w=0&k=20&c=0HcmeSgvHFdaeLNSmuacFGhJ1p3Pr5cgIe4ooS_YWy0=,Complied,Traffic Rules,Traffic_Rules_0,0000011,data/processed_images/traffic/Traffic_Rules_0/0000011.jpg,0000011,
Traffic,https://media.istockphoto.com/id/1854349596/photo/happy-african-american-family-enjoying-car-ride-together.jpg?s=612x612&w=0&k=20&c=0HcmeSgvHFdaeLNSmuacFGhJ1p3Pr5cgIe4ooS_YWy0=,Not Applicable,Vehicle Load,Traffic_Rules_0,0000011,data/processed_images/traffic/Traffic_Rules_0/0000011.jpg,0000011,
Traffic,https://media.istockphoto.com/id/1030960660/photo/mother-turns-around-to-her-children-on-the-back-seat-of-car.jpg?s=612x612&w=0&k=20&c=HSZB_HqQw2z6dnvlQmN_UA91pbwrepZufpYwOHM7Y1o=,Complied,Driving Distraction,Traffic_Rules_0,0000012,data/processed_images/traffic/Traffic_Rules_0/0000012.jpg,0000012,
Traffic,https://media.istockphoto.com/id/1030960660/photo/mother-turns-around-to-her-children-on-the-back-seat-of-car.jpg?s=612x612&w=0&k=20&c=HSZB_HqQw2z6dnvlQmN_UA91pbwrepZufpYwOHM7Y1o=,Not Applicable,Pedestrian Crossing,Traffic_Rules_0,0000012,data/processed_images/traffic/Traffic_Rules_0/0000012.jpg,0000012,
Traffic,https://media.istockphoto.com/id/1030960660/photo/mother-turns-around-to-her-children-on-the-back-seat-of-car.jpg?s=612x612&w=0&k=20&c=HSZB_HqQw2z6dnvlQmN_UA91pbwrepZufpYwOHM7Y1o=,Not Applicable,Road Condition,Traffic_Rules_0,0000012,data/processed_images/traffic/Traffic_Rules_0/0000012.jpg,0000012,
Traffic,https://media.istockphoto.com/id/1030960660/photo/mother-turns-around-to-her-children-on-the-back-seat-of-car.jpg?s=612x612&w=0&k=20&c=HSZB_HqQw2z6dnvlQmN_UA91pbwrepZufpYwOHM7Y1o=,Complied,Traffic Rules,Traffic_Rules_0,0000012,data/processed_images/traffic/Traffic_Rules_0/0000012.jpg,0000012,
Traffic,https://media.istockphoto.com/id/1030960660/photo/mother-turns-around-to-her-children-on-the-back-seat-of-car.jpg?s=612x612&w=0&k=20&c=HSZB_HqQw2z6dnvlQmN_UA91pbwrepZufpYwOHM7Y1o=,Not Applicable,Vehicle Load,Traffic_Rules_0,0000012,data/processed_images/traffic/Traffic_Rules_0/0000012.jpg,0000012,
Traffic,https://media.istockphoto.com/id/501774837/photo/family-driving-a-car.jpg?s=612x612&w=0&k=20&c=yVisAxobciSYGry8SMFMo-Kt6UzNwYwzwhQAk3MUOFw=,Complied,Driving Distraction,Traffic_Rules_0,0000013,data/processed_images/traffic/Traffic_Rules_0/0000013.jpg,0000013,
Traffic,https://media.istockphoto.com/id/501774837/photo/family-driving-a-car.jpg?s=612x612&w=0&k=20&c=yVisAxobciSYGry8SMFMo-Kt6UzNwYwzwhQAk3MUOFw=,Not Applicable,Pedestrian Crossing,Traffic_Rules_0,0000013,data/processed_images/traffic/Traffic_Rules_0/0000013.jpg,0000013,
Traffic,https://media.istockphoto.com/id/501774837/photo/family-driving-a-car.jpg?s=612x612&w=0&k=20&c=yVisAxobciSYGry8SMFMo-Kt6UzNwYwzwhQAk3MUOFw=,Not Applicable,Road Condition,Traffic_Rules_0,0000013,data/processed_images/traffic/Traffic_Rules_0/0000013.jpg,0000013,
Traffic,https://media.istockphoto.com/id/501774837/photo/family-driving-a-car.jpg?s=612x612&w=0&k=20&c=yVisAxobciSYGry8SMFMo-Kt6UzNwYwzwhQAk3MUOFw=,Complied,Traffic Rules,Traffic_Rules_0,0000013,data/processed_images/traffic/Traffic_Rules_0/0000013.jpg,0000013,
Traffic,https://media.istockphoto.com/id/501774837/photo/family-driving-a-car.jpg?s=612x612&w=0&k=20&c=yVisAxobciSYGry8SMFMo-Kt6UzNwYwzwhQAk3MUOFw=,Not Applicable,Vehicle Load,Traffic_Rules_0,0000013,data/processed_images/traffic/Traffic_Rules_0/0000013.jpg,0000013,
Traffic,https://media.istockphoto.com/id/513106144/photo/traffic-on-highway-with-cars.jpg?s=612x612&w=0&k=20&c=dXm6BH6TnIHFu202PlQJNdM12lZQBt11Tkbqx85rHdQ=,Not Applicable,Driving Distraction,Traffic_Rules_0,0000014,data/processed_images/traffic/Traffic_Rules_0/0000014.jpg,0000014,
Traffic,https://media.istockphoto.com/id/513106144/photo/traffic-on-highway-with-cars.jpg?s=612x612&w=0&k=20&c=dXm6BH6TnIHFu202PlQJNdM12lZQBt11Tkbqx85rHdQ=,Not Applicable,Pedestrian Crossing,Traffic_Rules_0,0000014,data/processed_images/traffic/Traffic_Rules_0/0000014.jpg,0000014,
Traffic,https://media.istockphoto.com/id/513106144/photo/traffic-on-highway-with-cars.jpg?s=612x612&w=0&k=20&c=dXm6BH6TnIHFu202PlQJNdM12lZQBt11Tkbqx85rHdQ=,Complied,Road Condition,Traffic_Rules_0,0000014,data/processed_images/traffic/Traffic_Rules_0/0000014.jpg,0000014,
Traffic,https://media.istockphoto.com/id/513106144/photo/traffic-on-highway-with-cars.jpg?s=612x612&w=0&k=20&c=dXm6BH6TnIHFu202PlQJNdM12lZQBt11Tkbqx85rHdQ=,Complied,Traffic Rules,Traffic_Rules_0,0000014,data/processed_images/traffic/Traffic_Rules_0/0000014.jpg,0000014,
Traffic,https://media.istockphoto.com/id/513106144/photo/traffic-on-highway-with-cars.jpg?s=612x612&w=0&k=20&c=dXm6BH6TnIHFu202PlQJNdM12lZQBt11Tkbqx85rHdQ=,Complied,Vehicle Load,Traffic_Rules_0,0000014,data/processed_images/traffic/Traffic_Rules_0/0000014.jpg,0000014,
Traffic,https://media.istockphoto.com/id/510399253/photo/busy-highway.jpg?s=612x612&w=0&k=20&c=ex27rahrcjx2ZDB5qJgSKgTPqEzx6IBTeRhg75aGrz4=,Not Applicable,Driving Distraction,Traffic_Rules_0,0000015,data/processed_images/traffic/Traffic_Rules_0/0000015.jpg,0000015,
Traffic,https://media.istockphoto.com/id/510399253/photo/busy-highway.jpg?s=612x612&w=0&k=20&c=ex27rahrcjx2ZDB5qJgSKgTPqEzx6IBTeRhg75aGrz4=,Not Applicable,Pedestrian Crossing,Traffic_Rules_0,0000015,data/processed_images/traffic/Traffic_Rules_0/0000015.jpg,0000015,
Traffic,https://media.istockphoto.com/id/510399253/photo/busy-highway.jpg?s=612x612&w=0&k=20&c=ex27rahrcjx2ZDB5qJgSKgTPqEzx6IBTeRhg75aGrz4=,Complied,Road Condition,Traffic_Rules_0,0000015,data/processed_images/traffic/Traffic_Rules_0/0000015.jpg,0000015,
Traffic,https://media.istockphoto.com/id/510399253/photo/busy-highway.jpg?s=612x612&w=0&k=20&c=ex27rahrcjx2ZDB5qJgSKgTPqEzx6IBTeRhg75aGrz4=,Complied,Traffic Rules,Traffic_Rules_0,0000015,data/processed_images/traffic/Traffic_Rules_0/0000015.jpg,0000015,
Traffic,https://media.istockphoto.com/id/510399253/photo/busy-highway.jpg?s=612x612&w=0&k=20&c=ex27rahrcjx2ZDB5qJgSKgTPqEzx6IBTeRhg75aGrz4=,Complied,Vehicle Load,Traffic_Rules_0,0000015,data/processed_images/traffic/Traffic_Rules_0/0000015.jpg,0000015,
Traffic,https://media.istockphoto.com/id/173606170/photo/cars-and-winter.jpg?s=612x612&w=0&k=20&c=Kx1FFqI9phN87xW6hcSX0WLeZyTqn3bCQdr-Jccyec8=,Not Applicable,Driving Distraction,Traffic_Rules_0,0000016,data/processed_images/traffic/Traffic_Rules_0/0000016.jpg,0000016,
Traffic,https://media.istockphoto.com/id/173606170/photo/cars-and-winter.jpg?s=612x612&w=0&k=20&c=Kx1FFqI9phN87xW6hcSX0WLeZyTqn3bCQdr-Jccyec8=,Not Applicable,Pedestrian Crossing,Traffic_Rules_0,0000016,data/processed_images/traffic/Traffic_Rules_0/0000016.jpg,0000016,
Traffic,https://media.istockphoto.com/id/173606170/photo/cars-and-winter.jpg?s=612x612&w=0&k=20&c=Kx1FFqI9phN87xW6hcSX0WLeZyTqn3bCQdr-Jccyec8=,Not Applicable,Road Condition,Traffic_Rules_0,0000016,data/processed_images/traffic/Traffic_Rules_0/0000016.jpg,0000016,
Traffic,https://media.istockphoto.com/id/173606170/photo/cars-and-winter.jpg?s=612x612&w=0&k=20&c=Kx1FFqI9phN87xW6hcSX0WLeZyTqn3bCQdr-Jccyec8=,Complied,Traffic Rules,Traffic_Rules_0,0000016,data/processed_images/traffic/Traffic_Rules_0/0000016.jpg,0000016,
Traffic,https://media.istockphoto.com/id/173606170/photo/cars-and-winter.jpg?s=612x612&w=0&k=20&c=Kx1FFqI9phN87xW6hcSX0WLeZyTqn3bCQdr-Jccyec8=,Complied,Vehicle Load,Traffic_Rules_0,0000016,data/processed_images/traffic/Traffic_Rules_0/0000016.jpg,0000016,
Traffic,https://images.unsplash.com/photo-1613642190115-ff38824cb2e2?w=500&auto=format&fit=crop&q=60&ixlib=rb-4.1.0&ixid=M3wxMjA3fDB8MHxzZWFyY2h8Mnx8Y2FyJTIwYXQlMjByZWQlMjBsaWdodHxlbnwwfHwwfHx8MA%3D%3D,Not Applicable,Driving Distraction,Traffic_Rules_0,0000017,data/processed_images/traffic/Traffic_Rules_0/0000017.jpg,0000017,
Traffic,https://images.unsplash.com/photo-1613642190115-ff38824cb2e2?w=500&auto=format&fit=crop&q=60&ixlib=rb-4.1.0&ixid=M3wxMjA3fDB8MHxzZWFyY2h8Mnx8Y2FyJTIwYXQlMjByZWQlMjBsaWdodHxlbnwwfHwwfHx8MA%3D%3D,Not Applicable,Pedestrian Crossing,Traffic_Rules_0,0000017,data/processed_images/traffic/Traffic_Rules_0/0000017.jpg,0000017,
Traffic,https://images.unsplash.com/photo-1613642190115-ff38824cb2e2?w=500&auto=format&fit=crop&q=60&ixlib=rb-4.1.0&ixid=M3wxMjA3fDB8MHxzZWFyY2h8Mnx8Y2FyJTIwYXQlMjByZWQlMjBsaWdodHxlbnwwfHwwfHx8MA%3D%3D,Not Applicable,Road Condition,Traffic_Rules_0,0000017,data/processed_images/traffic/Traffic_Rules_0/0000017.jpg,0000017,
Traffic,https://images.unsplash.com/photo-1613642190115-ff38824cb2e2?w=500&auto=format&fit=crop&q=60&ixlib=rb-4.1.0&ixid=M3wxMjA3fDB8MHxzZWFyY2h8Mnx8Y2FyJTIwYXQlMjByZWQlMjBsaWdodHxlbnwwfHwwfHx8MA%3D%3D,Complied,Traffic Rules,Traffic_Rules_0,0000017,data/processed_images/traffic/Traffic_Rules_0/0000017.jpg,0000017,
Traffic,https://images.unsplash.com/photo-1613642190115-ff38824cb2e2?w=500&auto=format&fit=crop&q=60&ixlib=rb-4.1.0&ixid=M3wxMjA3fDB8MHxzZWFyY2h8Mnx8Y2FyJTIwYXQlMjByZWQlMjBsaWdodHxlbnwwfHwwfHx8MA%3D%3D,Complied,Vehicle Load,Traffic_Rules_0,0000017,data/processed_images/traffic/Traffic_Rules_0/0000017.jpg,0000017,
Traffic,https://images.unsplash.com/photo-1664391810644-6331d6780ea1?w=500&auto=format&fit=crop&q=60&ixlib=rb-4.1.0&ixid=M3wxMjA3fDB8MHxzZWFyY2h8MTR8fGNhciUyMGF0JTIwcmVkJTIwbGlnaHR8ZW58MHx8MHx8fDA%3D,Not Applicable,Driving Distraction,Traffic_Rules_0,0000018,data/processed_images/traffic/Traffic_Rules_0/0000018.jpg,0000018,
Traffic,https://images.unsplash.com/photo-1664391810644-6331d6780ea1?w=500&auto=format&fit=crop&q=60&ixlib=rb-4.1.0&ixid=M3wxMjA3fDB8MHxzZWFyY2h8MTR8fGNhciUyMGF0JTIwcmVkJTIwbGlnaHR8ZW58MHx8MHx8fDA%3D,Not Applicable,Pedestrian Crossing,Traffic_Rules_0,0000018,data/processed_images/traffic/Traffic_Rules_0/0000018.jpg,0000018,
Traffic,https://images.unsplash.com/photo-1664391810644-6331d6780ea1?w=500&auto=format&fit=crop&q=60&ixlib=rb-4.1.0&ixid=M3wxMjA3fDB8MHxzZWFyY2h8MTR8fGNhciUyMGF0JTIwcmVkJTIwbGlnaHR8ZW58MHx8MHx8fDA%3D,Complied,Road Condition,Traffic_Rules_0,0000018,data/processed_images/traffic/Traffic_Rules_0/0000018.jpg,0000018,
Traffic,https://images.unsplash.com/photo-1664391810644-6331d6780ea1?w=500&auto=format&fit=crop&q=60&ixlib=rb-4.1.0&ixid=M3wxMjA3fDB8MHxzZWFyY2h8MTR8fGNhciUyMGF0JTIwcmVkJTIwbGlnaHR8ZW58MHx8MHx8fDA%3D,Complied,Traffic Rules,Traffic_Rules_0,0000018,data/processed_images/traffic/Traffic_Rules_0/0000018.jpg,0000018,
Traffic,https://images.unsplash.com/photo-1664391810644-6331d6780ea1?w=500&auto=format&fit=crop&q=60&ixlib=rb-4.1.0&ixid=M3wxMjA3fDB8MHxzZWFyY2h8MTR8fGNhciUyMGF0JTIwcmVkJTIwbGlnaHR8ZW58MHx8MHx8fDA%3D,Complied,Vehicle Load,Traffic_Rules_0,0000018,data/processed_images/traffic/Traffic_Rules_0/0000018.jpg,0000018,
Traffic,https://images.unsplash.com/photo-1689049844247-667754e34cda?w=500&auto=format&fit=crop&q=60&ixlib=rb-4.1.0&ixid=M3wxMjA3fDB8MHxzZWFyY2h8MTV8fGNhciUyMGF0JTIwcmVkJTIwbGlnaHR8ZW58MHx8MHx8fDA%3D,Not Applicable,Driving Distraction,Traffic_Rules_0,0000019,data/processed_images/traffic/Traffic_Rules_0/0000019.jpg,0000019,
Traffic,https://images.unsplash.com/photo-1689049844247-667754e34cda?w=500&auto=format&fit=crop&q=60&ixlib=rb-4.1.0&ixid=M3wxMjA3fDB8MHxzZWFyY2h8MTV8fGNhciUyMGF0JTIwcmVkJTIwbGlnaHR8ZW58MHx8MHx8fDA%3D,Not Applicable,Pedestrian Crossing,Traffic_Rules_0,0000019,data/processed_images/traffic/Traffic_Rules_0/0000019.jpg,0000019,
Traffic,https://images.unsplash.com/photo-1689049844247-667754e34cda?w=500&auto=format&fit=crop&q=60&ixlib=rb-4.1.0&ixid=M3wxMjA3fDB8MHxzZWFyY2h8MTV8fGNhciUyMGF0JTIwcmVkJTIwbGlnaHR8ZW58MHx8MHx8fDA%3D,Complied,Road Condition,Traffic_Rules_0,0000019,data/processed_images/traffic/Traffic_Rules_0/0000019.jpg,0000019,
Traffic,https://images.unsplash.com/photo-1689049844247-667754e34cda?w=500&auto=format&fit=crop&q=60&ixlib=rb-4.1.0&ixid=M3wxMjA3fDB8MHxzZWFyY2h8MTV8fGNhciUyMGF0JTIwcmVkJTIwbGlnaHR8ZW58MHx8MHx8fDA%3D,Complied,Traffic Rules,Traffic_Rules_0,0000019,data/processed_images/traffic/Traffic_Rules_0/0000019.jpg,0000019,
Traffic,https://images.unsplash.com/photo-1689049844247-667754e34cda?w=500&auto=format&fit=crop&q=60&ixlib=rb-4.1.0&ixid=M3wxMjA3fDB8MHxzZWFyY2h8MTV8fGNhciUyMGF0JTIwcmVkJTIwbGlnaHR8ZW58MHx8MHx8fDA%3D,Not Applicable,Vehicle Load,Traffic_Rules_0,0000019,data/processed_images/traffic/Traffic_Rules_0/0000019.jpg,0000019,
Traffic,https://images.unsplash.com/photo-1598735961233-dbb3b204ba78?w=500&auto=format&fit=crop&q=60&ixlib=rb-4.1.0&ixid=M3wxMjA3fDB8MHxzZWFyY2h8MTh8fGNhciUyMGF0JTIwcmVkJTIwbGlnaHR8ZW58MHx8MHx8fDA%3D,Not Applicable,Driving Distraction,Traffic_Rules_0,0000020,data/processed_images/traffic/Traffic_Rules_0/0000020.jpg,0000020,
Traffic,https://images.unsplash.com/photo-1598735961233-dbb3b204ba78?w=500&auto=format&fit=crop&q=60&ixlib=rb-4.1.0&ixid=M3wxMjA3fDB8MHxzZWFyY2h8MTh8fGNhciUyMGF0JTIwcmVkJTIwbGlnaHR8ZW58MHx8MHx8fDA%3D,Not Applicable,Pedestrian Crossing,Traffic_Rules_0,0000020,data/processed_images/traffic/Traffic_Rules_0/0000020.jpg,0000020,
Traffic,https://images.unsplash.com/photo-1598735961233-dbb3b204ba78?w=500&auto=format&fit=crop&q=60&ixlib=rb-4.1.0&ixid=M3wxMjA3fDB8MHxzZWFyY2h8MTh8fGNhciUyMGF0JTIwcmVkJTIwbGlnaHR8ZW58MHx8MHx8fDA%3D,Complied,Road Condition,Traffic_Rules_0,0000020,data/processed_images/traffic/Traffic_Rules_0/0000020.jpg,0000020,
Traffic,https://images.unsplash.com/photo-1598735961233-dbb3b204ba78?w=500&auto=format&fit=crop&q=60&ixlib=rb-4.1.0&ixid=M3wxMjA3fDB8MHxzZWFyY2h8MTh8fGNhciUyMGF0JTIwcmVkJTIwbGlnaHR8ZW58MHx8MHx8fDA%3D,Complied,Traffic Rules,Traffic_Rules_0,0000020,data/processed_images/traffic/Traffic_Rules_0/0000020.jpg,0000020,
Traffic,https://images.unsplash.com/photo-1598735961233-dbb3b204ba78?w=500&auto=format&fit=crop&q=60&ixlib=rb-4.1.0&ixid=M3wxMjA3fDB8MHxzZWFyY2h8MTh8fGNhciUyMGF0JTIwcmVkJTIwbGlnaHR8ZW58MHx8MHx8fDA%3D,Complied,Vehicle Load,Traffic_Rules_0,0000020,data/processed_images/traffic/Traffic_Rules_0/0000020.jpg,0000020,
Traffic,https://images.unsplash.com/photo-1613650427984-be2f16df8075?w=500&auto=format&fit=crop&q=60&ixlib=rb-4.1.0&ixid=M3wxMjA3fDB8MHxwaG90by1yZWxhdGVkfDF8fHxlbnwwfHx8fHw%3D,Not Applicable,Driving Distraction,Traffic_Rules_0,0000021,data/processed_images/traffic/Traffic_Rules_0/0000021.jpg,0000021,
Traffic,https://images.unsplash.com/photo-1613650427984-be2f16df8075?w=500&auto=format&fit=crop&q=60&ixlib=rb-4.1.0&ixid=M3wxMjA3fDB8MHxwaG90by1yZWxhdGVkfDF8fHxlbnwwfHx8fHw%3D,Not Applicable,Pedestrian Crossing,Traffic_Rules_0,0000021,data/processed_images/traffic/Traffic_Rules_0/0000021.jpg,0000021,
Traffic,https://images.unsplash.com/photo-1613650427984-be2f16df8075?w=500&auto=format&fit=crop&q=60&ixlib=rb-4.1.0&ixid=M3wxMjA3fDB8MHxwaG90by1yZWxhdGVkfDF8fHxlbnwwfHx8fHw%3D,Complied,Road Condition,Traffic_Rules_0,0000021,data/processed_images/traffic/Traffic_Rules_0/0000021.jpg,0000021,
Traffic,https://images.unsplash.com/photo-1613650427984-be2f16df8075?w=500&auto=format&fit=crop&q=60&ixlib=rb-4.1.0&ixid=M3wxMjA3fDB8MHxwaG90by1yZWxhdGVkfDF8fHxlbnwwfHx8fHw%3D,Complied,Traffic Rules,Traffic_Rules_0,0000021,data/processed_images/traffic/Traffic_Rules_0/0000021.jpg,0000021,
Traffic,https://images.unsplash.com/photo-1613650427984-be2f16df8075?w=500&auto=format&fit=crop&q=60&ixlib=rb-4.1.0&ixid=M3wxMjA3fDB8MHxwaG90by1yZWxhdGVkfDF8fHxlbnwwfHx8fHw%3D,Complied,Vehicle Load,Traffic_Rules_0,0000021,data/processed_images/traffic/Traffic_Rules_0/0000021.jpg,0000021,
Traffic,https://images.unsplash.com/photo-1707179174362-2c951c1ea8d0?w=500&auto=format&fit=crop&q=60&ixlib=rb-4.1.0&ixid=M3wxMjA3fDB8MHxzZWFyY2h8MjZ8fGNhciUyMGF0JTIwcmVkJTIwbGlnaHR8ZW58MHx8MHx8fDA%3D,Not Applicable,Driving Distraction,Traffic_Rules_0,0000022,data/processed_images/traffic/Traffic_Rules_0/0000022.jpg,0000022,
Traffic,https://images.unsplash.com/photo-1707179174362-2c951c1ea8d0?w=500&auto=format&fit=crop&q=60&ixlib=rb-4.1.0&ixid=M3wxMjA3fDB8MHxzZWFyY2h8MjZ8fGNhciUyMGF0JTIwcmVkJTIwbGlnaHR8ZW58MHx8MHx8fDA%3D,Not Applicable,Pedestrian Crossing,Traffic_Rules_0,0000022,data/processed_images/traffic/Traffic_Rules_0/0000022.jpg,0000022,
Traffic,https://images.unsplash.com/photo-1707179174362-2c951c1ea8d0?w=500&auto=format&fit=crop&q=60&ixlib=rb-4.1.0&ixid=M3wxMjA3fDB8MHxzZWFyY2h8MjZ8fGNhciUyMGF0JTIwcmVkJTIwbGlnaHR8ZW58MHx8MHx8fDA%3D,Not Applicable,Road Condition,Traffic_Rules_0,0000022,data/processed_images/traffic/Traffic_Rules_0/0000022.jpg,0000022,
Traffic,https://images.unsplash.com/photo-1707179174362-2c951c1ea8d0?w=500&auto=format&fit=crop&q=60&ixlib=rb-4.1.0&ixid=M3wxMjA3fDB8MHxzZWFyY2h8MjZ8fGNhciUyMGF0JTIwcmVkJTIwbGlnaHR8ZW58MHx8MHx8fDA%3D,Complied,Traffic Rules,Traffic_Rules_0,0000022,data/processed_images/traffic/Traffic_Rules_0/0000022.jpg,0000022,
Traffic,https://images.unsplash.com/photo-1707179174362-2c951c1ea8d0?w=500&auto=format&fit=crop&q=60&ixlib=rb-4.1.0&ixid=M3wxMjA3fDB8MHxzZWFyY2h8MjZ8fGNhciUyMGF0JTIwcmVkJTIwbGlnaHR8ZW58MHx8MHx8fDA%3D,Not Applicable,Vehicle Load,Traffic_Rules_0,0000022,data/processed_images/traffic/Traffic_Rules_0/0000022.jpg,0000022,
Traffic,https://images.unsplash.com/photo-1699447089563-7ca8dcc7cf93?w=500&auto=format&fit=crop&q=60&ixlib=rb-4.1.0&ixid=M3wxMjA3fDB8MHxzZWFyY2h8NDB8fGNhciUyMGF0JTIwcmVkJTIwbGlnaHR8ZW58MHx8MHx8fDA%3D,Not Applicable,Driving Distraction,Traffic_Rules_0,0000023,data/processed_images/traffic/Traffic_Rules_0/0000023.jpg,0000023,
Traffic,https://images.unsplash.com/photo-1699447089563-7ca8dcc7cf93?w=500&auto=format&fit=crop&q=60&ixlib=rb-4.1.0&ixid=M3wxMjA3fDB8MHxzZWFyY2h8NDB8fGNhciUyMGF0JTIwcmVkJTIwbGlnaHR8ZW58MHx8MHx8fDA%3D,Not Applicable,Pedestrian Crossing,Traffic_Rules_0,0000023,data/processed_images/traffic/Traffic_Rules_0/0000023.jpg,0000023,
Traffic,https://images.unsplash.com/photo-1699447089563-7ca8dcc7cf93?w=500&auto=format&fit=crop&q=60&ixlib=rb-4.1.0&ixid=M3wxMjA3fDB8MHxzZWFyY2h8NDB8fGNhciUyMGF0JTIwcmVkJTIwbGlnaHR8ZW58MHx8MHx8fDA%3D,Complied,Road Condition,Traffic_Rules_0,0000023,data/processed_images/traffic/Traffic_Rules_0/0000023.jpg,0000023,
Traffic,https://images.unsplash.com/photo-1699447089563-7ca8dcc7cf93?w=500&auto=format&fit=crop&q=60&ixlib=rb-4.1.0&ixid=M3wxMjA3fDB8MHxzZWFyY2h8NDB8fGNhciUyMGF0JTIwcmVkJTIwbGlnaHR8ZW58MHx8MHx8fDA%3D,Complied,Traffic Rules,Traffic_Rules_0,0000023,data/processed_images/traffic/Traffic_Rules_0/0000023.jpg,0000023,
Traffic,https://images.unsplash.com/photo-1699447089563-7ca8dcc7cf93?w=500&auto=format&fit=crop&q=60&ixlib=rb-4.1.0&ixid=M3wxMjA3fDB8MHxzZWFyY2h8NDB8fGNhciUyMGF0JTIwcmVkJTIwbGlnaHR8ZW58MHx8MHx8fDA%3D,Complied,Vehicle Load,Traffic_Rules_0,0000023,data/processed_images/traffic/Traffic_Rules_0/0000023.jpg,0000023,
Traffic,https://images.unsplash.com/photo-1574868923023-e0cb604ad557?w=500&auto=format&fit=crop&q=60&ixlib=rb-4.1.0&ixid=M3wxMjA3fDB8MHxwaG90by1yZWxhdGVkfDl8fHxlbnwwfHx8fHw%3D,Not Applicable,Driving Distraction,Traffic_Rules_0,0000024,data/processed_images/traffic/Traffic_Rules_0/0000024.jpg,0000024,
Traffic,https://images.unsplash.com/photo-1574868923023-e0cb604ad557?w=500&auto=format&fit=crop&q=60&ixlib=rb-4.1.0&ixid=M3wxMjA3fDB8MHxwaG90by1yZWxhdGVkfDl8fHxlbnwwfHx8fHw%3D,Complied,Pedestrian Crossing,Traffic_Rules_0,0000024,data/processed_images/traffic/Traffic_Rules_0/0000024.jpg,0000024,
Traffic,https://images.unsplash.com/photo-1574868923023-e0cb604ad557?w=500&auto=format&fit=crop&q=60&ixlib=rb-4.1.0&ixid=M3wxMjA3fDB8MHxwaG90by1yZWxhdGVkfDl8fHxlbnwwfHx8fHw%3D,Complied,Road Condition,Traffic_Rules_0,0000024,data/processed_images/traffic/Traffic_Rules_0/0000024.jpg,0000024,
Traffic,https://images.unsplash.com/photo-1574868923023-e0cb604ad557?w=500&auto=format&fit=crop&q=60&ixlib=rb-4.1.0&ixid=M3wxMjA3fDB8MHxwaG90by1yZWxhdGVkfDl8fHxlbnwwfHx8fHw%3D,Complied,Traffic Rules,Traffic_Rules_0,0000024,data/processed_images/traffic/Traffic_Rules_0/0000024.jpg,0000024,
Traffic,https://images.unsplash.com/photo-1574868923023-e0cb604ad557?w=500&auto=format&fit=crop&q=60&ixlib=rb-4.1.0&ixid=M3wxMjA3fDB8MHxwaG90by1yZWxhdGVkfDl8fHxlbnwwfHx8fHw%3D,Complied,Vehicle Load,Traffic_Rules_0,0000024,data/processed_images/traffic/Traffic_Rules_0/0000024.jpg,0000024,
Traffic,https://images.unsplash.com/photo-1573584681653-f78b856e9521?w=500&auto=format&fit=crop&q=60&ixlib=rb-4.1.0&ixid=M3wxMjA3fDB8MHxwaG90by1yZWxhdGVkfDEzfHx8ZW58MHx8fHx8,Not Applicable,Driving Distraction,Traffic_Rules_0,0000025,data/processed_images/traffic/Traffic_Rules_0/0000025.jpg,0000025,
Traffic,https://images.unsplash.com/photo-1573584681653-f78b856e9521?w=500&auto=format&fit=crop&q=60&ixlib=rb-4.1.0&ixid=M3wxMjA3fDB8MHxwaG90by1yZWxhdGVkfDEzfHx8ZW58MHx8fHx8,Not Applicable,Pedestrian Crossing,Traffic_Rules_0,0000025,data/processed_images/traffic/Traffic_Rules_0/0000025.jpg,0000025,
Traffic,https://images.unsplash.com/photo-1573584681653-f78b856e9521?w=500&auto=format&fit=crop&q=60&ixlib=rb-4.1.0&ixid=M3wxMjA3fDB8MHxwaG90by1yZWxhdGVkfDEzfHx8ZW58MHx8fHx8,Complied,Road Condition,Traffic_Rules_0,0000025,data/processed_images/traffic/Traffic_Rules_0/0000025.jpg,0000025,
Traffic,https://images.unsplash.com/photo-1573584681653-f78b856e9521?w=500&auto=format&fit=crop&q=60&ixlib=rb-4.1.0&ixid=M3wxMjA3fDB8MHxwaG90by1yZWxhdGVkfDEzfHx8ZW58MHx8fHx8,Complied,Traffic Rules,Traffic_Rules_0,0000025,data/processed_images/traffic/Traffic_Rules_0/0000025.jpg,0000025,
Traffic,https://images.unsplash.com/photo-1573584681653-f78b856e9521?w=500&auto=format&fit=crop&q=60&ixlib=rb-4.1.0&ixid=M3wxMjA3fDB8MHxwaG90by1yZWxhdGVkfDEzfHx8ZW58MHx8fHx8,Complied,Vehicle Load,Traffic_Rules_0,0000025,data/processed_images/traffic/Traffic_Rules_0/0000025.jpg,0000025,
Traffic,https://media.istockphoto.com/id/857615658/photo/city-traffic-detroit-michigan.jpg?s=612x612&w=0&k=20&c=SQQzgvaB_encu2adj2Uge5pMAGKlA8A1th1KaUTPJNw=,Not Applicable,Driving Distraction,Traffic_Rules_0,0000026,data/processed_images/traffic/Traffic_Rules_0/0000026.jpg,0000026,
Traffic,https://media.istockphoto.com/id/857615658/photo/city-traffic-detroit-michigan.jpg?s=612x612&w=0&k=20&c=SQQzgvaB_encu2adj2Uge5pMAGKlA8A1th1KaUTPJNw=,Not Applicable,Pedestrian Crossing,Traffic_Rules_0,0000026,data/processed_images/traffic/Traffic_Rules_0/0000026.jpg,0000026,
Traffic,https://media.istockphoto.com/id/857615658/photo/city-traffic-detroit-michigan.jpg?s=612x612&w=0&k=20&c=SQQzgvaB_encu2adj2Uge5pMAGKlA8A1th1KaUTPJNw=,Not Applicable,Road Condition,Traffic_Rules_0,0000026,data/processed_images/traffic/Traffic_Rules_0/0000026.jpg,0000026,
Traffic,https://media.istockphoto.com/id/857615658/photo/city-traffic-detroit-michigan.jpg?s=612x612&w=0&k=20&c=SQQzgvaB_encu2adj2Uge5pMAGKlA8A1th1KaUTPJNw=,Complied,Traffic Rules,Traffic_Rules_0,0000026,data/processed_images/traffic/Traffic_Rules_0/0000026.jpg,0000026,
Traffic,https://media.istockphoto.com/id/857615658/photo/city-traffic-detroit-michigan.jpg?s=612x612&w=0&k=20&c=SQQzgvaB_encu2adj2Uge5pMAGKlA8A1th1KaUTPJNw=,Complied,Vehicle Load,Traffic_Rules_0,0000026,data/processed_images/traffic/Traffic_Rules_0/0000026.jpg,0000026,
Traffic,https://media.istockphoto.com/id/690733780/photo/atlanta-skyline.jpg?s=612x612&w=0&k=20&c=uFXzquNTl0noJH3clH6cYe3uzALjbqQHbRoqeGHAuCU=,Not Applicable,Driving Distraction,Traffic_Rules_0,0000027,data/processed_images/traffic/Traffic_Rules_0/0000027.jpg,0000027,
Traffic,https://media.istockphoto.com/id/690733780/photo/atlanta-skyline.jpg?s=612x612&w=0&k=20&c=uFXzquNTl0noJH3clH6cYe3uzALjbqQHbRoqeGHAuCU=,Not Applicable,Pedestrian Crossing,Traffic_Rules_0,0000027,data/processed_images/traffic/Traffic_Rules_0/0000027.jpg,0000027,
Traffic,https://media.istockphoto.com/id/690733780/photo/atlanta-skyline.jpg?s=612x612&w=0&k=20&c=uFXzquNTl0noJH3clH6cYe3uzALjbqQHbRoqeGHAuCU=,Complied,Road Condition,Traffic_Rules_0,0000027,data/processed_images/traffic/Traffic_Rules_0/0000027.jpg,0000027,
Traffic,https://media.istockphoto.com/id/690733780/photo/atlanta-skyline.jpg?s=612x612&w=0&k=20&c=uFXzquNTl0noJH3clH6cYe3uzALjbqQHbRoqeGHAuCU=,Complied,Traffic Rules,Traffic_Rules_0,0000027,data/processed_images/traffic/Traffic_Rules_0/0000027.jpg,0000027,
Traffic,https://media.istockphoto.com/id/690733780/photo/atlanta-skyline.jpg?s=612x612&w=0&k=20&c=uFXzquNTl0noJH3clH6cYe3uzALjbqQHbRoqeGHAuCU=,Not Applicable,Vehicle Load,Traffic_Rules_0,0000027,data/processed_images/traffic/Traffic_Rules_0/0000027.jpg,0000027,
Traffic,https://media.istockphoto.com/id/1045979216/photo/cars-moving-on-the-road-in-city-in-late-evening.jpg?s=612x612&w=0&k=20&c=hFfW7WzeeR3X7FTmwkZ0u4_bBzRK1iJcZwisOgdJB3M=,Not Applicable,Driving Distraction,Traffic_Rules_0,0000028,data/processed_images/traffic/Traffic_Rules_0/0000028.jpg,0000028,
Traffic,https://media.istockphoto.com/id/1045979216/photo/cars-moving-on-the-road-in-city-in-late-evening.jpg?s=612x612&w=0&k=20&c=hFfW7WzeeR3X7FTmwkZ0u4_bBzRK1iJcZwisOgdJB3M=,Not Applicable,Pedestrian Crossing,Traffic_Rules_0,0000028,data/processed_images/traffic/Traffic_Rules_0/0000028.jpg,0000028,
Traffic,https://media.istockphoto.com/id/1045979216/photo/cars-moving-on-the-road-in-city-in-late-evening.jpg?s=612x612&w=0&k=20&c=hFfW7WzeeR3X7FTmwkZ0u4_bBzRK1iJcZwisOgdJB3M=,Not Applicable,Road Condition,Traffic_Rules_0,0000028,data/processed_images/traffic/Traffic_Rules_0/0000028.jpg,0000028,
Traffic,https://media.istockphoto.com/id/1045979216/photo/cars-moving-on-the-road-in-city-in-late-evening.jpg?s=612x612&w=0&k=20&c=hFfW7WzeeR3X7FTmwkZ0u4_bBzRK1iJcZwisOgdJB3M=,Complied,Traffic Rules,Traffic_Rules_0,0000028,data/processed_images/traffic/Traffic_Rules_0/0000028.jpg,0000028,
Traffic,https://media.istockphoto.com/id/1045979216/photo/cars-moving-on-the-road-in-city-in-late-evening.jpg?s=612x612&w=0&k=20&c=hFfW7WzeeR3X7FTmwkZ0u4_bBzRK1iJcZwisOgdJB3M=,Complied,Vehicle Load,Traffic_Rules_0,0000028,data/processed_images/traffic/Traffic_Rules_0/0000028.jpg,0000028,
Traffic,https://media.istockphoto.com/id/483375405/photo/car-at-red-light.jpg?s=612x612&w=0&k=20&c=I2exUhQ61vG1-UEzPNxwxF3kimkRrM2phiy2DBUEUqs=,Not Applicable,Driving Distraction,Traffic_Rules_0,0000029,data/processed_images/traffic/Traffic_Rules_0/0000029.jpg,0000029,
Traffic,https://media.istockphoto.com/id/483375405/photo/car-at-red-light.jpg?s=612x612&w=0&k=20&c=I2exUhQ61vG1-UEzPNxwxF3kimkRrM2phiy2DBUEUqs=,Not Applicable,Pedestrian Crossing,Traffic_Rules_0,0000029,data/processed_images/traffic/Traffic_Rules_0/0000029.jpg,0000029,
Traffic,https://media.istockphoto.com/id/483375405/photo/car-at-red-light.jpg?s=612x612&w=0&k=20&c=I2exUhQ61vG1-UEzPNxwxF3kimkRrM2phiy2DBUEUqs=,Complied,Road Condition,Traffic_Rules_0,0000029,data/processed_images/traffic/Traffic_Rules_0/0000029.jpg,0000029,
Traffic,https://media.istockphoto.com/id/483375405/photo/car-at-red-light.jpg?s=612x612&w=0&k=20&c=I2exUhQ61vG1-UEzPNxwxF3kimkRrM2phiy2DBUEUqs=,Complied,Traffic Rules,Traffic_Rules_0,0000029,data/processed_images/traffic/Traffic_Rules_0/0000029.jpg,0000029,
Traffic,https://media.istockphoto.com/id/483375405/photo/car-at-red-light.jpg?s=612x612&w=0&k=20&c=I2exUhQ61vG1-UEzPNxwxF3kimkRrM2phiy2DBUEUqs=,Complied,Vehicle Load,Traffic_Rules_0,0000029,data/processed_images/traffic/Traffic_Rules_0/0000029.jpg,0000029,
Traffic,https://upload.wikimedia.org/wikipedia/commons/4/4c/4waystop.jpg,Not Applicable,Driving Distraction,Traffic_Rules_0,0000030,data/processed_images/traffic/Traffic_Rules_0/0000030.jpg,0000030,
Traffic,https://upload.wikimedia.org/wikipedia/commons/4/4c/4waystop.jpg,Not Applicable,Pedestrian Crossing,Traffic_Rules_0,0000030,data/processed_images/traffic/Traffic_Rules_0/0000030.jpg,0000030,
Traffic,https://upload.wikimedia.org/wikipedia/commons/4/4c/4waystop.jpg,Complied,Road Condition,Traffic_Rules_0,0000030,data/processed_images/traffic/Traffic_Rules_0/0000030.jpg,0000030,
Traffic,https://upload.wikimedia.org/wikipedia/commons/4/4c/4waystop.jpg,Complied,Traffic Rules,Traffic_Rules_0,0000030,data/processed_images/traffic/Traffic_Rules_0/0000030.jpg,0000030,
Traffic,https://upload.wikimedia.org/wikipedia/commons/4/4c/4waystop.jpg,Complied,Vehicle Load,Traffic_Rules_0,0000030,data/processed_images/traffic/Traffic_Rules_0/0000030.jpg,0000030,
Traffic,https://www.smartdrivetest.com/wp-content/uploads/2016/10/left_turning.png,Not Applicable,Driving Distraction,Traffic_Rules_0,0000031,data/processed_images/traffic/Traffic_Rules_0/0000031.png,0000031,
Traffic,https://www.smartdrivetest.com/wp-content/uploads/2016/10/left_turning.png,Not Applicable,Pedestrian Crossing,Traffic_Rules_0,0000031,data/processed_images/traffic/Traffic_Rules_0/0000031.png,0000031,
Traffic,https://www.smartdrivetest.com/wp-content/uploads/2016/10/left_turning.png,Complied,Road Condition,Traffic_Rules_0,0000031,data/processed_images/traffic/Traffic_Rules_0/0000031.png,0000031,
Traffic,https://www.smartdrivetest.com/wp-content/uploads/2016/10/left_turning.png,Complied,Traffic Rules,Traffic_Rules_0,0000031,data/processed_images/traffic/Traffic_Rules_0/0000031.png,0000031,
Traffic,https://www.smartdrivetest.com/wp-content/uploads/2016/10/left_turning.png,Complied,Vehicle Load,Traffic_Rules_0,0000031,data/processed_images/traffic/Traffic_Rules_0/0000031.png,0000031,
Traffic,https://cyclingsavvy.org/wp-content/uploads/2022/12/multiple-yelds.jpg,Not Applicable,Driving Distraction,Traffic_Rules_0,0000032,data/processed_images/traffic/Traffic_Rules_0/0000032.jpg,0000032,
Traffic,https://cyclingsavvy.org/wp-content/uploads/2022/12/multiple-yelds.jpg,Complied,Pedestrian Crossing,Traffic_Rules_0,0000032,data/processed_images/traffic/Traffic_Rules_0/0000032.jpg,0000032,
Traffic,https://cyclingsavvy.org/wp-content/uploads/2022/12/multiple-yelds.jpg,Complied,Road Condition,Traffic_Rules_0,0000032,data/processed_images/traffic/Traffic_Rules_0/0000032.jpg,0000032,
Traffic,https://cyclingsavvy.org/wp-content/uploads/2022/12/multiple-yelds.jpg,Complied,Traffic Rules,Traffic_Rules_0,0000032,data/processed_images/traffic/Traffic_Rules_0/0000032.jpg,0000032,
Traffic,https://cyclingsavvy.org/wp-content/uploads/2022/12/multiple-yelds.jpg,Complied,Vehicle Load,Traffic_Rules_0,0000032,data/processed_images/traffic/Traffic_Rules_0/0000032.jpg,0000032,
Traffic,https://encrypted-tbn0.gstatic.com/images?q=tbn:ANd9GcR6rEhk22kl5gunAeGozvYyRDG_832UOE01TkpCeQM9lKKGCfSBtfdrEMvAv8J4E5A_XJI&usqp=CAU,Not Applicable,Driving Distraction,Traffic_Rules_0,0000033,data/processed_images/traffic/Traffic_Rules_0/0000033.jpg,0000033,
Traffic,https://encrypted-tbn0.gstatic.com/images?q=tbn:ANd9GcR6rEhk22kl5gunAeGozvYyRDG_832UOE01TkpCeQM9lKKGCfSBtfdrEMvAv8J4E5A_XJI&usqp=CAU,Not Applicable,Pedestrian Crossing,Traffic_Rules_0,0000033,data/processed_images/traffic/Traffic_Rules_0/0000033.jpg,0000033,
Traffic,https://encrypted-tbn0.gstatic.com/images?q=tbn:ANd9GcR6rEhk22kl5gunAeGozvYyRDG_832UOE01TkpCeQM9lKKGCfSBtfdrEMvAv8J4E5A_XJI&usqp=CAU,Not Applicable,Road Condition,Traffic_Rules_0,0000033,data/processed_images/traffic/Traffic_Rules_0/0000033.jpg,0000033,
Traffic,https://encrypted-tbn0.gstatic.com/images?q=tbn:ANd9GcR6rEhk22kl5gunAeGozvYyRDG_832UOE01TkpCeQM9lKKGCfSBtfdrEMvAv8J4E5A_XJI&usqp=CAU,Complied,Traffic Rules,Traffic_Rules_0,0000033,data/processed_images/traffic/Traffic_Rules_0/0000033.jpg,0000033,
Traffic,https://encrypted-tbn0.gstatic.com/images?q=tbn:ANd9GcR6rEhk22kl5gunAeGozvYyRDG_832UOE01TkpCeQM9lKKGCfSBtfdrEMvAv8J4E5A_XJI&usqp=CAU,Not Applicable,Vehicle Load,Traffic_Rules_0,0000033,data/processed_images/traffic/Traffic_Rules_0/0000033.jpg,0000033,
Traffic,https://img.philkotse.com/temp/2024/07/27/inter-3c7b-wm-b688.webp,Not Applicable,Driving Distraction,Traffic_Rules_0,0000034,,nan,Wrong Format (e.g. .webp)
Traffic,https://img.philkotse.com/temp/2024/07/27/inter-3c7b-wm-b688.webp,Complied,Pedestrian Crossing,Traffic_Rules_0,0000034,,nan,Wrong Format (e.g. .webp)
Traffic,https://img.philkotse.com/temp/2024/07/27/inter-3c7b-wm-b688.webp,Complied,Road Condition,Traffic_Rules_0,0000034,,nan,Wrong Format (e.g. .webp)
Traffic,https://img.philkotse.com/temp/2024/07/27/inter-3c7b-wm-b688.webp,Complied,Traffic Rules,Traffic_Rules_0,0000034,,nan,Wrong Format (e.g. .webp)
Traffic,https://img.philkotse.com/temp/2024/07/27/inter-3c7b-wm-b688.webp,Complied,Vehicle Load,Traffic_Rules_0,0000034,,nan,Wrong Format (e.g. .webp)
Traffic,https://encrypted-tbn0.gstatic.com/images?q=tbn:ANd9GcR3kc5V_azgTbA15KeQX8MCCAEGSnKYVTi0dA&s,Not Applicable,Driving Distraction,Traffic_Rules_0,0000035,data/processed_images/traffic/Traffic_Rules_0/0000035.jpg,0000035,
Traffic,https://encrypted-tbn0.gstatic.com/images?q=tbn:ANd9GcR3kc5V_azgTbA15KeQX8MCCAEGSnKYVTi0dA&s,Not Applicable,Pedestrian Crossing,Traffic_Rules_0,0000035,data/processed_images/traffic/Traffic_Rules_0/0000035.jpg,0000035,
Traffic,https://encrypted-tbn0.gstatic.com/images?q=tbn:ANd9GcR3kc5V_azgTbA15KeQX8MCCAEGSnKYVTi0dA&s,Not Applicable,Road Condition,Traffic_Rules_0,0000035,data/processed_images/traffic/Traffic_Rules_0/0000035.jpg,0000035,
Traffic,https://encrypted-tbn0.gstatic.com/images?q=tbn:ANd9GcR3kc5V_azgTbA15KeQX8MCCAEGSnKYVTi0dA&s,Complied,Traffic Rules,Traffic_Rules_0,0000035,data/processed_images/traffic/Traffic_Rules_0/0000035.jpg,0000035,
Traffic,https://encrypted-tbn0.gstatic.com/images?q=tbn:ANd9GcR3kc5V_azgTbA15KeQX8MCCAEGSnKYVTi0dA&s,Not Applicable,Vehicle Load,Traffic_Rules_0,0000035,data/processed_images/traffic/Traffic_Rules_0/0000035.jpg,0000035,
Traffic,https://encrypted-tbn0.gstatic.com/images?q=tbn:ANd9GcT4WDq9AMHTE1Kgr6Gaih23w82YNwAomnxQKf7G9IadO_yhCKBpgChlsGcOaio6USeGX-k&usqp=CAU,Not Applicable,Driving Distraction,Traffic_Rules_0,0000036,data/processed_images/traffic/Traffic_Rules_0/0000036.jpg,0000036,
Traffic,https://encrypted-tbn0.gstatic.com/images?q=tbn:ANd9GcT4WDq9AMHTE1Kgr6Gaih23w82YNwAomnxQKf7G9IadO_yhCKBpgChlsGcOaio6USeGX-k&usqp=CAU,Not Applicable,Pedestrian Crossing,Traffic_Rules_0,0000036,data/processed_images/traffic/Traffic_Rules_0/0000036.jpg,0000036,
Traffic,https://encrypted-tbn0.gstatic.com/images?q=tbn:ANd9GcT4WDq9AMHTE1Kgr6Gaih23w82YNwAomnxQKf7G9IadO_yhCKBpgChlsGcOaio6USeGX-k&usqp=CAU,Not Applicable,Road Condition,Traffic_Rules_0,0000036,data/processed_images/traffic/Traffic_Rules_0/0000036.jpg,0000036,
Traffic,https://encrypted-tbn0.gstatic.com/images?q=tbn:ANd9GcT4WDq9AMHTE1Kgr6Gaih23w82YNwAomnxQKf7G9IadO_yhCKBpgChlsGcOaio6USeGX-k&usqp=CAU,Complied,Traffic Rules,Traffic_Rules_0,0000036,data/processed_images/traffic/Traffic_Rules_0/0000036.jpg,0000036,
Traffic,https://encrypted-tbn0.gstatic.com/images?q=tbn:ANd9GcT4WDq9AMHTE1Kgr6Gaih23w82YNwAomnxQKf7G9IadO_yhCKBpgChlsGcOaio6USeGX-k&usqp=CAU,Complied,Vehicle Load,Traffic_Rules_0,0000036,data/processed_images/traffic/Traffic_Rules_0/0000036.jpg,0000036,
Traffic,https://images.unsplash.com/photo-1534773294507-d8090ebbcec6?w=400&auto=format&fit=crop&q=60&ixlib=rb-4.1.0&ixid=M3wxMjA3fDB8MHxzZWFyY2h8Mnx8Y2FyJTIwaW4lMjBjaXR5JTIwYXVzdHJhbGlhfGVufDB8fDB8fHww,Not Applicable,Driving Distraction,Traffic_Rules_0,0000037,data/processed_images/traffic/Traffic_Rules_0/0000037.jpg,0000037,
Traffic,https://images.unsplash.com/photo-1534773294507-d8090ebbcec6?w=400&auto=format&fit=crop&q=60&ixlib=rb-4.1.0&ixid=M3wxMjA3fDB8MHxzZWFyY2h8Mnx8Y2FyJTIwaW4lMjBjaXR5JTIwYXVzdHJhbGlhfGVufDB8fDB8fHww,Not Applicable,Pedestrian Crossing,Traffic_Rules_0,0000037,data/processed_images/traffic/Traffic_Rules_0/0000037.jpg,0000037,
Traffic,https://images.unsplash.com/photo-1534773294507-d8090ebbcec6?w=400&auto=format&fit=crop&q=60&ixlib=rb-4.1.0&ixid=M3wxMjA3fDB8MHxzZWFyY2h8Mnx8Y2FyJTIwaW4lMjBjaXR5JTIwYXVzdHJhbGlhfGVufDB8fDB8fHww,Complied,Road Condition,Traffic_Rules_0,0000037,data/processed_images/traffic/Traffic_Rules_0/0000037.jpg,0000037,
Traffic,https://images.unsplash.com/photo-1534773294507-d8090ebbcec6?w=400&auto=format&fit=crop&q=60&ixlib=rb-4.1.0&ixid=M3wxMjA3fDB8MHxzZWFyY2h8Mnx8Y2FyJTIwaW4lMjBjaXR5JTIwYXVzdHJhbGlhfGVufDB8fDB8fHww,Complied,Traffic Rules,Traffic_Rules_0,0000037,data/processed_images/traffic/Traffic_Rules_0/0000037.jpg,0000037,
Traffic,https://images.unsplash.com/photo-1534773294507-d8090ebbcec6?w=400&auto=format&fit=crop&q=60&ixlib=rb-4.1.0&ixid=M3wxMjA3fDB8MHxzZWFyY2h8Mnx8Y2FyJTIwaW4lMjBjaXR5JTIwYXVzdHJhbGlhfGVufDB8fDB8fHww,Not Applicable,Vehicle Load,Traffic_Rules_0,0000037,data/processed_images/traffic/Traffic_Rules_0/0000037.jpg,0000037,
Traffic,https://media.istockphoto.com/id/159406920/photo/aerial-view-of-cars-in-traffic.jpg?s=612x612&w=0&k=20&c=2BeXnk1EppE_mfWgYFqoXidmge0uAhSk9gl8bbtHyF8=,Not Applicable,Driving Distraction,Traffic_Rules_0,0000038,data/processed_images/traffic/Traffic_Rules_0/0000038.jpg,0000038,
Traffic,https://media.istockphoto.com/id/159406920/photo/aerial-view-of-cars-in-traffic.jpg?s=612x612&w=0&k=20&c=2BeXnk1EppE_mfWgYFqoXidmge0uAhSk9gl8bbtHyF8=,Not Applicable,Pedestrian Crossing,Traffic_Rules_0,0000038,data/processed_images/traffic/Traffic_Rules_0/0000038.jpg,0000038,
Traffic,https://media.istockphoto.com/id/159406920/photo/aerial-view-of-cars-in-traffic.jpg?s=612x612&w=0&k=20&c=2BeXnk1EppE_mfWgYFqoXidmge0uAhSk9gl8bbtHyF8=,Complied,Road Condition,Traffic_Rules_0,0000038,data/processed_images/traffic/Traffic_Rules_0/0000038.jpg,0000038,
Traffic,https://media.istockphoto.com/id/159406920/photo/aerial-view-of-cars-in-traffic.jpg?s=612x612&w=0&k=20&c=2BeXnk1EppE_mfWgYFqoXidmge0uAhSk9gl8bbtHyF8=,Complied,Traffic Rules,Traffic_Rules_0,0000038,data/processed_images/traffic/Traffic_Rules_0/0000038.jpg,0000038,
Traffic,https://media.istockphoto.com/id/159406920/photo/aerial-view-of-cars-in-traffic.jpg?s=612x612&w=0&k=20&c=2BeXnk1EppE_mfWgYFqoXidmge0uAhSk9gl8bbtHyF8=,Complied,Vehicle Load,Traffic_Rules_0,0000038,data/processed_images/traffic/Traffic_Rules_0/0000038.jpg,0000038,
Traffic,https://media.istockphoto.com/id/510399253/photo/busy-highway.jpg?s=612x612&w=0&k=20&c=ex27rahrcjx2ZDB5qJgSKgTPqEzx6IBTeRhg75aGrz4=,Not Applicable,Driving Distraction,Traffic_Rules_0,0000039,data/processed_images/traffic/Traffic_Rules_0/0000015.jpg,0000015,Duplication
Traffic,https://media.istockphoto.com/id/510399253/photo/busy-highway.jpg?s=612x612&w=0&k=20&c=ex27rahrcjx2ZDB5qJgSKgTPqEzx6IBTeRhg75aGrz4=,Not Applicable,Pedestrian Crossing,Traffic_Rules_0,0000039,data/processed_images/traffic/Traffic_Rules_0/0000015.jpg,0000015,Duplication
Traffic,https://media.istockphoto.com/id/510399253/photo/busy-highway.jpg?s=612x612&w=0&k=20&c=ex27rahrcjx2ZDB5qJgSKgTPqEzx6IBTeRhg75aGrz4=,Complied,Road Condition,Traffic_Rules_0,0000039,data/processed_images/traffic/Traffic_Rules_0/0000015.jpg,0000015,Duplication
Traffic,https://media.istockphoto.com/id/510399253/photo/busy-highway.jpg?s=612x612&w=0&k=20&c=ex27rahrcjx2ZDB5qJgSKgTPqEzx6IBTeRhg75aGrz4=,Complied,Traffic Rules,Traffic_Rules_0,0000039,data/processed_images/traffic/Traffic_Rules_0/0000015.jpg,0000015,Duplication
Traffic,https://media.istockphoto.com/id/510399253/photo/busy-highway.jpg?s=612x612&w=0&k=20&c=ex27rahrcjx2ZDB5qJgSKgTPqEzx6IBTeRhg75aGrz4=,Complied,Vehicle Load,Traffic_Rules_0,0000039,data/processed_images/traffic/Traffic_Rules_0/0000015.jpg,0000015,Duplication
Traffic,https://media.istockphoto.com/id/1527377922/photo/congested-motorway-in-the-twilight.jpg?s=612x612&w=0&k=20&c=1MDDDYhqEkGKwV4pvCjSGdMFIt6mXM7EOoECoRrg3rs=,Not Applicable,Driving Distraction,Traffic_Rules_0,0000040,data/processed_images/traffic/Traffic_Rules_0/0000040.jpg,0000040,
Traffic,https://media.istockphoto.com/id/1527377922/photo/congested-motorway-in-the-twilight.jpg?s=612x612&w=0&k=20&c=1MDDDYhqEkGKwV4pvCjSGdMFIt6mXM7EOoECoRrg3rs=,Not Applicable,Pedestrian Crossing,Traffic_Rules_0,0000040,data/processed_images/traffic/Traffic_Rules_0/0000040.jpg,0000040,
Traffic,https://media.istockphoto.com/id/1527377922/photo/congested-motorway-in-the-twilight.jpg?s=612x612&w=0&k=20&c=1MDDDYhqEkGKwV4pvCjSGdMFIt6mXM7EOoECoRrg3rs=,Complied,Road Condition,Traffic_Rules_0,0000040,data/processed_images/traffic/Traffic_Rules_0/0000040.jpg,0000040,
Traffic,https://media.istockphoto.com/id/1527377922/photo/congested-motorway-in-the-twilight.jpg?s=612x612&w=0&k=20&c=1MDDDYhqEkGKwV4pvCjSGdMFIt6mXM7EOoECoRrg3rs=,Complied,Traffic Rules,Traffic_Rules_0,0000040,data/processed_images/traffic/Traffic_Rules_0/0000040.jpg,0000040,
Traffic,https://media.istockphoto.com/id/1527377922/photo/congested-motorway-in-the-twilight.jpg?s=612x612&w=0&k=20&c=1MDDDYhqEkGKwV4pvCjSGdMFIt6mXM7EOoECoRrg3rs=,Complied,Vehicle Load,Traffic_Rules_0,0000040,data/processed_images/traffic/Traffic_Rules_0/0000040.jpg,0000040,
Traffic,https://media.istockphoto.com/id/617778720/photo/main-road-in-melbourne.jpg?s=612x612&w=0&k=20&c=zDkc-Bg4VOUIxhUHukD7thrDu6oYQPpMeuBx_A08V1s=,Not Applicable,Driving Distraction,Traffic_Rules_0,0000041,data/processed_images/traffic/Traffic_Rules_0/0000041.jpg,0000041,
Traffic,https://media.istockphoto.com/id/617778720/photo/main-road-in-melbourne.jpg?s=612x612&w=0&k=20&c=zDkc-Bg4VOUIxhUHukD7thrDu6oYQPpMeuBx_A08V1s=,Not Applicable,Pedestrian Crossing,Traffic_Rules_0,0000041,data/processed_images/traffic/Traffic_Rules_0/0000041.jpg,0000041,
Traffic,https://media.istockphoto.com/id/617778720/photo/main-road-in-melbourne.jpg?s=612x612&w=0&k=20&c=zDkc-Bg4VOUIxhUHukD7thrDu6oYQPpMeuBx_A08V1s=,Complied,Road Condition,Traffic_Rules_0,0000041,data/processed_images/traffic/Traffic_Rules_0/0000041.jpg,0000041,
Traffic,https://media.istockphoto.com/id/617778720/photo/main-road-in-melbourne.jpg?s=612x612&w=0&k=20&c=zDkc-Bg4VOUIxhUHukD7thrDu6oYQPpMeuBx_A08V1s=,Complied,Traffic Rules,Traffic_Rules_0,0000041,data/processed_images/traffic/Traffic_Rules_0/0000041.jpg,0000041,
Traffic,https://media.istockphoto.com/id/617778720/photo/main-road-in-melbourne.jpg?s=612x612&w=0&k=20&c=zDkc-Bg4VOUIxhUHukD7thrDu6oYQPpMeuBx_A08V1s=,Complied,Vehicle Load,Traffic_Rules_0,0000041,data/processed_images/traffic/Traffic_Rules_0/0000041.jpg,0000041,
Traffic,https://media.istockphoto.com/id/542076936/photo/sydney-road-brunswick.jpg?s=612x612&w=0&k=20&c=mlJ7tgkOqwfE-Xp3G5nm_oBEc27HoXE_amTr8cwW690=,Not Applicable,Driving Distraction,Traffic_Rules_0,0000042,data/processed_images/traffic/Traffic_Rules_0/0000042.jpg,0000042,
Traffic,https://media.istockphoto.com/id/542076936/photo/sydney-road-brunswick.jpg?s=612x612&w=0&k=20&c=mlJ7tgkOqwfE-Xp3G5nm_oBEc27HoXE_amTr8cwW690=,Not Applicable,Pedestrian Crossing,Traffic_Rules_0,0000042,data/processed_images/traffic/Traffic_Rules_0/0000042.jpg,0000042,
Traffic,https://media.istockphoto.com/id/542076936/photo/sydney-road-brunswick.jpg?s=612x612&w=0&k=20&c=mlJ7tgkOqwfE-Xp3G5nm_oBEc27HoXE_amTr8cwW690=,Complied,Road Condition,Traffic_Rules_0,0000042,data/processed_images/traffic/Traffic_Rules_0/0000042.jpg,0000042,
Traffic,https://media.istockphoto.com/id/542076936/photo/sydney-road-brunswick.jpg?s=612x612&w=0&k=20&c=mlJ7tgkOqwfE-Xp3G5nm_oBEc27HoXE_amTr8cwW690=,Complied,Traffic Rules,Traffic_Rules_0,0000042,data/processed_images/traffic/Traffic_Rules_0/0000042.jpg,0000042,
Traffic,https://media.istockphoto.com/id/542076936/photo/sydney-road-brunswick.jpg?s=612x612&w=0&k=20&c=mlJ7tgkOqwfE-Xp3G5nm_oBEc27HoXE_amTr8cwW690=,Not Applicable,Vehicle Load,Traffic_Rules_0,0000042,data/processed_images/traffic/Traffic_Rules_0/0000042.jpg,0000042,
Traffic,https://media.istockphoto.com/id/866354212/photo/city-life.jpg?s=612x612&w=0&k=20&c=-re3IHeoAuoojvLuvDkCYQTZoK_Nr3NjcY0eCt3Dy5Q=,Not Applicable,Driving Distraction,Traffic_Rules_0,0000043,data/processed_images/traffic/Traffic_Rules_0/0000043.jpg,0000043,
Traffic,https://media.istockphoto.com/id/866354212/photo/city-life.jpg?s=612x612&w=0&k=20&c=-re3IHeoAuoojvLuvDkCYQTZoK_Nr3NjcY0eCt3Dy5Q=,Not Applicable,Pedestrian Crossing,Traffic_Rules_0,0000043,data/processed_images/traffic/Traffic_Rules_0/0000043.jpg,0000043,
Traffic,https://media.istockphoto.com/id/866354212/photo/city-life.jpg?s=612x612&w=0&k=20&c=-re3IHeoAuoojvLuvDkCYQTZoK_Nr3NjcY0eCt3Dy5Q=,Complied,Road Condition,Traffic_Rules_0,0000043,data/processed_images/traffic/Traffic_Rules_0/0000043.jpg,0000043,
Traffic,https://media.istockphoto.com/id/866354212/photo/city-life.jpg?s=612x612&w=0&k=20&c=-re3IHeoAuoojvLuvDkCYQTZoK_Nr3NjcY0eCt3Dy5Q=,Complied,Traffic Rules,Traffic_Rules_0,0000043,data/processed_images/traffic/Traffic_Rules_0/0000043.jpg,0000043,
Traffic,https://media.istockphoto.com/id/866354212/photo/city-life.jpg?s=612x612&w=0&k=20&c=-re3IHeoAuoojvLuvDkCYQTZoK_Nr3NjcY0eCt3Dy5Q=,Complied,Vehicle Load,Traffic_Rules_0,0000043,data/processed_images/traffic/Traffic_Rules_0/0000043.jpg,0000043,
Traffic,https://media.istockphoto.com/id/2144172069/photo/traffic-and-traffic-signs-on-freeway.jpg?s=612x612&w=0&k=20&c=EaL-uNILc37VMPAc67tzbzv2cJYH48_ZJlvVmO5tIlo=,Not Applicable,Driving Distraction,Traffic_Rules_0,0000044,data/processed_images/traffic/Traffic_Rules_0/0000044.jpg,0000044,
Traffic,https://media.istockphoto.com/id/2144172069/photo/traffic-and-traffic-signs-on-freeway.jpg?s=612x612&w=0&k=20&c=EaL-uNILc37VMPAc67tzbzv2cJYH48_ZJlvVmO5tIlo=,Not Applicable,Pedestrian Crossing,Traffic_Rules_0,0000044,data/processed_images/traffic/Traffic_Rules_0/0000044.jpg,0000044,
Traffic,https://media.istockphoto.com/id/2144172069/photo/traffic-and-traffic-signs-on-freeway.jpg?s=612x612&w=0&k=20&c=EaL-uNILc37VMPAc67tzbzv2cJYH48_ZJlvVmO5tIlo=,Complied,Road Condition,Traffic_Rules_0,0000044,data/processed_images/traffic/Traffic_Rules_0/0000044.jpg,0000044,
Traffic,https://media.istockphoto.com/id/2144172069/photo/traffic-and-traffic-signs-on-freeway.jpg?s=612x612&w=0&k=20&c=EaL-uNILc37VMPAc67tzbzv2cJYH48_ZJlvVmO5tIlo=,Complied,Traffic Rules,Traffic_Rules_0,0000044,data/processed_images/traffic/Traffic_Rules_0/0000044.jpg,0000044,
Traffic,https://media.istockphoto.com/id/2144172069/photo/traffic-and-traffic-signs-on-freeway.jpg?s=612x612&w=0&k=20&c=EaL-uNILc37VMPAc67tzbzv2cJYH48_ZJlvVmO5tIlo=,Complied,Vehicle Load,Traffic_Rules_0,0000044,data/processed_images/traffic/Traffic_Rules_0/0000044.jpg,0000044,
Traffic,https://media.istockphoto.com/id/470842736/photo/city-highway.jpg?s=612x612&w=0&k=20&c=tZjtatMw_Zd8mg3v6YEu9Lmr-Doo9Y1lhiUBLZnUlGM=,Not Applicable,Driving Distraction,Traffic_Rules_0,0000045,data/processed_images/traffic/Traffic_Rules_0/0000045.jpg,0000045,
Traffic,https://media.istockphoto.com/id/470842736/photo/city-highway.jpg?s=612x612&w=0&k=20&c=tZjtatMw_Zd8mg3v6YEu9Lmr-Doo9Y1lhiUBLZnUlGM=,Not Applicable,Pedestrian Crossing,Traffic_Rules_0,0000045,data/processed_images/traffic/Traffic_Rules_0/0000045.jpg,0000045,
Traffic,https://media.istockphoto.com/id/470842736/photo/city-highway.jpg?s=612x612&w=0&k=20&c=tZjtatMw_Zd8mg3v6YEu9Lmr-Doo9Y1lhiUBLZnUlGM=,Complied,Road Condition,Traffic_Rules_0,0000045,data/processed_images/traffic/Traffic_Rules_0/0000045.jpg,0000045,
Traffic,https://media.istockphoto.com/id/470842736/photo/city-highway.jpg?s=612x612&w=0&k=20&c=tZjtatMw_Zd8mg3v6YEu9Lmr-Doo9Y1lhiUBLZnUlGM=,Complied,Traffic Rules,Traffic_Rules_0,0000045,data/processed_images/traffic/Traffic_Rules_0/0000045.jpg,0000045,
Traffic,https://media.istockphoto.com/id/470842736/photo/city-highway.jpg?s=612x612&w=0&k=20&c=tZjtatMw_Zd8mg3v6YEu9Lmr-Doo9Y1lhiUBLZnUlGM=,Complied,Vehicle Load,Traffic_Rules_0,0000045,data/processed_images/traffic/Traffic_Rules_0/0000045.jpg,0000045,
Traffic,https://media.istockphoto.com/id/1527434333/photo/roadside-parking-by-a-bicycle-lane.jpg?s=612x612&w=0&k=20&c=w08Ba-JM0gdSk2tpOSU_oG5EAG4vuG-zNS2Log05x60=,Not Applicable,Driving Distraction,Traffic_Rules_0,0000046,data/processed_images/traffic/Traffic_Rules_0/0000046.jpg,0000046,
Traffic,https://media.istockphoto.com/id/1527434333/photo/roadside-parking-by-a-bicycle-lane.jpg?s=612x612&w=0&k=20&c=w08Ba-JM0gdSk2tpOSU_oG5EAG4vuG-zNS2Log05x60=,Not Applicable,Pedestrian Crossing,Traffic_Rules_0,0000046,data/processed_images/traffic/Traffic_Rules_0/0000046.jpg,0000046,
Traffic,https://media.istockphoto.com/id/1527434333/photo/roadside-parking-by-a-bicycle-lane.jpg?s=612x612&w=0&k=20&c=w08Ba-JM0gdSk2tpOSU_oG5EAG4vuG-zNS2Log05x60=,Complied,Road Condition,Traffic_Rules_0,0000046,data/processed_images/traffic/Traffic_Rules_0/0000046.jpg,0000046,
Traffic,https://media.istockphoto.com/id/1527434333/photo/roadside-parking-by-a-bicycle-lane.jpg?s=612x612&w=0&k=20&c=w08Ba-JM0gdSk2tpOSU_oG5EAG4vuG-zNS2Log05x60=,Complied,Traffic Rules,Traffic_Rules_0,0000046,data/processed_images/traffic/Traffic_Rules_0/0000046.jpg,0000046,
Traffic,https://media.istockphoto.com/id/1527434333/photo/roadside-parking-by-a-bicycle-lane.jpg?s=612x612&w=0&k=20&c=w08Ba-JM0gdSk2tpOSU_oG5EAG4vuG-zNS2Log05x60=,Complied,Vehicle Load,Traffic_Rules_0,0000046,data/processed_images/traffic/Traffic_Rules_0/0000046.jpg,0000046,
Traffic,https://media.istockphoto.com/id/477707350/photo/king-street-newtown.jpg?s=612x612&w=0&k=20&c=C8ZyJCmlcmf7h6adgIiBrZWAuNUjOzPjqAO6yfagezc=,Not Applicable,Driving Distraction,Traffic_Rules_0,0000047,data/processed_images/traffic/Traffic_Rules_0/0000047.jpg,0000047,
Traffic,https://media.istockphoto.com/id/477707350/photo/king-street-newtown.jpg?s=612x612&w=0&k=20&c=C8ZyJCmlcmf7h6adgIiBrZWAuNUjOzPjqAO6yfagezc=,Not Applicable,Pedestrian Crossing,Traffic_Rules_0,0000047,data/processed_images/traffic/Traffic_Rules_0/0000047.jpg,0000047,
Traffic,https://media.istockphoto.com/id/477707350/photo/king-street-newtown.jpg?s=612x612&w=0&k=20&c=C8ZyJCmlcmf7h6adgIiBrZWAuNUjOzPjqAO6yfagezc=,Complied,Road Condition,Traffic_Rules_0,0000047,data/processed_images/traffic/Traffic_Rules_0/0000047.jpg,0000047,
Traffic,https://media.istockphoto.com/id/477707350/photo/king-street-newtown.jpg?s=612x612&w=0&k=20&c=C8ZyJCmlcmf7h6adgIiBrZWAuNUjOzPjqAO6yfagezc=,Complied,Traffic Rules,Traffic_Rules_0,0000047,data/processed_images/traffic/Traffic_Rules_0/0000047.jpg,0000047,
Traffic,https://media.istockphoto.com/id/477707350/photo/king-street-newtown.jpg?s=612x612&w=0&k=20&c=C8ZyJCmlcmf7h6adgIiBrZWAuNUjOzPjqAO6yfagezc=,Complied,Vehicle Load,Traffic_Rules_0,0000047,data/processed_images/traffic/Traffic_Rules_0/0000047.jpg,0000047,
Traffic,https://learndrivesurvive.com.au/wp-content/uploads/2017/09/hazards-perception-skills.jpg,Not Applicable,Driving Distraction,Traffic_Rules_1,0000001,data/processed_images/traffic/Traffic_Rules_1/0000001.jpg,0000001,
Traffic,https://learndrivesurvive.com.au/wp-content/uploads/2017/09/hazards-perception-skills.jpg,Not Applicable,Pedestrian Crossing,Traffic_Rules_1,0000001,data/processed_images/traffic/Traffic_Rules_1/0000001.jpg,0000001,
Traffic,https://learndrivesurvive.com.au/wp-content/uploads/2017/09/hazards-perception-skills.jpg,Complied,Road Condition,Traffic_Rules_1,0000001,data/processed_images/traffic/Traffic_Rules_1/0000001.jpg,0000001,
Traffic,https://learndrivesurvive.com.au/wp-content/uploads/2017/09/hazards-perception-skills.jpg,Violated,Traffic Rules,Traffic_Rules_1,0000001,data/processed_images/traffic/Traffic_Rules_1/0000001.jpg,0000001,
Traffic,https://learndrivesurvive.com.au/wp-content/uploads/2017/09/hazards-perception-skills.jpg,Complied,Vehicle Load,Traffic_Rules_1,0000001,data/processed_images/traffic/Traffic_Rules_1/0000001.jpg,0000001,
Traffic,https://www.waikatotimes.co.nz/media/images/9Tzi8ywRz924XE3uHaD6DZ3Ef+IdbOiYlvIROR5vlqUeRrexTocZGobKRJ9od%2Fgnk3B%2FCeKTmTAsIjj6Q0YaYb9O2YpAGpC3fY+e4MW+eL23rOfWHa1s5vawlRMxcPDGQhZHBI9zy+lJTa497PoX39Tfn7VlcMzs32LGzlfvJqg9ZIzYi8E4rNP+jifNZ3kVdn0QmCNAuGRHufJWuUQsOA==?resolution=620x350,Not Applicable,Driving Distraction,Traffic_Rules_1,0000002,data/processed_images/traffic/Traffic_Rules_1/0000002.jpg,0000002,
Traffic,https://www.waikatotimes.co.nz/media/images/9Tzi8ywRz924XE3uHaD6DZ3Ef+IdbOiYlvIROR5vlqUeRrexTocZGobKRJ9od%2Fgnk3B%2FCeKTmTAsIjj6Q0YaYb9O2YpAGpC3fY+e4MW+eL23rOfWHa1s5vawlRMxcPDGQhZHBI9zy+lJTa497PoX39Tfn7VlcMzs32LGzlfvJqg9ZIzYi8E4rNP+jifNZ3kVdn0QmCNAuGRHufJWuUQsOA==?resolution=620x350,Not Applicable,Pedestrian Crossing,Traffic_Rules_1,0000002,data/processed_images/traffic/Traffic_Rules_1/0000002.jpg,0000002,
Traffic,https://www.waikatotimes.co.nz/media/images/9Tzi8ywRz924XE3uHaD6DZ3Ef+IdbOiYlvIROR5vlqUeRrexTocZGobKRJ9od%2Fgnk3B%2FCeKTmTAsIjj6Q0YaYb9O2YpAGpC3fY+e4MW+eL23rOfWHa1s5vawlRMxcPDGQhZHBI9zy+lJTa497PoX39Tfn7VlcMzs32LGzlfvJqg9ZIzYi8E4rNP+jifNZ3kVdn0QmCNAuGRHufJWuUQsOA==?resolution=620x350,Not Applicable,Road Condition,Traffic_Rules_1,0000002,data/processed_images/traffic/Traffic_Rules_1/0000002.jpg,0000002,
Traffic,https://www.waikatotimes.co.nz/media/images/9Tzi8ywRz924XE3uHaD6DZ3Ef+IdbOiYlvIROR5vlqUeRrexTocZGobKRJ9od%2Fgnk3B%2FCeKTmTAsIjj6Q0YaYb9O2YpAGpC3fY+e4MW+eL23rOfWHa1s5vawlRMxcPDGQhZHBI9zy+lJTa497PoX39Tfn7VlcMzs32LGzlfvJqg9ZIzYi8E4rNP+jifNZ3kVdn0QmCNAuGRHufJWuUQsOA==?resolution=620x350,Violated,Traffic Rules,Traffic_Rules_1,0000002,data/processed_images/traffic/Traffic_Rules_1/0000002.jpg,0000002,
Traffic,https://www.waikatotimes.co.nz/media/images/9Tzi8ywRz924XE3uHaD6DZ3Ef+IdbOiYlvIROR5vlqUeRrexTocZGobKRJ9od%2Fgnk3B%2FCeKTmTAsIjj6Q0YaYb9O2YpAGpC3fY+e4MW+eL23rOfWHa1s5vawlRMxcPDGQhZHBI9zy+lJTa497PoX39Tfn7VlcMzs32LGzlfvJqg9ZIzYi8E4rNP+jifNZ3kVdn0QmCNAuGRHufJWuUQsOA==?resolution=620x350,Complied,Vehicle Load,Traffic_Rules_1,0000002,data/processed_images/traffic/Traffic_Rules_1/0000002.jpg,0000002,
Traffic,https://media.istockphoto.com/id/182138065/photo/dangerous-crossing.jpg?s=612x612&w=0&k=20&c=fBB4qAsCnRMQsjqZdrVK9q3yloKccC7WWh5CvlBb_jE=,Not Applicable,Driving Distraction,Traffic_Rules_1,0000003,data/processed_images/traffic/Traffic_Rules_1/0000003.jpg,0000003,
Traffic,https://media.istockphoto.com/id/182138065/photo/dangerous-crossing.jpg?s=612x612&w=0&k=20&c=fBB4qAsCnRMQsjqZdrVK9q3yloKccC7WWh5CvlBb_jE=,Complied,Pedestrian Crossing,Traffic_Rules_1,0000003,data/processed_images/traffic/Traffic_Rules_1/0000003.jpg,0000003,
Traffic,https://media.istockphoto.com/id/182138065/photo/dangerous-crossing.jpg?s=612x612&w=0&k=20&c=fBB4qAsCnRMQsjqZdrVK9q3yloKccC7WWh5CvlBb_jE=,Not Applicable,Road Condition,Traffic_Rules_1,0000003,data/processed_images/traffic/Traffic_Rules_1/0000003.jpg,0000003,
Traffic,https://media.istockphoto.com/id/182138065/photo/dangerous-crossing.jpg?s=612x612&w=0&k=20&c=fBB4qAsCnRMQsjqZdrVK9q3yloKccC7WWh5CvlBb_jE=,Violated,Traffic Rules,Traffic_Rules_1,0000003,data/processed_images/traffic/Traffic_Rules_1/0000003.jpg,0000003,
Traffic,https://media.istockphoto.com/id/182138065/photo/dangerous-crossing.jpg?s=612x612&w=0&k=20&c=fBB4qAsCnRMQsjqZdrVK9q3yloKccC7WWh5CvlBb_jE=,Not Applicable,Vehicle Load,Traffic_Rules_1,0000003,data/processed_images/traffic/Traffic_Rules_1/0000003.jpg,0000003,
Traffic,https://i.ytimg.com/vi/QOahnV7DJ2s/hq720.jpg?sqp=-oaymwEhCK4FEIIDSFryq4qpAxMIARUAAAAAGAElAADIQj0AgKJD&rs=AOn4CLB05s_1_eFosTJ8_7MO7lj7l95VDg,Not Applicable,Driving Distraction,Traffic_Rules_1,0000004,data/processed_images/traffic/Traffic_Rules_1/0000004.jpg,0000004,
Traffic,https://i.ytimg.com/vi/QOahnV7DJ2s/hq720.jpg?sqp=-oaymwEhCK4FEIIDSFryq4qpAxMIARUAAAAAGAElAADIQj0AgKJD&rs=AOn4CLB05s_1_eFosTJ8_7MO7lj7l95VDg,Complied,Pedestrian Crossing,Traffic_Rules_1,0000004,data/processed_images/traffic/Traffic_Rules_1/0000004.jpg,0000004,
Traffic,https://i.ytimg.com/vi/QOahnV7DJ2s/hq720.jpg?sqp=-oaymwEhCK4FEIIDSFryq4qpAxMIARUAAAAAGAElAADIQj0AgKJD&rs=AOn4CLB05s_1_eFosTJ8_7MO7lj7l95VDg,Complied,Road Condition,Traffic_Rules_1,0000004,data/processed_images/traffic/Traffic_Rules_1/0000004.jpg,0000004,
Traffic,https://i.ytimg.com/vi/QOahnV7DJ2s/hq720.jpg?sqp=-oaymwEhCK4FEIIDSFryq4qpAxMIARUAAAAAGAElAADIQj0AgKJD&rs=AOn4CLB05s_1_eFosTJ8_7MO7lj7l95VDg,Violated,Traffic Rules,Traffic_Rules_1,0000004,data/processed_images/traffic/Traffic_Rules_1/0000004.jpg,0000004,
Traffic,https://i.ytimg.com/vi/QOahnV7DJ2s/hq720.jpg?sqp=-oaymwEhCK4FEIIDSFryq4qpAxMIARUAAAAAGAElAADIQj0AgKJD&rs=AOn4CLB05s_1_eFosTJ8_7MO7lj7l95VDg,Complied,Vehicle Load,Traffic_Rules_1,0000004,data/processed_images/traffic/Traffic_Rules_1/0000004.jpg,0000004,
Traffic,https://2passdd.com/Arizona-Defensive-Driving-School/wp-content/uploads/2020/08/car-in-crosswalk.jpg,Complied,Driving Distraction,Traffic_Rules_1,0000005,data/processed_images/traffic/Traffic_Rules_1/0000005.jpg,0000005,
Traffic,https://2passdd.com/Arizona-Defensive-Driving-School/wp-content/uploads/2020/08/car-in-crosswalk.jpg,Complied,Pedestrian Crossing,Traffic_Rules_1,0000005,data/processed_images/traffic/Traffic_Rules_1/0000005.jpg,0000005,
Traffic,https://2passdd.com/Arizona-Defensive-Driving-School/wp-content/uploads/2020/08/car-in-crosswalk.jpg,Complied,Road Condition,Traffic_Rules_1,0000005,data/processed_images/traffic/Traffic_Rules_1/0000005.jpg,0000005,
Traffic,https://2passdd.com/Arizona-Defensive-Driving-School/wp-content/uploads/2020/08/car-in-crosswalk.jpg,Violated,Traffic Rules,Traffic_Rules_1,0000005,data/processed_images/traffic/Traffic_Rules_1/0000005.jpg,0000005,
Traffic,https://2passdd.com/Arizona-Defensive-Driving-School/wp-content/uploads/2020/08/car-in-crosswalk.jpg,Complied,Vehicle Load,Traffic_Rules_1,0000005,data/processed_images/traffic/Traffic_Rules_1/0000005.jpg,0000005,
Traffic,https://media.istockphoto.com/id/453376679/photo/dangerous-city-traffic-situation.jpg?s=1024x1024&w=is&k=20&c=3R57_ecaTQXDXoUO0q432OxZHaHmde8j4ld1rsLzGzc=,Not Applicable,Driving Distraction,Traffic_Rules_1,0000006,data/processed_images/traffic/Traffic_Rules_1/0000006.jpg,0000006,
Traffic,https://media.istockphoto.com/id/453376679/photo/dangerous-city-traffic-situation.jpg?s=1024x1024&w=is&k=20&c=3R57_ecaTQXDXoUO0q432OxZHaHmde8j4ld1rsLzGzc=,Not Applicable,Pedestrian Crossing,Traffic_Rules_1,0000006,data/processed_images/traffic/Traffic_Rules_1/0000006.jpg,0000006,
Traffic,https://media.istockphoto.com/id/453376679/photo/dangerous-city-traffic-situation.jpg?s=1024x1024&w=is&k=20&c=3R57_ecaTQXDXoUO0q432OxZHaHmde8j4ld1rsLzGzc=,Not Applicable,Road Condition,Traffic_Rules_1,0000006,data/processed_images/traffic/Traffic_Rules_1/0000006.jpg,0000006,
Traffic,https://media.istockphoto.com/id/453376679/photo/dangerous-city-traffic-situation.jpg?s=1024x1024&w=is&k=20&c=3R57_ecaTQXDXoUO0q432OxZHaHmde8j4ld1rsLzGzc=,Violated,Traffic Rules,Traffic_Rules_1,0000006,data/processed_images/traffic/Traffic_Rules_1/0000006.jpg,0000006,
Traffic,https://media.istockphoto.com/id/453376679/photo/dangerous-city-traffic-situation.jpg?s=1024x1024&w=is&k=20&c=3R57_ecaTQXDXoUO0q432OxZHaHmde8j4ld1rsLzGzc=,Not Applicable,Vehicle Load,Traffic_Rules_1,0000006,data/processed_images/traffic/Traffic_Rules_1/0000006.jpg,0000006,
Traffic,https://images.tribuneindia.com/cms/gall_content/2015/9/2015_9$largeimg15_Tuesday_2015_230629386.jpg,Not Applicable,Driving Distraction,Traffic_Rules_1,0000007,data/processed_images/traffic/Traffic_Rules_1/0000007.jpg,0000007,
Traffic,https://images.tribuneindia.com/cms/gall_content/2015/9/2015_9$largeimg15_Tuesday_2015_230629386.jpg,Not Applicable,Pedestrian Crossing,Traffic_Rules_1,0000007,data/processed_images/traffic/Traffic_Rules_1/0000007.jpg,0000007,
Traffic,https://images.tribuneindia.com/cms/gall_content/2015/9/2015_9$largeimg15_Tuesday_2015_230629386.jpg,Not Applicable,Road Condition,Traffic_Rules_1,0000007,data/processed_images/traffic/Traffic_Rules_1/0000007.jpg,0000007,
Traffic,https://images.tribuneindia.com/cms/gall_content/2015/9/2015_9$largeimg15_Tuesday_2015_230629386.jpg,Violated,Traffic Rules,Traffic_Rules_1,0000007,data/processed_images/traffic/Traffic_Rules_1/0000007.jpg,0000007,
Traffic,https://images.tribuneindia.com/cms/gall_content/2015/9/2015_9$largeimg15_Tuesday_2015_230629386.jpg,Complied,Vehicle Load,Traffic_Rules_1,0000007,data/processed_images/traffic/Traffic_Rules_1/0000007.jpg,0000007,
Traffic,https://www.hikvision.com/content/dam/hikvision/en/marketing/image/solution/solutions-by-industry/traffic/traffic-violation-management/1-reducing-enforcement-disputes.jpg,Not Applicable,Driving Distraction,Traffic_Rules_1,0000008,data/processed_images/traffic/Traffic_Rules_1/0000008.jpg,0000008,
Traffic,https://www.hikvision.com/content/dam/hikvision/en/marketing/image/solution/solutions-by-industry/traffic/traffic-violation-management/1-reducing-enforcement-disputes.jpg,Not Applicable,Pedestrian Crossing,Traffic_Rules_1,0000008,data/processed_images/traffic/Traffic_Rules_1/0000008.jpg,0000008,
Traffic,https://www.hikvision.com/content/dam/hikvision/en/marketing/image/solution/solutions-by-industry/traffic/traffic-violation-management/1-reducing-enforcement-disputes.jpg,Complied,Road Condition,Traffic_Rules_1,0000008,data/processed_images/traffic/Traffic_Rules_1/0000008.jpg,0000008,
Traffic,https://www.hikvision.com/content/dam/hikvision/en/marketing/image/solution/solutions-by-industry/traffic/traffic-violation-management/1-reducing-enforcement-disputes.jpg,Violated,Traffic Rules,Traffic_Rules_1,0000008,data/processed_images/traffic/Traffic_Rules_1/0000008.jpg,0000008,
Traffic,https://www.hikvision.com/content/dam/hikvision/en/marketing/image/solution/solutions-by-industry/traffic/traffic-violation-management/1-reducing-enforcement-disputes.jpg,Violated,Vehicle Load,Traffic_Rules_1,0000008,data/processed_images/traffic/Traffic_Rules_1/0000008.jpg,0000008,
Traffic,https://media.istockphoto.com/id/1143439122/photo/aerial-pedestrian-crowd-crossing-top-view.jpg?s=612x612&w=0&k=20&c=r-nP1jEDXcx8I6iz4uv_H6zR0bw3LvJY1spadPxTYVE=,Not Applicable,Driving Distraction,Traffic_Rules_1,0000009,data/processed_images/traffic/Traffic_Rules_1/0000009.jpg,0000009,
Traffic,https://media.istockphoto.com/id/1143439122/photo/aerial-pedestrian-crowd-crossing-top-view.jpg?s=612x612&w=0&k=20&c=r-nP1jEDXcx8I6iz4uv_H6zR0bw3LvJY1spadPxTYVE=,Violated,Pedestrian Crossing,Traffic_Rules_1,0000009,data/processed_images/traffic/Traffic_Rules_1/0000009.jpg,0000009,
Traffic,https://media.istockphoto.com/id/1143439122/photo/aerial-pedestrian-crowd-crossing-top-view.jpg?s=612x612&w=0&k=20&c=r-nP1jEDXcx8I6iz4uv_H6zR0bw3LvJY1spadPxTYVE=,Complied,Road Condition,Traffic_Rules_1,0000009,data/processed_images/traffic/Traffic_Rules_1/0000009.jpg,0000009,
Traffic,https://media.istockphoto.com/id/1143439122/photo/aerial-pedestrian-crowd-crossing-top-view.jpg?s=612x612&w=0&k=20&c=r-nP1jEDXcx8I6iz4uv_H6zR0bw3LvJY1spadPxTYVE=,Violated,Traffic Rules,Traffic_Rules_1,0000009,data/processed_images/traffic/Traffic_Rules_1/0000009.jpg,0000009,
Traffic,https://media.istockphoto.com/id/1143439122/photo/aerial-pedestrian-crowd-crossing-top-view.jpg?s=612x612&w=0&k=20&c=r-nP1jEDXcx8I6iz4uv_H6zR0bw3LvJY1spadPxTYVE=,Complied,Vehicle Load,Traffic_Rules_1,0000009,data/processed_images/traffic/Traffic_Rules_1/0000009.jpg,0000009,
Traffic,https://i.dailymail.co.uk/i/pix/2017/02/01/17/3CBC089B00000578-4180528-image-a-31_1485968419972.jpg,Not Applicable,Driving Distraction,Traffic_Rules_1,0000010,data/processed_images/traffic/Traffic_Rules_1/0000010.jpg,0000010,
Traffic,https://i.dailymail.co.uk/i/pix/2017/02/01/17/3CBC089B00000578-4180528-image-a-31_1485968419972.jpg,Not Applicable,Pedestrian Crossing,Traffic_Rules_1,0000010,data/processed_images/traffic/Traffic_Rules_1/0000010.jpg,0000010,
Traffic,https://i.dailymail.co.uk/i/pix/2017/02/01/17/3CBC089B00000578-4180528-image-a-31_1485968419972.jpg,Complied,Road Condition,Traffic_Rules_1,0000010,data/processed_images/traffic/Traffic_Rules_1/0000010.jpg,0000010,
Traffic,https://i.dailymail.co.uk/i/pix/2017/02/01/17/3CBC089B00000578-4180528-image-a-31_1485968419972.jpg,Violated,Traffic Rules,Traffic_Rules_1,0000010,data/processed_images/traffic/Traffic_Rules_1/0000010.jpg,0000010,
Traffic,https://i.dailymail.co.uk/i/pix/2017/02/01/17/3CBC089B00000578-4180528-image-a-31_1485968419972.jpg,Complied,Vehicle Load,Traffic_Rules_1,0000010,data/processed_images/traffic/Traffic_Rules_1/0000010.jpg,0000010,
Traffic,https://media.istockphoto.com/id/458969983/photo/dangerous-overtaking.jpg?s=612x612&w=0&k=20&c=1Mzsl3pX9ybmCRyY41FxpbLhFbBWc-2eqv4p-1aJ--0=,Not Applicable,Driving Distraction,Traffic_Rules_1,0000011,data/processed_images/traffic/Traffic_Rules_1/0000011.jpg,0000011,
Traffic,https://media.istockphoto.com/id/458969983/photo/dangerous-overtaking.jpg?s=612x612&w=0&k=20&c=1Mzsl3pX9ybmCRyY41FxpbLhFbBWc-2eqv4p-1aJ--0=,Not Applicable,Pedestrian Crossing,Traffic_Rules_1,0000011,data/processed_images/traffic/Traffic_Rules_1/0000011.jpg,0000011,
Traffic,https://media.istockphoto.com/id/458969983/photo/dangerous-overtaking.jpg?s=612x612&w=0&k=20&c=1Mzsl3pX9ybmCRyY41FxpbLhFbBWc-2eqv4p-1aJ--0=,Complied,Road Condition,Traffic_Rules_1,0000011,data/processed_images/traffic/Traffic_Rules_1/0000011.jpg,0000011,
Traffic,https://media.istockphoto.com/id/458969983/photo/dangerous-overtaking.jpg?s=612x612&w=0&k=20&c=1Mzsl3pX9ybmCRyY41FxpbLhFbBWc-2eqv4p-1aJ--0=,Violated,Traffic Rules,Traffic_Rules_1,0000011,data/processed_images/traffic/Traffic_Rules_1/0000011.jpg,0000011,
Traffic,https://media.istockphoto.com/id/458969983/photo/dangerous-overtaking.jpg?s=612x612&w=0&k=20&c=1Mzsl3pX9ybmCRyY41FxpbLhFbBWc-2eqv4p-1aJ--0=,Complied,Vehicle Load,Traffic_Rules_1,0000011,data/processed_images/traffic/Traffic_Rules_1/0000011.jpg,0000011,
Traffic,https://media.istockphoto.com/id/115918871/photo/traffic-on-the-highway.jpg?s=612x612&w=0&k=20&c=ukygLoucRNtLLEay-YuDa6hJIoFh0xGyzo8dI-VeTO8=,Not Applicable,Driving Distraction,Traffic_Rules_1,0000012,data/processed_images/traffic/Traffic_Rules_1/0000012.jpg,0000012,
Traffic,https://media.istockphoto.com/id/115918871/photo/traffic-on-the-highway.jpg?s=612x612&w=0&k=20&c=ukygLoucRNtLLEay-YuDa6hJIoFh0xGyzo8dI-VeTO8=,Not Applicable,Pedestrian Crossing,Traffic_Rules_1,0000012,data/processed_images/traffic/Traffic_Rules_1/0000012.jpg,0000012,
Traffic,https://media.istockphoto.com/id/115918871/photo/traffic-on-the-highway.jpg?s=612x612&w=0&k=20&c=ukygLoucRNtLLEay-YuDa6hJIoFh0xGyzo8dI-VeTO8=,Complied,Road Condition,Traffic_Rules_1,0000012,data/processed_images/traffic/Traffic_Rules_1/0000012.jpg,0000012,
Traffic,https://media.istockphoto.com/id/115918871/photo/traffic-on-the-highway.jpg?s=612x612&w=0&k=20&c=ukygLoucRNtLLEay-YuDa6hJIoFh0xGyzo8dI-VeTO8=,Violated,Traffic Rules,Traffic_Rules_1,0000012,data/processed_images/traffic/Traffic_Rules_1/0000012.jpg,0000012,
Traffic,https://media.istockphoto.com/id/115918871/photo/traffic-on-the-highway.jpg?s=612x612&w=0&k=20&c=ukygLoucRNtLLEay-YuDa6hJIoFh0xGyzo8dI-VeTO8=,Complied,Vehicle Load,Traffic_Rules_1,0000012,data/processed_images/traffic/Traffic_Rules_1/0000012.jpg,0000012,
Traffic,https://media.istockphoto.com/id/1214893505/photo/people-without-helmet-violating-traffic-rules-boy-wearing-an-n-95-face-mask-sits-behind-his.jpg?s=612x612&w=0&k=20&c=V9IEmbVA2J8XgTkKKLYM0fwh3Q9OoTGHKMeoH6Lg1oQ=,Not Applicable,Driving Distraction,Traffic_Rules_1,0000013,data/processed_images/traffic/Traffic_Rules_1/0000013.jpg,0000013,
Traffic,https://media.istockphoto.com/id/1214893505/photo/people-without-helmet-violating-traffic-rules-boy-wearing-an-n-95-face-mask-sits-behind-his.jpg?s=612x612&w=0&k=20&c=V9IEmbVA2J8XgTkKKLYM0fwh3Q9OoTGHKMeoH6Lg1oQ=,Not Applicable,Pedestrian Crossing,Traffic_Rules_1,0000013,data/processed_images/traffic/Traffic_Rules_1/0000013.jpg,0000013,
Traffic,https://media.istockphoto.com/id/1214893505/photo/people-without-helmet-violating-traffic-rules-boy-wearing-an-n-95-face-mask-sits-behind-his.jpg?s=612x612&w=0&k=20&c=V9IEmbVA2J8XgTkKKLYM0fwh3Q9OoTGHKMeoH6Lg1oQ=,Not Applicable,Road Condition,Traffic_Rules_1,0000013,data/processed_images/traffic/Traffic_Rules_1/0000013.jpg,0000013,
Traffic,https://media.istockphoto.com/id/1214893505/photo/people-without-helmet-violating-traffic-rules-boy-wearing-an-n-95-face-mask-sits-behind-his.jpg?s=612x612&w=0&k=20&c=V9IEmbVA2J8XgTkKKLYM0fwh3Q9OoTGHKMeoH6Lg1oQ=,Violated,Traffic Rules,Traffic_Rules_1,0000013,data/processed_images/traffic/Traffic_Rules_1/0000013.jpg,0000013,
Traffic,https://media.istockphoto.com/id/1214893505/photo/people-without-helmet-violating-traffic-rules-boy-wearing-an-n-95-face-mask-sits-behind-his.jpg?s=612x612&w=0&k=20&c=V9IEmbVA2J8XgTkKKLYM0fwh3Q9OoTGHKMeoH6Lg1oQ=,Complied,Vehicle Load,Traffic_Rules_1,0000013,data/processed_images/traffic/Traffic_Rules_1/0000013.jpg,0000013,
Traffic,https://media.istockphoto.com/id/139085335/photo/police-cars-block-traffic.jpg?s=612x612&w=0&k=20&c=OkdUjIcQHvlfvZcGlTkWNkfX4VQLK6W10-mkxsmuTgM=,Not Applicable,Driving Distraction,Traffic_Rules_1,0000014,data/processed_images/traffic/Traffic_Rules_1/0000014.jpg,0000014,
Traffic,https://media.istockphoto.com/id/139085335/photo/police-cars-block-traffic.jpg?s=612x612&w=0&k=20&c=OkdUjIcQHvlfvZcGlTkWNkfX4VQLK6W10-mkxsmuTgM=,Not Applicable,Pedestrian Crossing,Traffic_Rules_1,0000014,data/processed_images/traffic/Traffic_Rules_1/0000014.jpg,0000014,
Traffic,https://media.istockphoto.com/id/139085335/photo/police-cars-block-traffic.jpg?s=612x612&w=0&k=20&c=OkdUjIcQHvlfvZcGlTkWNkfX4VQLK6W10-mkxsmuTgM=,Complied,Road Condition,Traffic_Rules_1,0000014,data/processed_images/traffic/Traffic_Rules_1/0000014.jpg,0000014,
Traffic,https://media.istockphoto.com/id/139085335/photo/police-cars-block-traffic.jpg?s=612x612&w=0&k=20&c=OkdUjIcQHvlfvZcGlTkWNkfX4VQLK6W10-mkxsmuTgM=,Violated,Traffic Rules,Traffic_Rules_1,0000014,data/processed_images/traffic/Traffic_Rules_1/0000014.jpg,0000014,
Traffic,https://media.istockphoto.com/id/139085335/photo/police-cars-block-traffic.jpg?s=612x612&w=0&k=20&c=OkdUjIcQHvlfvZcGlTkWNkfX4VQLK6W10-mkxsmuTgM=,Violated,Vehicle Load,Traffic_Rules_1,0000014,data/processed_images/traffic/Traffic_Rules_1/0000014.jpg,0000014,
Traffic,https://tse2.mm.bing.net/th/id/OIP.hepp42cIKG2BKRSmveec_gHaE8?r=0&pid=Api,Not Applicable,Driving Distraction,Traffic_Rules_1,0000015,data/processed_images/traffic/Traffic_Rules_1/0000015.jpg,0000015,
Traffic,https://tse2.mm.bing.net/th/id/OIP.hepp42cIKG2BKRSmveec_gHaE8?r=0&pid=Api,Not Applicable,Pedestrian Crossing,Traffic_Rules_1,0000015,data/processed_images/traffic/Traffic_Rules_1/0000015.jpg,0000015,
Traffic,https://tse2.mm.bing.net/th/id/OIP.hepp42cIKG2BKRSmveec_gHaE8?r=0&pid=Api,Complied,Road Condition,Traffic_Rules_1,0000015,data/processed_images/traffic/Traffic_Rules_1/0000015.jpg,0000015,
Traffic,https://tse2.mm.bing.net/th/id/OIP.hepp42cIKG2BKRSmveec_gHaE8?r=0&pid=Api,Violated,Traffic Rules,Traffic_Rules_1,0000015,data/processed_images/traffic/Traffic_Rules_1/0000015.jpg,0000015,
Traffic,https://tse2.mm.bing.net/th/id/OIP.hepp42cIKG2BKRSmveec_gHaE8?r=0&pid=Api,Complied,Vehicle Load,Traffic_Rules_1,0000015,data/processed_images/traffic/Traffic_Rules_1/0000015.jpg,0000015,
Traffic,https://images.unsplash.com/photo-1663406288629-4c3a2dd0b452?q=80&w=1187&auto=format&fit=crop&ixlib=rb-4.1.0&ixid=M3wxMjA3fDB8MHxwaG90by1wYWdlfHx8fGVufDB8fHx8fA%3D%3D,Not Applicable,Driving Distraction,Traffic_Rules_1,0000016,data/processed_images/traffic/Traffic_Rules_1/0000016.jpg,0000016,
Traffic,https://images.unsplash.com/photo-1663406288629-4c3a2dd0b452?q=80&w=1187&auto=format&fit=crop&ixlib=rb-4.1.0&ixid=M3wxMjA3fDB8MHxwaG90by1wYWdlfHx8fGVufDB8fHx8fA%3D%3D,Not Applicable,Pedestrian Crossing,Traffic_Rules_1,0000016,data/processed_images/traffic/Traffic_Rules_1/0000016.jpg,0000016,
Traffic,https://images.unsplash.com/photo-1663406288629-4c3a2dd0b452?q=80&w=1187&auto=format&fit=crop&ixlib=rb-4.1.0&ixid=M3wxMjA3fDB8MHxwaG90by1wYWdlfHx8fGVufDB8fHx8fA%3D%3D,Complied,Road Condition,Traffic_Rules_1,0000016,data/processed_images/traffic/Traffic_Rules_1/0000016.jpg,0000016,
Traffic,https://images.unsplash.com/photo-1663406288629-4c3a2dd0b452?q=80&w=1187&auto=format&fit=crop&ixlib=rb-4.1.0&ixid=M3wxMjA3fDB8MHxwaG90by1wYWdlfHx8fGVufDB8fHx8fA%3D%3D,Violated,Traffic Rules,Traffic_Rules_1,0000016,data/processed_images/traffic/Traffic_Rules_1/0000016.jpg,0000016,
Traffic,https://images.unsplash.com/photo-1663406288629-4c3a2dd0b452?q=80&w=1187&auto=format&fit=crop&ixlib=rb-4.1.0&ixid=M3wxMjA3fDB8MHxwaG90by1wYWdlfHx8fGVufDB8fHx8fA%3D%3D,Complied,Vehicle Load,Traffic_Rules_1,0000016,data/processed_images/traffic/Traffic_Rules_1/0000016.jpg,0000016,
Traffic,https://images.unsplash.com/photo-1668079061766-0d7f1c2b7996?w=500&auto=format&fit=crop&q=60&ixlib=rb-4.1.0&ixid=M3wxMjA3fDB8MHxzZWFyY2h8Mjd8fGNhciUyMGF0JTIwcmVkJTIwbGlnaHR8ZW58MHx8MHx8fDA%3D,Not Applicable,Driving Distraction,Traffic_Rules_1,0000017,data/processed_images/traffic/Traffic_Rules_1/0000017.jpg,0000017,
Traffic,https://images.unsplash.com/photo-1668079061766-0d7f1c2b7996?w=500&auto=format&fit=crop&q=60&ixlib=rb-4.1.0&ixid=M3wxMjA3fDB8MHxzZWFyY2h8Mjd8fGNhciUyMGF0JTIwcmVkJTIwbGlnaHR8ZW58MHx8MHx8fDA%3D,Not Applicable,Pedestrian Crossing,Traffic_Rules_1,0000017,data/processed_images/traffic/Traffic_Rules_1/0000017.jpg,0000017,
Traffic,https://images.unsplash.com/photo-1668079061766-0d7f1c2b7996?w=500&auto=format&fit=crop&q=60&ixlib=rb-4.1.0&ixid=M3wxMjA3fDB8MHxzZWFyY2h8Mjd8fGNhciUyMGF0JTIwcmVkJTIwbGlnaHR8ZW58MHx8MHx8fDA%3D,Complied,Road Condition,Traffic_Rules_1,0000017,data/processed_images/traffic/Traffic_Rules_1/0000017.jpg,0000017,
Traffic,https://images.unsplash.com/photo-1668079061766-0d7f1c2b7996?w=500&auto=format&fit=crop&q=60&ixlib=rb-4.1.0&ixid=M3wxMjA3fDB8MHxzZWFyY2h8Mjd8fGNhciUyMGF0JTIwcmVkJTIwbGlnaHR8ZW58MHx8MHx8fDA%3D,Violated,Traffic Rules,Traffic_Rules_1,0000017,data/processed_images/traffic/Traffic_Rules_1/0000017.jpg,0000017,
Traffic,https://images.unsplash.com/photo-1668079061766-0d7f1c2b7996?w=500&auto=format&fit=crop&q=60&ixlib=rb-4.1.0&ixid=M3wxMjA3fDB8MHxzZWFyY2h8Mjd8fGNhciUyMGF0JTIwcmVkJTIwbGlnaHR8ZW58MHx8MHx8fDA%3D,Complied,Vehicle Load,Traffic_Rules_1,0000017,data/processed_images/traffic/Traffic_Rules_1/0000017.jpg,0000017,
Traffic,https://media.istockphoto.com/id/2161543642/photo/running-yellow-lights.webp?s=1024x1024&w=is&k=20&c=FoZ9Ge1jeI5APSlvM03RZFFWZZPYo1QnGUhKEvlIzbo=,Not Applicable,Driving Distraction,Traffic_Rules_1,0000018,data/processed_images/traffic/Traffic_Rules_1/0000018.jpg,0000018,
Traffic,https://media.istockphoto.com/id/2161543642/photo/running-yellow-lights.webp?s=1024x1024&w=is&k=20&c=FoZ9Ge1jeI5APSlvM03RZFFWZZPYo1QnGUhKEvlIzbo=,Not Applicable,Pedestrian Crossing,Traffic_Rules_1,0000018,data/processed_images/traffic/Traffic_Rules_1/0000018.jpg,0000018,
Traffic,https://media.istockphoto.com/id/2161543642/photo/running-yellow-lights.webp?s=1024x1024&w=is&k=20&c=FoZ9Ge1jeI5APSlvM03RZFFWZZPYo1QnGUhKEvlIzbo=,Not Applicable,Road Condition,Traffic_Rules_1,0000018,data/processed_images/traffic/Traffic_Rules_1/0000018.jpg,0000018,
Traffic,https://media.istockphoto.com/id/2161543642/photo/running-yellow-lights.webp?s=1024x1024&w=is&k=20&c=FoZ9Ge1jeI5APSlvM03RZFFWZZPYo1QnGUhKEvlIzbo=,Violated,Traffic Rules,Traffic_Rules_1,0000018,data/processed_images/traffic/Traffic_Rules_1/0000018.jpg,0000018,
Traffic,https://media.istockphoto.com/id/2161543642/photo/running-yellow-lights.webp?s=1024x1024&w=is&k=20&c=FoZ9Ge1jeI5APSlvM03RZFFWZZPYo1QnGUhKEvlIzbo=,Not Applicable,Vehicle Load,Traffic_Rules_1,0000018,data/processed_images/traffic/Traffic_Rules_1/0000018.jpg,0000018,
Traffic,https://media.gettyimages.com/id/1255452931/photo/automobiles-run-a-red-light-at-the-intersection-at-houston-avenue-and-memorial-drive-in.jpg?s=612x612&w=gi&k=20&c=WzSC2ckV-TxEUcvrSy4UNqqLnci7pI81KeUjhKn3GCc=,Not Applicable,Driving Distraction,Traffic_Rules_1,0000019,data/processed_images/traffic/Traffic_Rules_1/0000019.jpg,0000019,
Traffic,https://media.gettyimages.com/id/1255452931/photo/automobiles-run-a-red-light-at-the-intersection-at-houston-avenue-and-memorial-drive-in.jpg?s=612x612&w=gi&k=20&c=WzSC2ckV-TxEUcvrSy4UNqqLnci7pI81KeUjhKn3GCc=,Not Applicable,Pedestrian Crossing,Traffic_Rules_1,0000019,data/processed_images/traffic/Traffic_Rules_1/0000019.jpg,0000019,
Traffic,https://media.gettyimages.com/id/1255452931/photo/automobiles-run-a-red-light-at-the-intersection-at-houston-avenue-and-memorial-drive-in.jpg?s=612x612&w=gi&k=20&c=WzSC2ckV-TxEUcvrSy4UNqqLnci7pI81KeUjhKn3GCc=,Not Applicable,Road Condition,Traffic_Rules_1,0000019,data/processed_images/traffic/Traffic_Rules_1/0000019.jpg,0000019,
Traffic,https://media.gettyimages.com/id/1255452931/photo/automobiles-run-a-red-light-at-the-intersection-at-houston-avenue-and-memorial-drive-in.jpg?s=612x612&w=gi&k=20&c=WzSC2ckV-TxEUcvrSy4UNqqLnci7pI81KeUjhKn3GCc=,Violated,Traffic Rules,Traffic_Rules_1,0000019,data/processed_images/traffic/Traffic_Rules_1/0000019.jpg,0000019,
Traffic,https://media.gettyimages.com/id/1255452931/photo/automobiles-run-a-red-light-at-the-intersection-at-houston-avenue-and-memorial-drive-in.jpg?s=612x612&w=gi&k=20&c=WzSC2ckV-TxEUcvrSy4UNqqLnci7pI81KeUjhKn3GCc=,Complied,Vehicle Load,Traffic_Rules_1,0000019,data/processed_images/traffic/Traffic_Rules_1/0000019.jpg,0000019,
Traffic,https://injurylawyer.com/wp-content/uploads/2019/01/shutterstock_1219713949-e1546541020647.jpg.webp,Not Applicable,Driving Distraction,Traffic_Rules_1,0000020,,nan,Wrong Format (e.g. .webp)
Traffic,https://injurylawyer.com/wp-content/uploads/2019/01/shutterstock_1219713949-e1546541020647.jpg.webp,Not Applicable,Pedestrian Crossing,Traffic_Rules_1,0000020,,nan,Wrong Format (e.g. .webp)
Traffic,https://injurylawyer.com/wp-content/uploads/2019/01/shutterstock_1219713949-e1546541020647.jpg.webp,Not Applicable,Road Condition,Traffic_Rules_1,0000020,,nan,Wrong Format (e.g. .webp)
Traffic,https://injurylawyer.com/wp-content/uploads/2019/01/shutterstock_1219713949-e1546541020647.jpg.webp,Violated,Traffic Rules,Traffic_Rules_1,0000020,,nan,Wrong Format (e.g. .webp)
Traffic,https://injurylawyer.com/wp-content/uploads/2019/01/shutterstock_1219713949-e1546541020647.jpg.webp,Complied,Vehicle Load,Traffic_Rules_1,0000020,,nan,Wrong Format (e.g. .webp)
Traffic,https://media.licdn.com/dms/image/v2/C5612AQEK8ndBs5M_lg/article-cover_image-shrink_720_1280/article-cover_image-shrink_720_1280/0/1547761671901?e=2147483647&v=beta&t=HlaQdZ9xFp-uD_Rx7UvWMaGKMmjwzHf7jUPEeXU5UR8,Not Applicable,Driving Distraction,Traffic_Rules_1,0000021,data/processed_images/traffic/Traffic_Rules_1/0000021.jpg,0000021,
Traffic,https://media.licdn.com/dms/image/v2/C5612AQEK8ndBs5M_lg/article-cover_image-shrink_720_1280/article-cover_image-shrink_720_1280/0/1547761671901?e=2147483647&v=beta&t=HlaQdZ9xFp-uD_Rx7UvWMaGKMmjwzHf7jUPEeXU5UR8,Complied,Pedestrian Crossing,Traffic_Rules_1,0000021,data/processed_images/traffic/Traffic_Rules_1/0000021.jpg,0000021,
Traffic,https://media.licdn.com/dms/image/v2/C5612AQEK8ndBs5M_lg/article-cover_image-shrink_720_1280/article-cover_image-shrink_720_1280/0/1547761671901?e=2147483647&v=beta&t=HlaQdZ9xFp-uD_Rx7UvWMaGKMmjwzHf7jUPEeXU5UR8,Complied,Road Condition,Traffic_Rules_1,0000021,data/processed_images/traffic/Traffic_Rules_1/0000021.jpg,0000021,
Traffic,https://media.licdn.com/dms/image/v2/C5612AQEK8ndBs5M_lg/article-cover_image-shrink_720_1280/article-cover_image-shrink_720_1280/0/1547761671901?e=2147483647&v=beta&t=HlaQdZ9xFp-uD_Rx7UvWMaGKMmjwzHf7jUPEeXU5UR8,Violated,Traffic Rules,Traffic_Rules_1,0000021,data/processed_images/traffic/Traffic_Rules_1/0000021.jpg,0000021,
Traffic,https://media.licdn.com/dms/image/v2/C5612AQEK8ndBs5M_lg/article-cover_image-shrink_720_1280/article-cover_image-shrink_720_1280/0/1547761671901?e=2147483647&v=beta&t=HlaQdZ9xFp-uD_Rx7UvWMaGKMmjwzHf7jUPEeXU5UR8,Complied,Vehicle Load,Traffic_Rules_1,0000021,data/processed_images/traffic/Traffic_Rules_1/0000021.jpg,0000021,
Traffic,https://blogger.googleusercontent.com/img/b/R29vZ2xl/AVvXsEh9_XXl81YI8WIS6t-ThmVJ6fvM3tS9eEWg13fcQirGBThD15ffn9dZrxhD2LGEfjethGqcOJ3XEFptPRBdJ0iFa7Bz0b_HFSzEeUvJ8CFdGOnLHkswhvoCuUOxaYSbBuXALnmNeA/s1600/reddit+-+red+light+fine.png,Not Applicable,Driving Distraction,Traffic_Rules_1,0000022,data/processed_images/traffic/Traffic_Rules_1/0000022.png,0000022,
Traffic,https://blogger.googleusercontent.com/img/b/R29vZ2xl/AVvXsEh9_XXl81YI8WIS6t-ThmVJ6fvM3tS9eEWg13fcQirGBThD15ffn9dZrxhD2LGEfjethGqcOJ3XEFptPRBdJ0iFa7Bz0b_HFSzEeUvJ8CFdGOnLHkswhvoCuUOxaYSbBuXALnmNeA/s1600/reddit+-+red+light+fine.png,Not Applicable,Pedestrian Crossing,Traffic_Rules_1,0000022,data/processed_images/traffic/Traffic_Rules_1/0000022.png,0000022,
Traffic,https://blogger.googleusercontent.com/img/b/R29vZ2xl/AVvXsEh9_XXl81YI8WIS6t-ThmVJ6fvM3tS9eEWg13fcQirGBThD15ffn9dZrxhD2LGEfjethGqcOJ3XEFptPRBdJ0iFa7Bz0b_HFSzEeUvJ8CFdGOnLHkswhvoCuUOxaYSbBuXALnmNeA/s1600/reddit+-+red+light+fine.png,Complied,Road Condition,Traffic_Rules_1,0000022,data/processed_images/traffic/Traffic_Rules_1/0000022.png,0000022,
Traffic,https://blogger.googleusercontent.com/img/b/R29vZ2xl/AVvXsEh9_XXl81YI8WIS6t-ThmVJ6fvM3tS9eEWg13fcQirGBThD15ffn9dZrxhD2LGEfjethGqcOJ3XEFptPRBdJ0iFa7Bz0b_HFSzEeUvJ8CFdGOnLHkswhvoCuUOxaYSbBuXALnmNeA/s1600/reddit+-+red+light+fine.png,Violated,Traffic Rules,Traffic_Rules_1,0000022,data/processed_images/traffic/Traffic_Rules_1/0000022.png,0000022,
Traffic,https://blogger.googleusercontent.com/img/b/R29vZ2xl/AVvXsEh9_XXl81YI8WIS6t-ThmVJ6fvM3tS9eEWg13fcQirGBThD15ffn9dZrxhD2LGEfjethGqcOJ3XEFptPRBdJ0iFa7Bz0b_HFSzEeUvJ8CFdGOnLHkswhvoCuUOxaYSbBuXALnmNeA/s1600/reddit+-+red+light+fine.png,Complied,Vehicle Load,Traffic_Rules_1,0000022,data/processed_images/traffic/Traffic_Rules_1/0000022.png,0000022,
Traffic,https://www.austockphoto.com.au/imgcache/uploads/photos/compressed/cars-driving-through-traffic-lights-on-busy-urban-street-in-daytime-austockphoto-000044098.jpg,Not Applicable,Driving Distraction,Traffic_Rules_1,0000023,data/processed_images/traffic/Traffic_Rules_1/0000023.jpg,0000023,
Traffic,https://www.austockphoto.com.au/imgcache/uploads/photos/compressed/cars-driving-through-traffic-lights-on-busy-urban-street-in-daytime-austockphoto-000044098.jpg,Not Applicable,Pedestrian Crossing,Traffic_Rules_1,0000023,data/processed_images/traffic/Traffic_Rules_1/0000023.jpg,0000023,
Traffic,https://www.austockphoto.com.au/imgcache/uploads/photos/compressed/cars-driving-through-traffic-lights-on-busy-urban-street-in-daytime-austockphoto-000044098.jpg,Complied,Road Condition,Traffic_Rules_1,0000023,data/processed_images/traffic/Traffic_Rules_1/0000023.jpg,0000023,
Traffic,https://www.austockphoto.com.au/imgcache/uploads/photos/compressed/cars-driving-through-traffic-lights-on-busy-urban-street-in-daytime-austockphoto-000044098.jpg,Violated,Traffic Rules,Traffic_Rules_1,0000023,data/processed_images/traffic/Traffic_Rules_1/0000023.jpg,0000023,
Traffic,https://www.austockphoto.com.au/imgcache/uploads/photos/compressed/cars-driving-through-traffic-lights-on-busy-urban-street-in-daytime-austockphoto-000044098.jpg,Complied,Vehicle Load,Traffic_Rules_1,0000023,data/processed_images/traffic/Traffic_Rules_1/0000023.jpg,0000023,
Traffic,https://www.heraldnet.com/wp-content/uploads/2019/01/14686101_web1_M-Stop-Sign-EDH-190122.jpg,Not Applicable,Driving Distraction,Traffic_Rules_1,0000024,data/processed_images/traffic/Traffic_Rules_1/0000024.jpg,0000024,
Traffic,https://www.heraldnet.com/wp-content/uploads/2019/01/14686101_web1_M-Stop-Sign-EDH-190122.jpg,Not Applicable,Pedestrian Crossing,Traffic_Rules_1,0000024,data/processed_images/traffic/Traffic_Rules_1/0000024.jpg,0000024,
Traffic,https://www.heraldnet.com/wp-content/uploads/2019/01/14686101_web1_M-Stop-Sign-EDH-190122.jpg,Complied,Road Condition,Traffic_Rules_1,0000024,data/processed_images/traffic/Traffic_Rules_1/0000024.jpg,0000024,
Traffic,https://www.heraldnet.com/wp-content/uploads/2019/01/14686101_web1_M-Stop-Sign-EDH-190122.jpg,Violated,Traffic Rules,Traffic_Rules_1,0000024,data/processed_images/traffic/Traffic_Rules_1/0000024.jpg,0000024,
Traffic,https://www.heraldnet.com/wp-content/uploads/2019/01/14686101_web1_M-Stop-Sign-EDH-190122.jpg,Complied,Vehicle Load,Traffic_Rules_1,0000024,data/processed_images/traffic/Traffic_Rules_1/0000024.jpg,0000024,
Traffic,https://thatsmyspot.com.au/wp-content/uploads/2022/11/Illegal-parking-along-sidewalk-image.jpeg,Not Applicable,Driving Distraction,Traffic_Rules_1,0000025,data/processed_images/traffic/Traffic_Rules_1/0000025.jpeg,0000025,
Traffic,https://thatsmyspot.com.au/wp-content/uploads/2022/11/Illegal-parking-along-sidewalk-image.jpeg,Not Applicable,Pedestrian Crossing,Traffic_Rules_1,0000025,data/processed_images/traffic/Traffic_Rules_1/0000025.jpeg,0000025,
Traffic,https://thatsmyspot.com.au/wp-content/uploads/2022/11/Illegal-parking-along-sidewalk-image.jpeg,Complied,Road Condition,Traffic_Rules_1,0000025,data/processed_images/traffic/Traffic_Rules_1/0000025.jpeg,0000025,
Traffic,https://thatsmyspot.com.au/wp-content/uploads/2022/11/Illegal-parking-along-sidewalk-image.jpeg,Violated,Traffic Rules,Traffic_Rules_1,0000025,data/processed_images/traffic/Traffic_Rules_1/0000025.jpeg,0000025,
Traffic,https://thatsmyspot.com.au/wp-content/uploads/2022/11/Illegal-parking-along-sidewalk-image.jpeg,Complied,Vehicle Load,Traffic_Rules_1,0000025,data/processed_images/traffic/Traffic_Rules_1/0000025.jpeg,0000025,
Traffic,https://bicyclecoalition.org/wp-content/uploads/2018/09/1.jpg,Not Applicable,Driving Distraction,Traffic_Rules_1,0000026,data/processed_images/traffic/Traffic_Rules_1/0000026.jpg,0000026,
Traffic,https://bicyclecoalition.org/wp-content/uploads/2018/09/1.jpg,Not Applicable,Pedestrian Crossing,Traffic_Rules_1,0000026,data/processed_images/traffic/Traffic_Rules_1/0000026.jpg,0000026,
Traffic,https://bicyclecoalition.org/wp-content/uploads/2018/09/1.jpg,Complied,Road Condition,Traffic_Rules_1,0000026,data/processed_images/traffic/Traffic_Rules_1/0000026.jpg,0000026,
Traffic,https://bicyclecoalition.org/wp-content/uploads/2018/09/1.jpg,Violated,Traffic Rules,Traffic_Rules_1,0000026,data/processed_images/traffic/Traffic_Rules_1/0000026.jpg,0000026,
Traffic,https://bicyclecoalition.org/wp-content/uploads/2018/09/1.jpg,Complied,Vehicle Load,Traffic_Rules_1,0000026,data/processed_images/traffic/Traffic_Rules_1/0000026.jpg,0000026,
Traffic,https://s.yimg.com/ny/api/res/1.2/DEaCbq07ZnUKrqZa2ll90g--/YXBwaWQ9aGlnaGxhbmRlcjt3PTY0MDtoPTM0NQ--/https:/s.yimg.com/os/creatr-uploaded-images/2023-04/6f221f00-e3e0-11ed-be2e-782f0377c04c,Not Applicable,Driving Distraction,Traffic_Rules_1,0000027,data/processed_images/traffic/Traffic_Rules_1/0000027.jpg,0000027,
Traffic,https://s.yimg.com/ny/api/res/1.2/DEaCbq07ZnUKrqZa2ll90g--/YXBwaWQ9aGlnaGxhbmRlcjt3PTY0MDtoPTM0NQ--/https:/s.yimg.com/os/creatr-uploaded-images/2023-04/6f221f00-e3e0-11ed-be2e-782f0377c04c,Not Applicable,Pedestrian Crossing,Traffic_Rules_1,0000027,data/processed_images/traffic/Traffic_Rules_1/0000027.jpg,0000027,
Traffic,https://s.yimg.com/ny/api/res/1.2/DEaCbq07ZnUKrqZa2ll90g--/YXBwaWQ9aGlnaGxhbmRlcjt3PTY0MDtoPTM0NQ--/https:/s.yimg.com/os/creatr-uploaded-images/2023-04/6f221f00-e3e0-11ed-be2e-782f0377c04c,Violated,Road Condition,Traffic_Rules_1,0000027,data/processed_images/traffic/Traffic_Rules_1/0000027.jpg,0000027,
Traffic,https://s.yimg.com/ny/api/res/1.2/DEaCbq07ZnUKrqZa2ll90g--/YXBwaWQ9aGlnaGxhbmRlcjt3PTY0MDtoPTM0NQ--/https:/s.yimg.com/os/creatr-uploaded-images/2023-04/6f221f00-e3e0-11ed-be2e-782f0377c04c,Violated,Traffic Rules,Traffic_Rules_1,0000027,data/processed_images/traffic/Traffic_Rules_1/0000027.jpg,0000027,
Traffic,https://s.yimg.com/ny/api/res/1.2/DEaCbq07ZnUKrqZa2ll90g--/YXBwaWQ9aGlnaGxhbmRlcjt3PTY0MDtoPTM0NQ--/https:/s.yimg.com/os/creatr-uploaded-images/2023-04/6f221f00-e3e0-11ed-be2e-782f0377c04c,Complied,Vehicle Load,Traffic_Rules_1,0000027,data/processed_images/traffic/Traffic_Rules_1/0000027.jpg,0000027,
Traffic,https://encrypted-tbn0.gstatic.com/images?q=tbn:ANd9GcTjQPsH0MV0sjDARVsVSyZY9neors9H7iCfU6Cp3KfSPdIbvCaYcSY6nenIYNJPAyHlCUU&usqp=CAU,Not Applicable,Driving Distraction,Traffic_Rules_1,0000028,data/processed_images/traffic/Traffic_Rules_1/0000028.jpg,0000028,
Traffic,https://encrypted-tbn0.gstatic.com/images?q=tbn:ANd9GcTjQPsH0MV0sjDARVsVSyZY9neors9H7iCfU6Cp3KfSPdIbvCaYcSY6nenIYNJPAyHlCUU&usqp=CAU,Not Applicable,Pedestrian Crossing,Traffic_Rules_1,0000028,data/processed_images/traffic/Traffic_Rules_1/0000028.jpg,0000028,
Traffic,https://encrypted-tbn0.gstatic.com/images?q=tbn:ANd9GcTjQPsH0MV0sjDARVsVSyZY9neors9H7iCfU6Cp3KfSPdIbvCaYcSY6nenIYNJPAyHlCUU&usqp=CAU,Complied,Road Condition,Traffic_Rules_1,0000028,data/processed_images/traffic/Traffic_Rules_1/0000028.jpg,0000028,
Traffic,https://encrypted-tbn0.gstatic.com/images?q=tbn:ANd9GcTjQPsH0MV0sjDARVsVSyZY9neors9H7iCfU6Cp3KfSPdIbvCaYcSY6nenIYNJPAyHlCUU&usqp=CAU,Violated,Traffic Rules,Traffic_Rules_1,0000028,data/processed_images/traffic/Traffic_Rules_1/0000028.jpg,0000028,
Traffic,https://encrypted-tbn0.gstatic.com/images?q=tbn:ANd9GcTjQPsH0MV0sjDARVsVSyZY9neors9H7iCfU6Cp3KfSPdIbvCaYcSY6nenIYNJPAyHlCUU&usqp=CAU,Complied,Vehicle Load,Traffic_Rules_1,0000028,data/processed_images/traffic/Traffic_Rules_1/0000028.jpg,0000028,
Traffic,https://encrypted-tbn0.gstatic.com/images?q=tbn:ANd9GcQ63fE6spZHoPhZy-oYmT4ffXLGkbY50AGCGOe9TT6JD9x2gkWiCrj-mDiEm-0gW6xaivk&usqp=CAU,Not Applicable,Driving Distraction,Traffic_Rules_1,0000029,data/processed_images/traffic/Traffic_Rules_1/0000029.jpg,0000029,
Traffic,https://encrypted-tbn0.gstatic.com/images?q=tbn:ANd9GcQ63fE6spZHoPhZy-oYmT4ffXLGkbY50AGCGOe9TT6JD9x2gkWiCrj-mDiEm-0gW6xaivk&usqp=CAU,Not Applicable,Pedestrian Crossing,Traffic_Rules_1,0000029,data/processed_images/traffic/Traffic_Rules_1/0000029.jpg,0000029,
Traffic,https://encrypted-tbn0.gstatic.com/images?q=tbn:ANd9GcQ63fE6spZHoPhZy-oYmT4ffXLGkbY50AGCGOe9TT6JD9x2gkWiCrj-mDiEm-0gW6xaivk&usqp=CAU,Complied,Road Condition,Traffic_Rules_1,0000029,data/processed_images/traffic/Traffic_Rules_1/0000029.jpg,0000029,
Traffic,https://encrypted-tbn0.gstatic.com/images?q=tbn:ANd9GcQ63fE6spZHoPhZy-oYmT4ffXLGkbY50AGCGOe9TT6JD9x2gkWiCrj-mDiEm-0gW6xaivk&usqp=CAU,Violated,Traffic Rules,Traffic_Rules_1,0000029,data/processed_images/traffic/Traffic_Rules_1/0000029.jpg,0000029,
Traffic,https://encrypted-tbn0.gstatic.com/images?q=tbn:ANd9GcQ63fE6spZHoPhZy-oYmT4ffXLGkbY50AGCGOe9TT6JD9x2gkWiCrj-mDiEm-0gW6xaivk&usqp=CAU,Complied,Vehicle Load,Traffic_Rules_1,0000029,data/processed_images/traffic/Traffic_Rules_1/0000029.jpg,0000029,
Traffic,https://encrypted-tbn0.gstatic.com/images?q=tbn:ANd9GcStdyLZnMH5pHhy7AptoreqSuTJULO_9-8pjaJyvlY2wwmD6Q9lQkBs7wocmVv3TZjiEQM&usqp=CAU,Not Applicable,Driving Distraction,Traffic_Rules_1,0000030,data/processed_images/traffic/Traffic_Rules_1/0000030.jpg,0000030,
Traffic,https://encrypted-tbn0.gstatic.com/images?q=tbn:ANd9GcStdyLZnMH5pHhy7AptoreqSuTJULO_9-8pjaJyvlY2wwmD6Q9lQkBs7wocmVv3TZjiEQM&usqp=CAU,Not Applicable,Pedestrian Crossing,Traffic_Rules_1,0000030,data/processed_images/traffic/Traffic_Rules_1/0000030.jpg,0000030,
Traffic,https://encrypted-tbn0.gstatic.com/images?q=tbn:ANd9GcStdyLZnMH5pHhy7AptoreqSuTJULO_9-8pjaJyvlY2wwmD6Q9lQkBs7wocmVv3TZjiEQM&usqp=CAU,Complied,Road Condition,Traffic_Rules_1,0000030,data/processed_images/traffic/Traffic_Rules_1/0000030.jpg,0000030,
Traffic,https://encrypted-tbn0.gstatic.com/images?q=tbn:ANd9GcStdyLZnMH5pHhy7AptoreqSuTJULO_9-8pjaJyvlY2wwmD6Q9lQkBs7wocmVv3TZjiEQM&usqp=CAU,Violated,Traffic Rules,Traffic_Rules_1,0000030,data/processed_images/traffic/Traffic_Rules_1/0000030.jpg,0000030,
Traffic,https://encrypted-tbn0.gstatic.com/images?q=tbn:ANd9GcStdyLZnMH5pHhy7AptoreqSuTJULO_9-8pjaJyvlY2wwmD6Q9lQkBs7wocmVv3TZjiEQM&usqp=CAU,Complied,Vehicle Load,Traffic_Rules_1,0000030,data/processed_images/traffic/Traffic_Rules_1/0000030.jpg,0000030,
Traffic,https://content.api.news/v3/images/bin/f00be14e21f7d2e52bc4078c0d8bef4b,Not Applicable,Driving Distraction,Traffic_Rules_1,0000031,data/processed_images/traffic/Traffic_Rules_1/0000031.jpg,0000031,
Traffic,https://content.api.news/v3/images/bin/f00be14e21f7d2e52bc4078c0d8bef4b,Not Applicable,Pedestrian Crossing,Traffic_Rules_1,0000031,data/processed_images/traffic/Traffic_Rules_1/0000031.jpg,0000031,
Traffic,https://content.api.news/v3/images/bin/f00be14e21f7d2e52bc4078c0d8bef4b,Complied,Road Condition,Traffic_Rules_1,0000031,data/processed_images/traffic/Traffic_Rules_1/0000031.jpg,0000031,
Traffic,https://content.api.news/v3/images/bin/f00be14e21f7d2e52bc4078c0d8bef4b,Violated,Traffic Rules,Traffic_Rules_1,0000031,data/processed_images/traffic/Traffic_Rules_1/0000031.jpg,0000031,
Traffic,https://content.api.news/v3/images/bin/f00be14e21f7d2e52bc4078c0d8bef4b,Complied,Vehicle Load,Traffic_Rules_1,0000031,data/processed_images/traffic/Traffic_Rules_1/0000031.jpg,0000031,
Traffic,https://thumbs.dreamstime.com/b/illegal-parking-pedestrian-crossing-violation-rules-rights-pedestrians-54732203.jpg,Not Applicable,Driving Distraction,Traffic_Rules_1,0000032,data/processed_images/traffic/Traffic_Rules_1/0000032.jpg,0000032,
Traffic,https://thumbs.dreamstime.com/b/illegal-parking-pedestrian-crossing-violation-rules-rights-pedestrians-54732203.jpg,Not Applicable,Pedestrian Crossing,Traffic_Rules_1,0000032,data/processed_images/traffic/Traffic_Rules_1/0000032.jpg,0000032,
Traffic,https://thumbs.dreamstime.com/b/illegal-parking-pedestrian-crossing-violation-rules-rights-pedestrians-54732203.jpg,Not Applicable,Road Condition,Traffic_Rules_1,0000032,data/processed_images/traffic/Traffic_Rules_1/0000032.jpg,0000032,
Traffic,https://thumbs.dreamstime.com/b/illegal-parking-pedestrian-crossing-violation-rules-rights-pedestrians-54732203.jpg,Violated,Traffic Rules,Traffic_Rules_1,0000032,data/processed_images/traffic/Traffic_Rules_1/0000032.jpg,0000032,
Traffic,https://thumbs.dreamstime.com/b/illegal-parking-pedestrian-crossing-violation-rules-rights-pedestrians-54732203.jpg,Complied,Vehicle Load,Traffic_Rules_1,0000032,data/processed_images/traffic/Traffic_Rules_1/0000032.jpg,0000032,
Traffic,https://images.carexpert.com.au/resize/960/-/cms/v1/media/2023-07-blocked-intersection.jpg,Not Applicable,Driving Distraction,Traffic_Rules_1,0000033,data/processed_images/traffic/Traffic_Rules_1/0000033.jpg,0000033,
Traffic,https://images.carexpert.com.au/resize/960/-/cms/v1/media/2023-07-blocked-intersection.jpg,Not Applicable,Pedestrian Crossing,Traffic_Rules_1,0000033,data/processed_images/traffic/Traffic_Rules_1/0000033.jpg,0000033,
Traffic,https://images.carexpert.com.au/resize/960/-/cms/v1/media/2023-07-blocked-intersection.jpg,Complied,Road Condition,Traffic_Rules_1,0000033,data/processed_images/traffic/Traffic_Rules_1/0000033.jpg,0000033,
Traffic,https://images.carexpert.com.au/resize/960/-/cms/v1/media/2023-07-blocked-intersection.jpg,Violated,Traffic Rules,Traffic_Rules_1,0000033,data/processed_images/traffic/Traffic_Rules_1/0000033.jpg,0000033,
Traffic,https://images.carexpert.com.au/resize/960/-/cms/v1/media/2023-07-blocked-intersection.jpg,Complied,Vehicle Load,Traffic_Rules_1,0000033,data/processed_images/traffic/Traffic_Rules_1/0000033.jpg,0000033,
Traffic,https://images.carexpert.com.au/resize/960/-/app/uploads/2023/08/blocked-intersection-3.jpg,Not Applicable,Driving Distraction,Traffic_Rules_1,0000034,data/processed_images/traffic/Traffic_Rules_1/0000034.jpg,0000034,
Traffic,https://images.carexpert.com.au/resize/960/-/app/uploads/2023/08/blocked-intersection-3.jpg,Not Applicable,Pedestrian Crossing,Traffic_Rules_1,0000034,data/processed_images/traffic/Traffic_Rules_1/0000034.jpg,0000034,
Traffic,https://images.carexpert.com.au/resize/960/-/app/uploads/2023/08/blocked-intersection-3.jpg,Not Applicable,Road Condition,Traffic_Rules_1,0000034,data/processed_images/traffic/Traffic_Rules_1/0000034.jpg,0000034,
Traffic,https://images.carexpert.com.au/resize/960/-/app/uploads/2023/08/blocked-intersection-3.jpg,Violated,Traffic Rules,Traffic_Rules_1,0000034,data/processed_images/traffic/Traffic_Rules_1/0000034.jpg,0000034,
Traffic,https://images.carexpert.com.au/resize/960/-/app/uploads/2023/08/blocked-intersection-3.jpg,Complied,Vehicle Load,Traffic_Rules_1,0000034,data/processed_images/traffic/Traffic_Rules_1/0000034.jpg,0000034,
Traffic,https://images.carexpert.com.au/resize/960/-/app/uploads/2023/08/blocked-intersection-2.png,Not Applicable,Driving Distraction,Traffic_Rules_1,0000035,data/processed_images/traffic/Traffic_Rules_1/0000035.png,0000035,
Traffic,https://images.carexpert.com.au/resize/960/-/app/uploads/2023/08/blocked-intersection-2.png,Not Applicable,Pedestrian Crossing,Traffic_Rules_1,0000035,data/processed_images/traffic/Traffic_Rules_1/0000035.png,0000035,
Traffic,https://images.carexpert.com.au/resize/960/-/app/uploads/2023/08/blocked-intersection-2.png,Complied,Road Condition,Traffic_Rules_1,0000035,data/processed_images/traffic/Traffic_Rules_1/0000035.png,0000035,
Traffic,https://images.carexpert.com.au/resize/960/-/app/uploads/2023/08/blocked-intersection-2.png,Violated,Traffic Rules,Traffic_Rules_1,0000035,data/processed_images/traffic/Traffic_Rules_1/0000035.png,0000035,
Traffic,https://images.carexpert.com.au/resize/960/-/app/uploads/2023/08/blocked-intersection-2.png,Complied,Vehicle Load,Traffic_Rules_1,0000035,data/processed_images/traffic/Traffic_Rules_1/0000035.png,0000035,
Traffic,https://encrypted-tbn0.gstatic.com/images?q=tbn:ANd9GcQblo3PT9wfa9c0pHNglOvp5CZ0-D-xq98YJWlhJ1XPebZgIv9KnT0rNQ2GoJTI6LUc16w&usqp=CAU,Not Applicable,Driving Distraction,Traffic_Rules_1,0000036,data/processed_images/traffic/Traffic_Rules_1/0000036.jpg,0000036,
Traffic,https://encrypted-tbn0.gstatic.com/images?q=tbn:ANd9GcQblo3PT9wfa9c0pHNglOvp5CZ0-D-xq98YJWlhJ1XPebZgIv9KnT0rNQ2GoJTI6LUc16w&usqp=CAU,Not Applicable,Pedestrian Crossing,Traffic_Rules_1,0000036,data/processed_images/traffic/Traffic_Rules_1/0000036.jpg,0000036,
Traffic,https://encrypted-tbn0.gstatic.com/images?q=tbn:ANd9GcQblo3PT9wfa9c0pHNglOvp5CZ0-D-xq98YJWlhJ1XPebZgIv9KnT0rNQ2GoJTI6LUc16w&usqp=CAU,Complied,Road Condition,Traffic_Rules_1,0000036,data/processed_images/traffic/Traffic_Rules_1/0000036.jpg,0000036,
Traffic,https://encrypted-tbn0.gstatic.com/images?q=tbn:ANd9GcQblo3PT9wfa9c0pHNglOvp5CZ0-D-xq98YJWlhJ1XPebZgIv9KnT0rNQ2GoJTI6LUc16w&usqp=CAU,Violated,Traffic Rules,Traffic_Rules_1,0000036,data/processed_images/traffic/Traffic_Rules_1/0000036.jpg,0000036,
Traffic,https://encrypted-tbn0.gstatic.com/images?q=tbn:ANd9GcQblo3PT9wfa9c0pHNglOvp5CZ0-D-xq98YJWlhJ1XPebZgIv9KnT0rNQ2GoJTI6LUc16w&usqp=CAU,Complied,Vehicle Load,Traffic_Rules_1,0000036,data/processed_images/traffic/Traffic_Rules_1/0000036.jpg,0000036,
Traffic,https://media.istockphoto.com/id/1323332711/photo/a-very-busy-sydney-road-in-brunswick-in-the-early-evening-light.jpg?s=612x612&w=0&k=20&c=CIiTSAHjBbZcQkKeQ3lKgEy7rK6WqbgHcS1dMBow1a4=,Not Applicable,Driving Distraction,Traffic_Rules_1,0000037,data/processed_images/traffic/Traffic_Rules_1/0000037.jpg,0000037,
Traffic,https://media.istockphoto.com/id/1323332711/photo/a-very-busy-sydney-road-in-brunswick-in-the-early-evening-light.jpg?s=612x612&w=0&k=20&c=CIiTSAHjBbZcQkKeQ3lKgEy7rK6WqbgHcS1dMBow1a4=,Not Applicable,Pedestrian Crossing,Traffic_Rules_1,0000037,data/processed_images/traffic/Traffic_Rules_1/0000037.jpg,0000037,
Traffic,https://media.istockphoto.com/id/1323332711/photo/a-very-busy-sydney-road-in-brunswick-in-the-early-evening-light.jpg?s=612x612&w=0&k=20&c=CIiTSAHjBbZcQkKeQ3lKgEy7rK6WqbgHcS1dMBow1a4=,Complied,Road Condition,Traffic_Rules_1,0000037,data/processed_images/traffic/Traffic_Rules_1/0000037.jpg,0000037,
Traffic,https://media.istockphoto.com/id/1323332711/photo/a-very-busy-sydney-road-in-brunswick-in-the-early-evening-light.jpg?s=612x612&w=0&k=20&c=CIiTSAHjBbZcQkKeQ3lKgEy7rK6WqbgHcS1dMBow1a4=,Violated,Traffic Rules,Traffic_Rules_1,0000037,data/processed_images/traffic/Traffic_Rules_1/0000037.jpg,0000037,
Traffic,https://media.istockphoto.com/id/1323332711/photo/a-very-busy-sydney-road-in-brunswick-in-the-early-evening-light.jpg?s=612x612&w=0&k=20&c=CIiTSAHjBbZcQkKeQ3lKgEy7rK6WqbgHcS1dMBow1a4=,Complied,Vehicle Load,Traffic_Rules_1,0000037,data/processed_images/traffic/Traffic_Rules_1/0000037.jpg,0000037,
Traffic,https://carfromjapan.com/wp-content/uploads/2020/08/How-to-Stay-Centered-in-Your-Lane.jpg,Not Applicable,Driving Distraction,Traffic_Rules_1,0000038,data/processed_images/traffic/Traffic_Rules_1/0000038.jpg,0000038,
Traffic,https://carfromjapan.com/wp-content/uploads/2020/08/How-to-Stay-Centered-in-Your-Lane.jpg,Not Applicable,Pedestrian Crossing,Traffic_Rules_1,0000038,data/processed_images/traffic/Traffic_Rules_1/0000038.jpg,0000038,
Traffic,https://carfromjapan.com/wp-content/uploads/2020/08/How-to-Stay-Centered-in-Your-Lane.jpg,Complied,Road Condition,Traffic_Rules_1,0000038,data/processed_images/traffic/Traffic_Rules_1/0000038.jpg,0000038,
Traffic,https://carfromjapan.com/wp-content/uploads/2020/08/How-to-Stay-Centered-in-Your-Lane.jpg,Violated,Traffic Rules,Traffic_Rules_1,0000038,data/processed_images/traffic/Traffic_Rules_1/0000038.jpg,0000038,
Traffic,https://carfromjapan.com/wp-content/uploads/2020/08/How-to-Stay-Centered-in-Your-Lane.jpg,Complied,Vehicle Load,Traffic_Rules_1,0000038,data/processed_images/traffic/Traffic_Rules_1/0000038.jpg,0000038,
Traffic,https://encrypted-tbn0.gstatic.com/images?q=tbn:ANd9GcRmN6wQnfCTR9GVSXZn2lO1R4tC6evb76WNBQ&s,Not Applicable,Driving Distraction,Traffic_Rules_1,0000039,data/processed_images/traffic/Traffic_Rules_1/0000039.jpg,0000039,
Traffic,https://encrypted-tbn0.gstatic.com/images?q=tbn:ANd9GcRmN6wQnfCTR9GVSXZn2lO1R4tC6evb76WNBQ&s,Not Applicable,Pedestrian Crossing,Traffic_Rules_1,0000039,data/processed_images/traffic/Traffic_Rules_1/0000039.jpg,0000039,
Traffic,https://encrypted-tbn0.gstatic.com/images?q=tbn:ANd9GcRmN6wQnfCTR9GVSXZn2lO1R4tC6evb76WNBQ&s,Not Applicable,Road Condition,Traffic_Rules_1,0000039,data/processed_images/traffic/Traffic_Rules_1/0000039.jpg,0000039,
Traffic,https://encrypted-tbn0.gstatic.com/images?q=tbn:ANd9GcRmN6wQnfCTR9GVSXZn2lO1R4tC6evb76WNBQ&s,Violated,Traffic Rules,Traffic_Rules_1,0000039,data/processed_images/traffic/Traffic_Rules_1/0000039.jpg,0000039,
Traffic,https://encrypted-tbn0.gstatic.com/images?q=tbn:ANd9GcRmN6wQnfCTR9GVSXZn2lO1R4tC6evb76WNBQ&s,Not Applicable,Vehicle Load,Traffic_Rules_1,0000039,data/processed_images/traffic/Traffic_Rules_1/0000039.jpg,0000039,
Traffic,https://images.thewest.com.au/publication/B88718076Z/1516244737073_GMH1DTA9G.1-0.jpg?imwidth=810&impolicy=wan_v3,Not Applicable,Driving Distraction,Traffic_Rules_1,0000040,data/processed_images/traffic/Traffic_Rules_1/0000040.jpg,0000040,
Traffic,https://images.thewest.com.au/publication/B88718076Z/1516244737073_GMH1DTA9G.1-0.jpg?imwidth=810&impolicy=wan_v3,Not Applicable,Pedestrian Crossing,Traffic_Rules_1,0000040,data/processed_images/traffic/Traffic_Rules_1/0000040.jpg,0000040,
Traffic,https://images.thewest.com.au/publication/B88718076Z/1516244737073_GMH1DTA9G.1-0.jpg?imwidth=810&impolicy=wan_v3,Complied,Road Condition,Traffic_Rules_1,0000040,data/processed_images/traffic/Traffic_Rules_1/0000040.jpg,0000040,
Traffic,https://images.thewest.com.au/publication/B88718076Z/1516244737073_GMH1DTA9G.1-0.jpg?imwidth=810&impolicy=wan_v3,Violated,Traffic Rules,Traffic_Rules_1,0000040,data/processed_images/traffic/Traffic_Rules_1/0000040.jpg,0000040,
Traffic,https://images.thewest.com.au/publication/B88718076Z/1516244737073_GMH1DTA9G.1-0.jpg?imwidth=810&impolicy=wan_v3,Complied,Vehicle Load,Traffic_Rules_1,0000040,data/processed_images/traffic/Traffic_Rules_1/0000040.jpg,0000040,
Traffic,https://encrypted-tbn0.gstatic.com/images?q=tbn:ANd9GcShdFkZ1roWoOOWiTVKWrsrU45SPtgoq_GQNk1xohSyiQBEYCPv9hvFuoMYNo9RmgF3AYg&usqp=CAU,Not Applicable,Driving Distraction,Traffic_Rules_1,0000041,data/processed_images/traffic/Traffic_Rules_1/0000041.jpg,0000041,
Traffic,https://encrypted-tbn0.gstatic.com/images?q=tbn:ANd9GcShdFkZ1roWoOOWiTVKWrsrU45SPtgoq_GQNk1xohSyiQBEYCPv9hvFuoMYNo9RmgF3AYg&usqp=CAU,Not Applicable,Pedestrian Crossing,Traffic_Rules_1,0000041,data/processed_images/traffic/Traffic_Rules_1/0000041.jpg,0000041,
Traffic,https://encrypted-tbn0.gstatic.com/images?q=tbn:ANd9GcShdFkZ1roWoOOWiTVKWrsrU45SPtgoq_GQNk1xohSyiQBEYCPv9hvFuoMYNo9RmgF3AYg&usqp=CAU,Complied,Road Condition,Traffic_Rules_1,0000041,data/processed_images/traffic/Traffic_Rules_1/0000041.jpg,0000041,
Traffic,https://encrypted-tbn0.gstatic.com/images?q=tbn:ANd9GcShdFkZ1roWoOOWiTVKWrsrU45SPtgoq_GQNk1xohSyiQBEYCPv9hvFuoMYNo9RmgF3AYg&usqp=CAU,Violated,Traffic Rules,Traffic_Rules_1,0000041,data/processed_images/traffic/Traffic_Rules_1/0000041.jpg,0000041,
Traffic,https://encrypted-tbn0.gstatic.com/images?q=tbn:ANd9GcShdFkZ1roWoOOWiTVKWrsrU45SPtgoq_GQNk1xohSyiQBEYCPv9hvFuoMYNo9RmgF3AYg&usqp=CAU,Complied,Vehicle Load,Traffic_Rules_1,0000041,data/processed_images/traffic/Traffic_Rules_1/0000041.jpg,0000041,
Traffic,https://bicyclensw.org.au/wp-content/uploads/2020/01/Door-Zone_600x400.png,Not Applicable,Driving Distraction,Traffic_Rules_1,0000042,data/processed_images/traffic/Traffic_Rules_1/0000042.png,0000042,
Traffic,https://bicyclensw.org.au/wp-content/uploads/2020/01/Door-Zone_600x400.png,Not Applicable,Pedestrian Crossing,Traffic_Rules_1,0000042,data/processed_images/traffic/Traffic_Rules_1/0000042.png,0000042,
Traffic,https://bicyclensw.org.au/wp-content/uploads/2020/01/Door-Zone_600x400.png,Complied,Road Condition,Traffic_Rules_1,0000042,data/processed_images/traffic/Traffic_Rules_1/0000042.png,0000042,
Traffic,https://bicyclensw.org.au/wp-content/uploads/2020/01/Door-Zone_600x400.png,Violated,Traffic Rules,Traffic_Rules_1,0000042,data/processed_images/traffic/Traffic_Rules_1/0000042.png,0000042,
Traffic,https://bicyclensw.org.au/wp-content/uploads/2020/01/Door-Zone_600x400.png,Complied,Vehicle Load,Traffic_Rules_1,0000042,data/processed_images/traffic/Traffic_Rules_1/0000042.png,0000042,
Traffic,https://encrypted-tbn0.gstatic.com/images?q=tbn:ANd9GcSNWL4_Iyu-_7liBKlSnd4xZ2XxAKysOIuU4nppAS6I9opNAssS8aVU76BEd6x9JRBeomU&usqp=CAU,Not Applicable,Driving Distraction,Traffic_Rules_1,0000043,data/processed_images/traffic/Traffic_Rules_1/0000043.jpg,0000043,
Traffic,https://encrypted-tbn0.gstatic.com/images?q=tbn:ANd9GcSNWL4_Iyu-_7liBKlSnd4xZ2XxAKysOIuU4nppAS6I9opNAssS8aVU76BEd6x9JRBeomU&usqp=CAU,Not Applicable,Pedestrian Crossing,Traffic_Rules_1,0000043,data/processed_images/traffic/Traffic_Rules_1/0000043.jpg,0000043,
Traffic,https://encrypted-tbn0.gstatic.com/images?q=tbn:ANd9GcSNWL4_Iyu-_7liBKlSnd4xZ2XxAKysOIuU4nppAS6I9opNAssS8aVU76BEd6x9JRBeomU&usqp=CAU,Complied,Road Condition,Traffic_Rules_1,0000043,data/processed_images/traffic/Traffic_Rules_1/0000043.jpg,0000043,
Traffic,https://encrypted-tbn0.gstatic.com/images?q=tbn:ANd9GcSNWL4_Iyu-_7liBKlSnd4xZ2XxAKysOIuU4nppAS6I9opNAssS8aVU76BEd6x9JRBeomU&usqp=CAU,Violated,Traffic Rules,Traffic_Rules_1,0000043,data/processed_images/traffic/Traffic_Rules_1/0000043.jpg,0000043,
Traffic,https://encrypted-tbn0.gstatic.com/images?q=tbn:ANd9GcSNWL4_Iyu-_7liBKlSnd4xZ2XxAKysOIuU4nppAS6I9opNAssS8aVU76BEd6x9JRBeomU&usqp=CAU,Complied,Vehicle Load,Traffic_Rules_1,0000043,data/processed_images/traffic/Traffic_Rules_1/0000043.jpg,0000043,
Traffic,https://encrypted-tbn0.gstatic.com/images?q=tbn:ANd9GcRL3QJh2rgRppDgmT1c9Dkk96zAVDLAcyKptrKrIvsNWbwiU3oH_7zjIVv9RRgHnBTN4PQ&usqp=CAU,Not Applicable,Driving Distraction,Traffic_Rules_1,0000044,data/processed_images/traffic/Traffic_Rules_1/0000044.jpg,0000044,
Traffic,https://encrypted-tbn0.gstatic.com/images?q=tbn:ANd9GcRL3QJh2rgRppDgmT1c9Dkk96zAVDLAcyKptrKrIvsNWbwiU3oH_7zjIVv9RRgHnBTN4PQ&usqp=CAU,Not Applicable,Pedestrian Crossing,Traffic_Rules_1,0000044,data/processed_images/traffic/Traffic_Rules_1/0000044.jpg,0000044,
Traffic,https://encrypted-tbn0.gstatic.com/images?q=tbn:ANd9GcRL3QJh2rgRppDgmT1c9Dkk96zAVDLAcyKptrKrIvsNWbwiU3oH_7zjIVv9RRgHnBTN4PQ&usqp=CAU,Complied,Road Condition,Traffic_Rules_1,0000044,data/processed_images/traffic/Traffic_Rules_1/0000044.jpg,0000044,
Traffic,https://encrypted-tbn0.gstatic.com/images?q=tbn:ANd9GcRL3QJh2rgRppDgmT1c9Dkk96zAVDLAcyKptrKrIvsNWbwiU3oH_7zjIVv9RRgHnBTN4PQ&usqp=CAU,Violated,Traffic Rules,Traffic_Rules_1,0000044,data/processed_images/traffic/Traffic_Rules_1/0000044.jpg,0000044,
Traffic,https://encrypted-tbn0.gstatic.com/images?q=tbn:ANd9GcRL3QJh2rgRppDgmT1c9Dkk96zAVDLAcyKptrKrIvsNWbwiU3oH_7zjIVv9RRgHnBTN4PQ&usqp=CAU,Complied,Vehicle Load,Traffic_Rules_1,0000044,data/processed_images/traffic/Traffic_Rules_1/0000044.jpg,0000044,
Traffic,https://encrypted-tbn0.gstatic.com/images?q=tbn:ANd9GcS4VsR1-3hpcGO1v0omxVPJHogZBwC1O-UQIHMf_sSzztlSxwWsCXHrz6v31W4NLahPCTY&usqp=CAU,Not Applicable,Driving Distraction,Traffic_Rules_1,0000045,data/processed_images/traffic/Traffic_Rules_1/0000045.jpg,0000045,
Traffic,https://encrypted-tbn0.gstatic.com/images?q=tbn:ANd9GcS4VsR1-3hpcGO1v0omxVPJHogZBwC1O-UQIHMf_sSzztlSxwWsCXHrz6v31W4NLahPCTY&usqp=CAU,Not Applicable,Pedestrian Crossing,Traffic_Rules_1,0000045,data/processed_images/traffic/Traffic_Rules_1/0000045.jpg,0000045,
Traffic,https://encrypted-tbn0.gstatic.com/images?q=tbn:ANd9GcS4VsR1-3hpcGO1v0omxVPJHogZBwC1O-UQIHMf_sSzztlSxwWsCXHrz6v31W4NLahPCTY&usqp=CAU,Complied,Road Condition,Traffic_Rules_1,0000045,data/processed_images/traffic/Traffic_Rules_1/0000045.jpg,0000045,
Traffic,https://encrypted-tbn0.gstatic.com/images?q=tbn:ANd9GcS4VsR1-3hpcGO1v0omxVPJHogZBwC1O-UQIHMf_sSzztlSxwWsCXHrz6v31W4NLahPCTY&usqp=CAU,Violated,Traffic Rules,Traffic_Rules_1,0000045,data/processed_images/traffic/Traffic_Rules_1/0000045.jpg,0000045,
Traffic,https://encrypted-tbn0.gstatic.com/images?q=tbn:ANd9GcS4VsR1-3hpcGO1v0omxVPJHogZBwC1O-UQIHMf_sSzztlSxwWsCXHrz6v31W4NLahPCTY&usqp=CAU,Complied,Vehicle Load,Traffic_Rules_1,0000045,data/processed_images/traffic/Traffic_Rules_1/0000045.jpg,0000045,
Traffic,https://encrypted-tbn0.gstatic.com/images?q=tbn:ANd9GcSF4qVHsdl06ffZGNJcnTFrlzmVtIX34DvEeyaWoZDoyJGwmnKD2HcQ0h3kqOL4tOqu3lc&usqp=CAU,Not Applicable,Driving Distraction,Traffic_Rules_1,0000046,data/processed_images/traffic/Traffic_Rules_1/0000046.jpg,0000046,
Traffic,https://encrypted-tbn0.gstatic.com/images?q=tbn:ANd9GcSF4qVHsdl06ffZGNJcnTFrlzmVtIX34DvEeyaWoZDoyJGwmnKD2HcQ0h3kqOL4tOqu3lc&usqp=CAU,Not Applicable,Pedestrian Crossing,Traffic_Rules_1,0000046,data/processed_images/traffic/Traffic_Rules_1/0000046.jpg,0000046,
Traffic,https://encrypted-tbn0.gstatic.com/images?q=tbn:ANd9GcSF4qVHsdl06ffZGNJcnTFrlzmVtIX34DvEeyaWoZDoyJGwmnKD2HcQ0h3kqOL4tOqu3lc&usqp=CAU,Complied,Road Condition,Traffic_Rules_1,0000046,data/processed_images/traffic/Traffic_Rules_1/0000046.jpg,0000046,
Traffic,https://encrypted-tbn0.gstatic.com/images?q=tbn:ANd9GcSF4qVHsdl06ffZGNJcnTFrlzmVtIX34DvEeyaWoZDoyJGwmnKD2HcQ0h3kqOL4tOqu3lc&usqp=CAU,Violated,Traffic Rules,Traffic_Rules_1,0000046,data/processed_images/traffic/Traffic_Rules_1/0000046.jpg,0000046,
Traffic,https://encrypted-tbn0.gstatic.com/images?q=tbn:ANd9GcSF4qVHsdl06ffZGNJcnTFrlzmVtIX34DvEeyaWoZDoyJGwmnKD2HcQ0h3kqOL4tOqu3lc&usqp=CAU,Complied,Vehicle Load,Traffic_Rules_1,0000046,data/processed_images/traffic/Traffic_Rules_1/0000046.jpg,0000046,
Traffic,https://encrypted-tbn0.gstatic.com/images?q=tbn:ANd9GcSR6-m078yd3P3x3WhP8eer3jUXlhmtIStk4nxEwy7omlXGF89KiST04t3GdgmvnxV6iUE&usqp=CAU,Not Applicable,Driving Distraction,Traffic_Rules_1,0000047,data/processed_images/traffic/Traffic_Rules_1/0000047.jpg,0000047,
Traffic,https://encrypted-tbn0.gstatic.com/images?q=tbn:ANd9GcSR6-m078yd3P3x3WhP8eer3jUXlhmtIStk4nxEwy7omlXGF89KiST04t3GdgmvnxV6iUE&usqp=CAU,Not Applicable,Pedestrian Crossing,Traffic_Rules_1,0000047,data/processed_images/traffic/Traffic_Rules_1/0000047.jpg,0000047,
Traffic,https://encrypted-tbn0.gstatic.com/images?q=tbn:ANd9GcSR6-m078yd3P3x3WhP8eer3jUXlhmtIStk4nxEwy7omlXGF89KiST04t3GdgmvnxV6iUE&usqp=CAU,Complied,Road Condition,Traffic_Rules_1,0000047,data/processed_images/traffic/Traffic_Rules_1/0000047.jpg,0000047,
Traffic,https://encrypted-tbn0.gstatic.com/images?q=tbn:ANd9GcSR6-m078yd3P3x3WhP8eer3jUXlhmtIStk4nxEwy7omlXGF89KiST04t3GdgmvnxV6iUE&usqp=CAU,Violated,Traffic Rules,Traffic_Rules_1,0000047,data/processed_images/traffic/Traffic_Rules_1/0000047.jpg,0000047,
Traffic,https://encrypted-tbn0.gstatic.com/images?q=tbn:ANd9GcSR6-m078yd3P3x3WhP8eer3jUXlhmtIStk4nxEwy7omlXGF89KiST04t3GdgmvnxV6iUE&usqp=CAU,Complied,Vehicle Load,Traffic_Rules_1,0000047,data/processed_images/traffic/Traffic_Rules_1/0000047.jpg,0000047,
Traffic,https://encrypted-tbn0.gstatic.com/images?q=tbn:ANd9GcS_10gIXc51bXb5xQEhp7rGDMhdeby_y2r0SweM6FN7cqETJ4pF9ZTY_eDlSwrEKbY7TAg&usqp=CAU,Not Applicable,Driving Distraction,Traffic_Rules_1,0000048,data/processed_images/traffic/Traffic_Rules_1/0000048.jpg,0000048,
Traffic,https://encrypted-tbn0.gstatic.com/images?q=tbn:ANd9GcS_10gIXc51bXb5xQEhp7rGDMhdeby_y2r0SweM6FN7cqETJ4pF9ZTY_eDlSwrEKbY7TAg&usqp=CAU,Not Applicable,Pedestrian Crossing,Traffic_Rules_1,0000048,data/processed_images/traffic/Traffic_Rules_1/0000048.jpg,0000048,
Traffic,https://encrypted-tbn0.gstatic.com/images?q=tbn:ANd9GcS_10gIXc51bXb5xQEhp7rGDMhdeby_y2r0SweM6FN7cqETJ4pF9ZTY_eDlSwrEKbY7TAg&usqp=CAU,Complied,Road Condition,Traffic_Rules_1,0000048,data/processed_images/traffic/Traffic_Rules_1/0000048.jpg,0000048,
Traffic,https://encrypted-tbn0.gstatic.com/images?q=tbn:ANd9GcS_10gIXc51bXb5xQEhp7rGDMhdeby_y2r0SweM6FN7cqETJ4pF9ZTY_eDlSwrEKbY7TAg&usqp=CAU,Violated,Traffic Rules,Traffic_Rules_1,0000048,data/processed_images/traffic/Traffic_Rules_1/0000048.jpg,0000048,
Traffic,https://encrypted-tbn0.gstatic.com/images?q=tbn:ANd9GcS_10gIXc51bXb5xQEhp7rGDMhdeby_y2r0SweM6FN7cqETJ4pF9ZTY_eDlSwrEKbY7TAg&usqp=CAU,Complied,Vehicle Load,Traffic_Rules_1,0000048,data/processed_images/traffic/Traffic_Rules_1/0000048.jpg,0000048,
Traffic,https://encrypted-tbn0.gstatic.com/images?q=tbn:ANd9GcTu7Iu_TLmf4qHybpaVIhcsvQF5PsJ7aNM5O4YJiccNAvJgSVPZZya3ZxfGlIUlS87HPQE&usqp=CAU,Not Applicable,Driving Distraction,Traffic_Rules_1,0000049,data/processed_images/traffic/Traffic_Rules_1/0000049.jpg,0000049,
Traffic,https://encrypted-tbn0.gstatic.com/images?q=tbn:ANd9GcTu7Iu_TLmf4qHybpaVIhcsvQF5PsJ7aNM5O4YJiccNAvJgSVPZZya3ZxfGlIUlS87HPQE&usqp=CAU,Not Applicable,Pedestrian Crossing,Traffic_Rules_1,0000049,data/processed_images/traffic/Traffic_Rules_1/0000049.jpg,0000049,
Traffic,https://encrypted-tbn0.gstatic.com/images?q=tbn:ANd9GcTu7Iu_TLmf4qHybpaVIhcsvQF5PsJ7aNM5O4YJiccNAvJgSVPZZya3ZxfGlIUlS87HPQE&usqp=CAU,Complied,Road Condition,Traffic_Rules_1,0000049,data/processed_images/traffic/Traffic_Rules_1/0000049.jpg,0000049,
Traffic,https://encrypted-tbn0.gstatic.com/images?q=tbn:ANd9GcTu7Iu_TLmf4qHybpaVIhcsvQF5PsJ7aNM5O4YJiccNAvJgSVPZZya3ZxfGlIUlS87HPQE&usqp=CAU,Violated,Traffic Rules,Traffic_Rules_1,0000049,data/processed_images/traffic/Traffic_Rules_1/0000049.jpg,0000049,
Traffic,https://encrypted-tbn0.gstatic.com/images?q=tbn:ANd9GcTu7Iu_TLmf4qHybpaVIhcsvQF5PsJ7aNM5O4YJiccNAvJgSVPZZya3ZxfGlIUlS87HPQE&usqp=CAU,Complied,Vehicle Load,Traffic_Rules_1,0000049,data/processed_images/traffic/Traffic_Rules_1/0000049.jpg,0000049,
Traffic,https://encrypted-tbn0.gstatic.com/images?q=tbn:ANd9GcQ1FWtGivGZo1cG6g6FWzJCOHl85yd0idlUSw&s,Not Applicable,Driving Distraction,Traffic_Rules_1,0000050,data/processed_images/traffic/Traffic_Rules_1/0000050.jpg,0000050,
Traffic,https://encrypted-tbn0.gstatic.com/images?q=tbn:ANd9GcQ1FWtGivGZo1cG6g6FWzJCOHl85yd0idlUSw&s,Not Applicable,Pedestrian Crossing,Traffic_Rules_1,0000050,data/processed_images/traffic/Traffic_Rules_1/0000050.jpg,0000050,
Traffic,https://encrypted-tbn0.gstatic.com/images?q=tbn:ANd9GcQ1FWtGivGZo1cG6g6FWzJCOHl85yd0idlUSw&s,Not Applicable,Road Condition,Traffic_Rules_1,0000050,data/processed_images/traffic/Traffic_Rules_1/0000050.jpg,0000050,
Traffic,https://encrypted-tbn0.gstatic.com/images?q=tbn:ANd9GcQ1FWtGivGZo1cG6g6FWzJCOHl85yd0idlUSw&s,Violated,Traffic Rules,Traffic_Rules_1,0000050,data/processed_images/traffic/Traffic_Rules_1/0000050.jpg,0000050,
Traffic,https://encrypted-tbn0.gstatic.com/images?q=tbn:ANd9GcQ1FWtGivGZo1cG6g6FWzJCOHl85yd0idlUSw&s,Not Applicable,Vehicle Load,Traffic_Rules_1,0000050,data/processed_images/traffic/Traffic_Rules_1/0000050.jpg,0000050,
Traffic,https://media.istockphoto.com/id/1219457616/photo/hwy-sy-west-dist-2-bridge-jam.jpg?s=1024x1024&w=is&k=20&c=i-gmb0ZHC6UiaJPTlm_wXVYd3nBsHqKevm8Jyhbex-o=,Not Applicable,Driving Distraction,Traffic_Rules_1,0000051,data/processed_images/traffic/Traffic_Rules_1/0000051.jpg,0000051,
Traffic,https://media.istockphoto.com/id/1219457616/photo/hwy-sy-west-dist-2-bridge-jam.jpg?s=1024x1024&w=is&k=20&c=i-gmb0ZHC6UiaJPTlm_wXVYd3nBsHqKevm8Jyhbex-o=,Not Applicable,Pedestrian Crossing,Traffic_Rules_1,0000051,data/processed_images/traffic/Traffic_Rules_1/0000051.jpg,0000051,
Traffic,https://media.istockphoto.com/id/1219457616/photo/hwy-sy-west-dist-2-bridge-jam.jpg?s=1024x1024&w=is&k=20&c=i-gmb0ZHC6UiaJPTlm_wXVYd3nBsHqKevm8Jyhbex-o=,Not Applicable,Road Condition,Traffic_Rules_1,0000051,data/processed_images/traffic/Traffic_Rules_1/0000051.jpg,0000051,
Traffic,https://media.istockphoto.com/id/1219457616/photo/hwy-sy-west-dist-2-bridge-jam.jpg?s=1024x1024&w=is&k=20&c=i-gmb0ZHC6UiaJPTlm_wXVYd3nBsHqKevm8Jyhbex-o=,Violated,Traffic Rules,Traffic_Rules_1,0000051,data/processed_images/traffic/Traffic_Rules_1/0000051.jpg,0000051,
Traffic,https://media.istockphoto.com/id/1219457616/photo/hwy-sy-west-dist-2-bridge-jam.jpg?s=1024x1024&w=is&k=20&c=i-gmb0ZHC6UiaJPTlm_wXVYd3nBsHqKevm8Jyhbex-o=,Complied,Vehicle Load,Traffic_Rules_1,0000051,data/processed_images/traffic/Traffic_Rules_1/0000051.jpg,0000051,
Traffic,https://www.highwaycode.com.ng/uploads/3/2/9/2/3292309/6877789.png?504,Not Applicable,Driving Distraction,Traffic_Rules_1,0000052,data/processed_images/traffic/Traffic_Rules_1/0000052.jpg,0000052,
Traffic,https://www.highwaycode.com.ng/uploads/3/2/9/2/3292309/6877789.png?504,Not Applicable,Pedestrian Crossing,Traffic_Rules_1,0000052,data/processed_images/traffic/Traffic_Rules_1/0000052.jpg,0000052,
Traffic,https://www.highwaycode.com.ng/uploads/3/2/9/2/3292309/6877789.png?504,Complied,Road Condition,Traffic_Rules_1,0000052,data/processed_images/traffic/Traffic_Rules_1/0000052.jpg,0000052,
Traffic,https://www.highwaycode.com.ng/uploads/3/2/9/2/3292309/6877789.png?504,Violated,Traffic Rules,Traffic_Rules_1,0000052,data/processed_images/traffic/Traffic_Rules_1/0000052.jpg,0000052,
Traffic,https://www.highwaycode.com.ng/uploads/3/2/9/2/3292309/6877789.png?504,Complied,Vehicle Load,Traffic_Rules_1,0000052,data/processed_images/traffic/Traffic_Rules_1/0000052.jpg,0000052,
Traffic,https://www.truckloadaustralia.com.au/thumbnaillarge/M_full_img-dark2.jpg,Not Applicable,Driving Distraction,Vehicle_Load_0,0000001,data/processed_images/traffic/Vehicle_Load_0/0000001.jpg,0000001,
Traffic,https://www.truckloadaustralia.com.au/thumbnaillarge/M_full_img-dark2.jpg,Not Applicable,Pedestrian Crossing,Vehicle_Load_0,0000001,data/processed_images/traffic/Vehicle_Load_0/0000001.jpg,0000001,
Traffic,https://www.truckloadaustralia.com.au/thumbnaillarge/M_full_img-dark2.jpg,Not Applicable,Road Condition,Vehicle_Load_0,0000001,data/processed_images/traffic/Vehicle_Load_0/0000001.jpg,0000001,
Traffic,https://www.truckloadaustralia.com.au/thumbnaillarge/M_full_img-dark2.jpg,Not Applicable,Traffic Rules,Vehicle_Load_0,0000001,data/processed_images/traffic/Vehicle_Load_0/0000001.jpg,0000001,
Traffic,https://www.truckloadaustralia.com.au/thumbnaillarge/M_full_img-dark2.jpg,Complied,Vehicle Load,Vehicle_Load_0,0000001,data/processed_images/traffic/Vehicle_Load_0/0000001.jpg,0000001,
Traffic,https://streetsmarts.initiatives.qld.gov.au/wp-content/uploads/2022/03/tmr_2019_TMR_Library_415.jpg,Not Applicable,Driving Distraction,Vehicle_Load_0,0000002,data/processed_images/traffic/Vehicle_Load_0/0000002.jpg,0000002,
Traffic,https://streetsmarts.initiatives.qld.gov.au/wp-content/uploads/2022/03/tmr_2019_TMR_Library_415.jpg,Not Applicable,Pedestrian Crossing,Vehicle_Load_0,0000002,data/processed_images/traffic/Vehicle_Load_0/0000002.jpg,0000002,
Traffic,https://streetsmarts.initiatives.qld.gov.au/wp-content/uploads/2022/03/tmr_2019_TMR_Library_415.jpg,Complied,Road Condition,Vehicle_Load_0,0000002,data/processed_images/traffic/Vehicle_Load_0/0000002.jpg,0000002,
Traffic,https://streetsmarts.initiatives.qld.gov.au/wp-content/uploads/2022/03/tmr_2019_TMR_Library_415.jpg,Not Applicable,Traffic Rules,Vehicle_Load_0,0000002,data/processed_images/traffic/Vehicle_Load_0/0000002.jpg,0000002,
Traffic,https://streetsmarts.initiatives.qld.gov.au/wp-content/uploads/2022/03/tmr_2019_TMR_Library_415.jpg,Complied,Vehicle Load,Vehicle_Load_0,0000002,data/processed_images/traffic/Vehicle_Load_0/0000002.jpg,0000002,
Traffic,https://www.arrowheavyvehicletraining.com.au/wp-content/uploads/2020/04/safe-load-program.jpg,Not Applicable,Driving Distraction,Vehicle_Load_0,0000003,data/processed_images/traffic/Vehicle_Load_0/0000003.jpg,0000003,
Traffic,https://www.arrowheavyvehicletraining.com.au/wp-content/uploads/2020/04/safe-load-program.jpg,Not Applicable,Pedestrian Crossing,Vehicle_Load_0,0000003,data/processed_images/traffic/Vehicle_Load_0/0000003.jpg,0000003,
Traffic,https://www.arrowheavyvehicletraining.com.au/wp-content/uploads/2020/04/safe-load-program.jpg,Not Applicable,Road Condition,Vehicle_Load_0,0000003,data/processed_images/traffic/Vehicle_Load_0/0000003.jpg,0000003,
Traffic,https://www.arrowheavyvehicletraining.com.au/wp-content/uploads/2020/04/safe-load-program.jpg,Not Applicable,Traffic Rules,Vehicle_Load_0,0000003,data/processed_images/traffic/Vehicle_Load_0/0000003.jpg,0000003,
Traffic,https://www.arrowheavyvehicletraining.com.au/wp-content/uploads/2020/04/safe-load-program.jpg,Complied,Vehicle Load,Vehicle_Load_0,0000003,data/processed_images/traffic/Vehicle_Load_0/0000003.jpg,0000003,
Traffic,https://img.rasset.ie/00116b54-500.jpg,Not Applicable,Driving Distraction,Vehicle_Load_0,0000004,data/processed_images/traffic/Vehicle_Load_0/0000004.jpg,0000004,
Traffic,https://img.rasset.ie/00116b54-500.jpg,Not Applicable,Pedestrian Crossing,Vehicle_Load_0,0000004,data/processed_images/traffic/Vehicle_Load_0/0000004.jpg,0000004,
Traffic,https://img.rasset.ie/00116b54-500.jpg,Complied,Road Condition,Vehicle_Load_0,0000004,data/processed_images/traffic/Vehicle_Load_0/0000004.jpg,0000004,
Traffic,https://img.rasset.ie/00116b54-500.jpg,Not Applicable,Traffic Rules,Vehicle_Load_0,0000004,data/processed_images/traffic/Vehicle_Load_0/0000004.jpg,0000004,
Traffic,https://img.rasset.ie/00116b54-500.jpg,Complied,Vehicle Load,Vehicle_Load_0,0000004,data/processed_images/traffic/Vehicle_Load_0/0000004.jpg,0000004,
Traffic,https://images.nature.com/lw1200/magazine-assets/d41586-019-00191-0/d41586-019-00191-0_16402114.jpg,Not Applicable,Driving Distraction,Vehicle_Load_0,0000005,data/processed_images/traffic/Vehicle_Load_0/0000005.jpg,0000005,
Traffic,https://images.nature.com/lw1200/magazine-assets/d41586-019-00191-0/d41586-019-00191-0_16402114.jpg,Not Applicable,Pedestrian Crossing,Vehicle_Load_0,0000005,data/processed_images/traffic/Vehicle_Load_0/0000005.jpg,0000005,
Traffic,https://images.nature.com/lw1200/magazine-assets/d41586-019-00191-0/d41586-019-00191-0_16402114.jpg,Not Applicable,Road Condition,Vehicle_Load_0,0000005,data/processed_images/traffic/Vehicle_Load_0/0000005.jpg,0000005,
Traffic,https://images.nature.com/lw1200/magazine-assets/d41586-019-00191-0/d41586-019-00191-0_16402114.jpg,Not Applicable,Traffic Rules,Vehicle_Load_0,0000005,data/processed_images/traffic/Vehicle_Load_0/0000005.jpg,0000005,
Traffic,https://images.nature.com/lw1200/magazine-assets/d41586-019-00191-0/d41586-019-00191-0_16402114.jpg,Complied,Vehicle Load,Vehicle_Load_0,0000005,data/processed_images/traffic/Vehicle_Load_0/0000005.jpg,0000005,
Traffic,https://c8.alamy.com/comp/R91MPF/big-rig-long-haul-powerful-semi-truck-with-empty-light-weight-aluminum-flat-bed-semi-trailer-running-on-the-winter-road-in-convoy-with-another-semi-tr-R91MPF.jpg,Not Applicable,Driving Distraction,Vehicle_Load_0,0000006,data/processed_images/traffic/Vehicle_Load_0/0000006.jpg,0000006,
Traffic,https://c8.alamy.com/comp/R91MPF/big-rig-long-haul-powerful-semi-truck-with-empty-light-weight-aluminum-flat-bed-semi-trailer-running-on-the-winter-road-in-convoy-with-another-semi-tr-R91MPF.jpg,Not Applicable,Pedestrian Crossing,Vehicle_Load_0,0000006,data/processed_images/traffic/Vehicle_Load_0/0000006.jpg,0000006,
Traffic,https://c8.alamy.com/comp/R91MPF/big-rig-long-haul-powerful-semi-truck-with-empty-light-weight-aluminum-flat-bed-semi-trailer-running-on-the-winter-road-in-convoy-with-another-semi-tr-R91MPF.jpg,Complied,Road Condition,Vehicle_Load_0,0000006,data/processed_images/traffic/Vehicle_Load_0/0000006.jpg,0000006,
Traffic,https://c8.alamy.com/comp/R91MPF/big-rig-long-haul-powerful-semi-truck-with-empty-light-weight-aluminum-flat-bed-semi-trailer-running-on-the-winter-road-in-convoy-with-another-semi-tr-R91MPF.jpg,Not Applicable,Traffic Rules,Vehicle_Load_0,0000006,data/processed_images/traffic/Vehicle_Load_0/0000006.jpg,0000006,
Traffic,https://c8.alamy.com/comp/R91MPF/big-rig-long-haul-powerful-semi-truck-with-empty-light-weight-aluminum-flat-bed-semi-trailer-running-on-the-winter-road-in-convoy-with-another-semi-tr-R91MPF.jpg,Complied,Vehicle Load,Vehicle_Load_0,0000006,data/processed_images/traffic/Vehicle_Load_0/0000006.jpg,0000006,
Traffic,https://media.istockphoto.com/id/946210052/photo/caravan-or-convoy-of-trucks-on-highway.jpg?s=1024x1024&w=is&k=20&c=iBPkPhLDcLWhR6N-mwXba5W220LNEHO85SFXJpiC8K4=,Not Applicable,Driving Distraction,Vehicle_Load_0,0000007,data/processed_images/traffic/Vehicle_Load_0/0000007.jpg,0000007,
Traffic,https://media.istockphoto.com/id/946210052/photo/caravan-or-convoy-of-trucks-on-highway.jpg?s=1024x1024&w=is&k=20&c=iBPkPhLDcLWhR6N-mwXba5W220LNEHO85SFXJpiC8K4=,Not Applicable,Pedestrian Crossing,Vehicle_Load_0,0000007,data/processed_images/traffic/Vehicle_Load_0/0000007.jpg,0000007,
Traffic,https://media.istockphoto.com/id/946210052/photo/caravan-or-convoy-of-trucks-on-highway.jpg?s=1024x1024&w=is&k=20&c=iBPkPhLDcLWhR6N-mwXba5W220LNEHO85SFXJpiC8K4=,Complied,Road Condition,Vehicle_Load_0,0000007,data/processed_images/traffic/Vehicle_Load_0/0000007.jpg,0000007,
Traffic,https://media.istockphoto.com/id/946210052/photo/caravan-or-convoy-of-trucks-on-highway.jpg?s=1024x1024&w=is&k=20&c=iBPkPhLDcLWhR6N-mwXba5W220LNEHO85SFXJpiC8K4=,Not Applicable,Traffic Rules,Vehicle_Load_0,0000007,data/processed_images/traffic/Vehicle_Load_0/0000007.jpg,0000007,
Traffic,https://media.istockphoto.com/id/946210052/photo/caravan-or-convoy-of-trucks-on-highway.jpg?s=1024x1024&w=is&k=20&c=iBPkPhLDcLWhR6N-mwXba5W220LNEHO85SFXJpiC8K4=,Complied,Vehicle Load,Vehicle_Load_0,0000007,data/processed_images/traffic/Vehicle_Load_0/0000007.jpg,0000007,
Traffic,https://live.staticflickr.com/65535/50328552863_082a2f95a2_z.jpg,Complied,Driving Distraction,Vehicle_Load_0,0000008,data/processed_images/traffic/Vehicle_Load_0/0000008.jpg,0000008,
Traffic,https://live.staticflickr.com/65535/50328552863_082a2f95a2_z.jpg,Not Applicable,Pedestrian Crossing,Vehicle_Load_0,0000008,data/processed_images/traffic/Vehicle_Load_0/0000008.jpg,0000008,
Traffic,https://live.staticflickr.com/65535/50328552863_082a2f95a2_z.jpg,Not Applicable,Road Condition,Vehicle_Load_0,0000008,data/processed_images/traffic/Vehicle_Load_0/0000008.jpg,0000008,
Traffic,https://live.staticflickr.com/65535/50328552863_082a2f95a2_z.jpg,Not Applicable,Traffic Rules,Vehicle_Load_0,0000008,data/processed_images/traffic/Vehicle_Load_0/0000008.jpg,0000008,
Traffic,https://live.staticflickr.com/65535/50328552863_082a2f95a2_z.jpg,Complied,Vehicle Load,Vehicle_Load_0,0000008,data/processed_images/traffic/Vehicle_Load_0/0000008.jpg,0000008,
Traffic,https://compactequip.com/wp-content/uploads/2019/04/atlas-copco-qas-generator-easy-transport.jpg,Not Applicable,Driving Distraction,Vehicle_Load_0,0000009,data/processed_images/traffic/Vehicle_Load_0/0000009.jpg,0000009,
Traffic,https://compactequip.com/wp-content/uploads/2019/04/atlas-copco-qas-generator-easy-transport.jpg,Not Applicable,Pedestrian Crossing,Vehicle_Load_0,0000009,data/processed_images/traffic/Vehicle_Load_0/0000009.jpg,0000009,
Traffic,https://compactequip.com/wp-content/uploads/2019/04/atlas-copco-qas-generator-easy-transport.jpg,Not Applicable,Road Condition,Vehicle_Load_0,0000009,data/processed_images/traffic/Vehicle_Load_0/0000009.jpg,0000009,
Traffic,https://compactequip.com/wp-content/uploads/2019/04/atlas-copco-qas-generator-easy-transport.jpg,Not Applicable,Traffic Rules,Vehicle_Load_0,0000009,data/processed_images/traffic/Vehicle_Load_0/0000009.jpg,0000009,
Traffic,https://compactequip.com/wp-content/uploads/2019/04/atlas-copco-qas-generator-easy-transport.jpg,Complied,Vehicle Load,Vehicle_Load_0,0000009,data/processed_images/traffic/Vehicle_Load_0/0000009.jpg,0000009,
Traffic,https://live.staticflickr.com/65535/52119191050_87bb9652b4_z.jpg,Not Applicable,Driving Distraction,Vehicle_Load_0,0000010,data/processed_images/traffic/Vehicle_Load_0/0000010.jpg,0000010,
Traffic,https://live.staticflickr.com/65535/52119191050_87bb9652b4_z.jpg,Not Applicable,Pedestrian Crossing,Vehicle_Load_0,0000010,data/processed_images/traffic/Vehicle_Load_0/0000010.jpg,0000010,
Traffic,https://live.staticflickr.com/65535/52119191050_87bb9652b4_z.jpg,Complied,Road Condition,Vehicle_Load_0,0000010,data/processed_images/traffic/Vehicle_Load_0/0000010.jpg,0000010,
Traffic,https://live.staticflickr.com/65535/52119191050_87bb9652b4_z.jpg,Not Applicable,Traffic Rules,Vehicle_Load_0,0000010,data/processed_images/traffic/Vehicle_Load_0/0000010.jpg,0000010,
Traffic,https://live.staticflickr.com/65535/52119191050_87bb9652b4_z.jpg,Complied,Vehicle Load,Vehicle_Load_0,0000010,data/processed_images/traffic/Vehicle_Load_0/0000010.jpg,0000010,
Traffic,https://media.istockphoto.com/id/1252790465/photo/truck-with-refrigerated-semi-trailer.jpg?s=612x612&w=0&k=20&c=waeG6Akro2uPxdGve8ghlrTqBlca0r6UVxrNMtcAB3M=,Not Applicable,Driving Distraction,Vehicle_Load_0,0000011,data/processed_images/traffic/Vehicle_Load_0/0000011.jpg,0000011,
Traffic,https://media.istockphoto.com/id/1252790465/photo/truck-with-refrigerated-semi-trailer.jpg?s=612x612&w=0&k=20&c=waeG6Akro2uPxdGve8ghlrTqBlca0r6UVxrNMtcAB3M=,Not Applicable,Pedestrian Crossing,Vehicle_Load_0,0000011,data/processed_images/traffic/Vehicle_Load_0/0000011.jpg,0000011,
Traffic,https://media.istockphoto.com/id/1252790465/photo/truck-with-refrigerated-semi-trailer.jpg?s=612x612&w=0&k=20&c=waeG6Akro2uPxdGve8ghlrTqBlca0r6UVxrNMtcAB3M=,Complied,Road Condition,Vehicle_Load_0,0000011,data/processed_images/traffic/Vehicle_Load_0/0000011.jpg,0000011,
Traffic,https://media.istockphoto.com/id/1252790465/photo/truck-with-refrigerated-semi-trailer.jpg?s=612x612&w=0&k=20&c=waeG6Akro2uPxdGve8ghlrTqBlca0r6UVxrNMtcAB3M=,Not Applicable,Traffic Rules,Vehicle_Load_0,0000011,data/processed_images/traffic/Vehicle_Load_0/0000011.jpg,0000011,
Traffic,https://media.istockphoto.com/id/1252790465/photo/truck-with-refrigerated-semi-trailer.jpg?s=612x612&w=0&k=20&c=waeG6Akro2uPxdGve8ghlrTqBlca0r6UVxrNMtcAB3M=,Complied,Vehicle Load,Vehicle_Load_0,0000011,data/processed_images/traffic/Vehicle_Load_0/0000011.jpg,0000011,
Traffic,https://media.istockphoto.com/id/1465157700/photo/brightly-red-colored-semi-truck-speeding-on-a-two-lane-highway-with-cars-in-background-under.jpg?s=612x612&w=0&k=20&c=cfbbPy2ylvFGRULNLGO_Ucm-C5DsOJMFHiZBdKGsq3c=,Not Applicable,Driving Distraction,Vehicle_Load_0,0000012,data/processed_images/traffic/Vehicle_Load_0/0000012.jpg,0000012,
Traffic,https://media.istockphoto.com/id/1465157700/photo/brightly-red-colored-semi-truck-speeding-on-a-two-lane-highway-with-cars-in-background-under.jpg?s=612x612&w=0&k=20&c=cfbbPy2ylvFGRULNLGO_Ucm-C5DsOJMFHiZBdKGsq3c=,Not Applicable,Pedestrian Crossing,Vehicle_Load_0,0000012,data/processed_images/traffic/Vehicle_Load_0/0000012.jpg,0000012,
Traffic,https://media.istockphoto.com/id/1465157700/photo/brightly-red-colored-semi-truck-speeding-on-a-two-lane-highway-with-cars-in-background-under.jpg?s=612x612&w=0&k=20&c=cfbbPy2ylvFGRULNLGO_Ucm-C5DsOJMFHiZBdKGsq3c=,Complied,Road Condition,Vehicle_Load_0,0000012,data/processed_images/traffic/Vehicle_Load_0/0000012.jpg,0000012,
Traffic,https://media.istockphoto.com/id/1465157700/photo/brightly-red-colored-semi-truck-speeding-on-a-two-lane-highway-with-cars-in-background-under.jpg?s=612x612&w=0&k=20&c=cfbbPy2ylvFGRULNLGO_Ucm-C5DsOJMFHiZBdKGsq3c=,Not Applicable,Traffic Rules,Vehicle_Load_0,0000012,data/processed_images/traffic/Vehicle_Load_0/0000012.jpg,0000012,
Traffic,https://media.istockphoto.com/id/1465157700/photo/brightly-red-colored-semi-truck-speeding-on-a-two-lane-highway-with-cars-in-background-under.jpg?s=612x612&w=0&k=20&c=cfbbPy2ylvFGRULNLGO_Ucm-C5DsOJMFHiZBdKGsq3c=,Complied,Vehicle Load,Vehicle_Load_0,0000012,data/processed_images/traffic/Vehicle_Load_0/0000012.jpg,0000012,
Traffic,https://media.istockphoto.com/id/1057570312/photo/mountain-bicycle-fixed-with-roof-mounted-bike-carriers-instaled-on-white-auto-roof-travel.jpg?s=612x612&w=0&k=20&c=Qp8Uy7bhjnY8uL6qaS4U3MDVRkqMwKW43rnrlRzJyuQ=,Not Applicable,Driving Distraction,Vehicle_Load_0,0000013,data/processed_images/traffic/Vehicle_Load_0/0000013.jpg,0000013,
Traffic,https://media.istockphoto.com/id/1057570312/photo/mountain-bicycle-fixed-with-roof-mounted-bike-carriers-instaled-on-white-auto-roof-travel.jpg?s=612x612&w=0&k=20&c=Qp8Uy7bhjnY8uL6qaS4U3MDVRkqMwKW43rnrlRzJyuQ=,Not Applicable,Pedestrian Crossing,Vehicle_Load_0,0000013,data/processed_images/traffic/Vehicle_Load_0/0000013.jpg,0000013,
Traffic,https://media.istockphoto.com/id/1057570312/photo/mountain-bicycle-fixed-with-roof-mounted-bike-carriers-instaled-on-white-auto-roof-travel.jpg?s=612x612&w=0&k=20&c=Qp8Uy7bhjnY8uL6qaS4U3MDVRkqMwKW43rnrlRzJyuQ=,Not Applicable,Road Condition,Vehicle_Load_0,0000013,data/processed_images/traffic/Vehicle_Load_0/0000013.jpg,0000013,
Traffic,https://media.istockphoto.com/id/1057570312/photo/mountain-bicycle-fixed-with-roof-mounted-bike-carriers-instaled-on-white-auto-roof-travel.jpg?s=612x612&w=0&k=20&c=Qp8Uy7bhjnY8uL6qaS4U3MDVRkqMwKW43rnrlRzJyuQ=,Not Applicable,Traffic Rules,Vehicle_Load_0,0000013,data/processed_images/traffic/Vehicle_Load_0/0000013.jpg,0000013,
Traffic,https://media.istockphoto.com/id/1057570312/photo/mountain-bicycle-fixed-with-roof-mounted-bike-carriers-instaled-on-white-auto-roof-travel.jpg?s=612x612&w=0&k=20&c=Qp8Uy7bhjnY8uL6qaS4U3MDVRkqMwKW43rnrlRzJyuQ=,Complied,Vehicle Load,Vehicle_Load_0,0000013,data/processed_images/traffic/Vehicle_Load_0/0000013.jpg,0000013,
Traffic,https://media.istockphoto.com/id/1279199341/photo/icefields-parkway-adventure-canadian-rockies-alberta-canada.jpg?s=612x612&w=0&k=20&c=W9RjbAXCzJtWRo_I4BXDfybgoxS344jpfmNf4bjoZdE=,Not Applicable,Driving Distraction,Vehicle_Load_0,0000014,data/processed_images/traffic/Vehicle_Load_0/0000014.jpg,0000014,
Traffic,https://media.istockphoto.com/id/1279199341/photo/icefields-parkway-adventure-canadian-rockies-alberta-canada.jpg?s=612x612&w=0&k=20&c=W9RjbAXCzJtWRo_I4BXDfybgoxS344jpfmNf4bjoZdE=,Not Applicable,Pedestrian Crossing,Vehicle_Load_0,0000014,data/processed_images/traffic/Vehicle_Load_0/0000014.jpg,0000014,
Traffic,https://media.istockphoto.com/id/1279199341/photo/icefields-parkway-adventure-canadian-rockies-alberta-canada.jpg?s=612x612&w=0&k=20&c=W9RjbAXCzJtWRo_I4BXDfybgoxS344jpfmNf4bjoZdE=,Complied,Road Condition,Vehicle_Load_0,0000014,data/processed_images/traffic/Vehicle_Load_0/0000014.jpg,0000014,
Traffic,https://media.istockphoto.com/id/1279199341/photo/icefields-parkway-adventure-canadian-rockies-alberta-canada.jpg?s=612x612&w=0&k=20&c=W9RjbAXCzJtWRo_I4BXDfybgoxS344jpfmNf4bjoZdE=,Not Applicable,Traffic Rules,Vehicle_Load_0,0000014,data/processed_images/traffic/Vehicle_Load_0/0000014.jpg,0000014,
Traffic,https://media.istockphoto.com/id/1279199341/photo/icefields-parkway-adventure-canadian-rockies-alberta-canada.jpg?s=612x612&w=0&k=20&c=W9RjbAXCzJtWRo_I4BXDfybgoxS344jpfmNf4bjoZdE=,Complied,Vehicle Load,Vehicle_Load_0,0000014,data/processed_images/traffic/Vehicle_Load_0/0000014.jpg,0000014,
Traffic,https://media.istockphoto.com/id/2007939149/photo/small-work-van.jpg?s=612x612&w=0&k=20&c=MeyzTHYOa4puQ2X3RbvQz-6XX8ATsMGAtlgOROLn-Lo=,Not Applicable,Driving Distraction,Vehicle_Load_0,0000015,data/processed_images/traffic/Vehicle_Load_0/0000015.jpg,0000015,
Traffic,https://media.istockphoto.com/id/2007939149/photo/small-work-van.jpg?s=612x612&w=0&k=20&c=MeyzTHYOa4puQ2X3RbvQz-6XX8ATsMGAtlgOROLn-Lo=,Not Applicable,Pedestrian Crossing,Vehicle_Load_0,0000015,data/processed_images/traffic/Vehicle_Load_0/0000015.jpg,0000015,
Traffic,https://media.istockphoto.com/id/2007939149/photo/small-work-van.jpg?s=612x612&w=0&k=20&c=MeyzTHYOa4puQ2X3RbvQz-6XX8ATsMGAtlgOROLn-Lo=,Complied,Road Condition,Vehicle_Load_0,0000015,data/processed_images/traffic/Vehicle_Load_0/0000015.jpg,0000015,
Traffic,https://media.istockphoto.com/id/2007939149/photo/small-work-van.jpg?s=612x612&w=0&k=20&c=MeyzTHYOa4puQ2X3RbvQz-6XX8ATsMGAtlgOROLn-Lo=,Not Applicable,Traffic Rules,Vehicle_Load_0,0000015,data/processed_images/traffic/Vehicle_Load_0/0000015.jpg,0000015,
Traffic,https://media.istockphoto.com/id/2007939149/photo/small-work-van.jpg?s=612x612&w=0&k=20&c=MeyzTHYOa4puQ2X3RbvQz-6XX8ATsMGAtlgOROLn-Lo=,Complied,Vehicle Load,Vehicle_Load_0,0000015,data/processed_images/traffic/Vehicle_Load_0/0000015.jpg,0000015,
Traffic,https://st.depositphotos.com/1005951/55322/i/450/depositphotos_553222338-stock-photo-large-roof-box-storage-red.jpg,Not Applicable,Driving Distraction,Vehicle_Load_0,0000016,data/processed_images/traffic/Vehicle_Load_0/0000016.jpg,0000016,
Traffic,https://st.depositphotos.com/1005951/55322/i/450/depositphotos_553222338-stock-photo-large-roof-box-storage-red.jpg,Not Applicable,Pedestrian Crossing,Vehicle_Load_0,0000016,data/processed_images/traffic/Vehicle_Load_0/0000016.jpg,0000016,
Traffic,https://st.depositphotos.com/1005951/55322/i/450/depositphotos_553222338-stock-photo-large-roof-box-storage-red.jpg,Not Applicable,Road Condition,Vehicle_Load_0,0000016,data/processed_images/traffic/Vehicle_Load_0/0000016.jpg,0000016,
Traffic,https://st.depositphotos.com/1005951/55322/i/450/depositphotos_553222338-stock-photo-large-roof-box-storage-red.jpg,Not Applicable,Traffic Rules,Vehicle_Load_0,0000016,data/processed_images/traffic/Vehicle_Load_0/0000016.jpg,0000016,
Traffic,https://st.depositphotos.com/1005951/55322/i/450/depositphotos_553222338-stock-photo-large-roof-box-storage-red.jpg,Complied,Vehicle Load,Vehicle_Load_0,0000016,data/processed_images/traffic/Vehicle_Load_0/0000016.jpg,0000016,
Traffic,https://media.istockphoto.com/id/1429557222/photo/caravan-travel.jpg?s=612x612&w=0&k=20&c=7ksG9pI_rypcJtFkMKh26LLJY98FNsxt8jEVIe0RStU=,Not Applicable,Driving Distraction,Vehicle_Load_0,0000017,data/processed_images/traffic/Vehicle_Load_0/0000017.jpg,0000017,
Traffic,https://media.istockphoto.com/id/1429557222/photo/caravan-travel.jpg?s=612x612&w=0&k=20&c=7ksG9pI_rypcJtFkMKh26LLJY98FNsxt8jEVIe0RStU=,Not Applicable,Pedestrian Crossing,Vehicle_Load_0,0000017,data/processed_images/traffic/Vehicle_Load_0/0000017.jpg,0000017,
Traffic,https://media.istockphoto.com/id/1429557222/photo/caravan-travel.jpg?s=612x612&w=0&k=20&c=7ksG9pI_rypcJtFkMKh26LLJY98FNsxt8jEVIe0RStU=,Complied,Road Condition,Vehicle_Load_0,0000017,data/processed_images/traffic/Vehicle_Load_0/0000017.jpg,0000017,
Traffic,https://media.istockphoto.com/id/1429557222/photo/caravan-travel.jpg?s=612x612&w=0&k=20&c=7ksG9pI_rypcJtFkMKh26LLJY98FNsxt8jEVIe0RStU=,Not Applicable,Traffic Rules,Vehicle_Load_0,0000017,data/processed_images/traffic/Vehicle_Load_0/0000017.jpg,0000017,
Traffic,https://media.istockphoto.com/id/1429557222/photo/caravan-travel.jpg?s=612x612&w=0&k=20&c=7ksG9pI_rypcJtFkMKh26LLJY98FNsxt8jEVIe0RStU=,Complied,Vehicle Load,Vehicle_Load_0,0000017,data/processed_images/traffic/Vehicle_Load_0/0000017.jpg,0000017,
Traffic,https://media.istockphoto.com/id/1254690616/photo/car-and-caravan-on-holiday.jpg?s=612x612&w=0&k=20&c=8-Uhp11nEE5TwOPn8WYr1kRM_BBn6IeT_MiALe6Wmos=,Not Applicable,Driving Distraction,Vehicle_Load_0,0000018,data/processed_images/traffic/Vehicle_Load_0/0000018.jpg,0000018,
Traffic,https://media.istockphoto.com/id/1254690616/photo/car-and-caravan-on-holiday.jpg?s=612x612&w=0&k=20&c=8-Uhp11nEE5TwOPn8WYr1kRM_BBn6IeT_MiALe6Wmos=,Not Applicable,Pedestrian Crossing,Vehicle_Load_0,0000018,data/processed_images/traffic/Vehicle_Load_0/0000018.jpg,0000018,
Traffic,https://media.istockphoto.com/id/1254690616/photo/car-and-caravan-on-holiday.jpg?s=612x612&w=0&k=20&c=8-Uhp11nEE5TwOPn8WYr1kRM_BBn6IeT_MiALe6Wmos=,Violated,Road Condition,Vehicle_Load_0,0000018,data/processed_images/traffic/Vehicle_Load_0/0000018.jpg,0000018,
Traffic,https://media.istockphoto.com/id/1254690616/photo/car-and-caravan-on-holiday.jpg?s=612x612&w=0&k=20&c=8-Uhp11nEE5TwOPn8WYr1kRM_BBn6IeT_MiALe6Wmos=,Not Applicable,Traffic Rules,Vehicle_Load_0,0000018,data/processed_images/traffic/Vehicle_Load_0/0000018.jpg,0000018,
Traffic,https://media.istockphoto.com/id/1254690616/photo/car-and-caravan-on-holiday.jpg?s=612x612&w=0&k=20&c=8-Uhp11nEE5TwOPn8WYr1kRM_BBn6IeT_MiALe6Wmos=,Complied,Vehicle Load,Vehicle_Load_0,0000018,data/processed_images/traffic/Vehicle_Load_0/0000018.jpg,0000018,
Traffic,https://media.istockphoto.com/id/1314167846/photo/rv-caravan-camping-at-the-caravan-park-camping-vacation-travel-concept.jpg?s=612x612&w=0&k=20&c=W1nPWWFlcZXe9a4Q8gmOuwHokfudxJol7OkQQFOQYfs=,Not Applicable,Driving Distraction,Vehicle_Load_0,0000019,data/processed_images/traffic/Vehicle_Load_0/0000019.jpg,0000019,
Traffic,https://media.istockphoto.com/id/1314167846/photo/rv-caravan-camping-at-the-caravan-park-camping-vacation-travel-concept.jpg?s=612x612&w=0&k=20&c=W1nPWWFlcZXe9a4Q8gmOuwHokfudxJol7OkQQFOQYfs=,Not Applicable,Pedestrian Crossing,Vehicle_Load_0,0000019,data/processed_images/traffic/Vehicle_Load_0/0000019.jpg,0000019,
Traffic,https://media.istockphoto.com/id/1314167846/photo/rv-caravan-camping-at-the-caravan-park-camping-vacation-travel-concept.jpg?s=612x612&w=0&k=20&c=W1nPWWFlcZXe9a4Q8gmOuwHokfudxJol7OkQQFOQYfs=,Not Applicable,Road Condition,Vehicle_Load_0,0000019,data/processed_images/traffic/Vehicle_Load_0/0000019.jpg,0000019,
Traffic,https://media.istockphoto.com/id/1314167846/photo/rv-caravan-camping-at-the-caravan-park-camping-vacation-travel-concept.jpg?s=612x612&w=0&k=20&c=W1nPWWFlcZXe9a4Q8gmOuwHokfudxJol7OkQQFOQYfs=,Not Applicable,Traffic Rules,Vehicle_Load_0,0000019,data/processed_images/traffic/Vehicle_Load_0/0000019.jpg,0000019,
Traffic,https://media.istockphoto.com/id/1314167846/photo/rv-caravan-camping-at-the-caravan-park-camping-vacation-travel-concept.jpg?s=612x612&w=0&k=20&c=W1nPWWFlcZXe9a4Q8gmOuwHokfudxJol7OkQQFOQYfs=,Complied,Vehicle Load,Vehicle_Load_0,0000019,data/processed_images/traffic/Vehicle_Load_0/0000019.jpg,0000019,
Traffic,https://media.istockphoto.com/id/1352925342/photo/caravan-holiday.jpg?s=612x612&w=0&k=20&c=Stjv3LUKRW5FASG4z0RxSI9WPIoJf5nVJ9gMiGAvRps=,Not Applicable,Driving Distraction,Vehicle_Load_0,0000020,data/processed_images/traffic/Vehicle_Load_0/0000020.jpg,0000020,
Traffic,https://media.istockphoto.com/id/1352925342/photo/caravan-holiday.jpg?s=612x612&w=0&k=20&c=Stjv3LUKRW5FASG4z0RxSI9WPIoJf5nVJ9gMiGAvRps=,Not Applicable,Pedestrian Crossing,Vehicle_Load_0,0000020,data/processed_images/traffic/Vehicle_Load_0/0000020.jpg,0000020,
Traffic,https://media.istockphoto.com/id/1352925342/photo/caravan-holiday.jpg?s=612x612&w=0&k=20&c=Stjv3LUKRW5FASG4z0RxSI9WPIoJf5nVJ9gMiGAvRps=,Complied,Road Condition,Vehicle_Load_0,0000020,data/processed_images/traffic/Vehicle_Load_0/0000020.jpg,0000020,
Traffic,https://media.istockphoto.com/id/1352925342/photo/caravan-holiday.jpg?s=612x612&w=0&k=20&c=Stjv3LUKRW5FASG4z0RxSI9WPIoJf5nVJ9gMiGAvRps=,Not Applicable,Traffic Rules,Vehicle_Load_0,0000020,data/processed_images/traffic/Vehicle_Load_0/0000020.jpg,0000020,
Traffic,https://media.istockphoto.com/id/1352925342/photo/caravan-holiday.jpg?s=612x612&w=0&k=20&c=Stjv3LUKRW5FASG4z0RxSI9WPIoJf5nVJ9gMiGAvRps=,Complied,Vehicle Load,Vehicle_Load_0,0000020,data/processed_images/traffic/Vehicle_Load_0/0000020.jpg,0000020,
Traffic,https://media.istockphoto.com/id/1157121188/photo/white-repair-and-service-van-with-ladder-and-orange-light-bar-on-roof-at-city-street.jpg?s=612x612&w=0&k=20&c=9tUocpHtWJSZ1OFpF_yrh1oVkhHqh_U93M1pzLPF_pI=,Not Applicable,Driving Distraction,Vehicle_Load_0,0000021,data/processed_images/traffic/Vehicle_Load_0/0000021.jpg,0000021,
Traffic,https://media.istockphoto.com/id/1157121188/photo/white-repair-and-service-van-with-ladder-and-orange-light-bar-on-roof-at-city-street.jpg?s=612x612&w=0&k=20&c=9tUocpHtWJSZ1OFpF_yrh1oVkhHqh_U93M1pzLPF_pI=,Not Applicable,Pedestrian Crossing,Vehicle_Load_0,0000021,data/processed_images/traffic/Vehicle_Load_0/0000021.jpg,0000021,
Traffic,https://media.istockphoto.com/id/1157121188/photo/white-repair-and-service-van-with-ladder-and-orange-light-bar-on-roof-at-city-street.jpg?s=612x612&w=0&k=20&c=9tUocpHtWJSZ1OFpF_yrh1oVkhHqh_U93M1pzLPF_pI=,Not Applicable,Road Condition,Vehicle_Load_0,0000021,data/processed_images/traffic/Vehicle_Load_0/0000021.jpg,0000021,
Traffic,https://media.istockphoto.com/id/1157121188/photo/white-repair-and-service-van-with-ladder-and-orange-light-bar-on-roof-at-city-street.jpg?s=612x612&w=0&k=20&c=9tUocpHtWJSZ1OFpF_yrh1oVkhHqh_U93M1pzLPF_pI=,Not Applicable,Traffic Rules,Vehicle_Load_0,0000021,data/processed_images/traffic/Vehicle_Load_0/0000021.jpg,0000021,
Traffic,https://media.istockphoto.com/id/1157121188/photo/white-repair-and-service-van-with-ladder-and-orange-light-bar-on-roof-at-city-street.jpg?s=612x612&w=0&k=20&c=9tUocpHtWJSZ1OFpF_yrh1oVkhHqh_U93M1pzLPF_pI=,Complied,Vehicle Load,Vehicle_Load_0,0000021,data/processed_images/traffic/Vehicle_Load_0/0000021.jpg,0000021,
Traffic,https://media.istockphoto.com/id/697702430/photo/car-with-two-canoes-on-top-roof-in-mountains.jpg?s=612x612&w=0&k=20&c=ZnXjhpQMEC5b4jcAZJrv-rGkNp5aFLrJl-Ibn0cNtsc=,Not Applicable,Driving Distraction,Vehicle_Load_0,0000022,data/processed_images/traffic/Vehicle_Load_0/0000022.jpg,0000022,
Traffic,https://media.istockphoto.com/id/697702430/photo/car-with-two-canoes-on-top-roof-in-mountains.jpg?s=612x612&w=0&k=20&c=ZnXjhpQMEC5b4jcAZJrv-rGkNp5aFLrJl-Ibn0cNtsc=,Not Applicable,Pedestrian Crossing,Vehicle_Load_0,0000022,data/processed_images/traffic/Vehicle_Load_0/0000022.jpg,0000022,
Traffic,https://media.istockphoto.com/id/697702430/photo/car-with-two-canoes-on-top-roof-in-mountains.jpg?s=612x612&w=0&k=20&c=ZnXjhpQMEC5b4jcAZJrv-rGkNp5aFLrJl-Ibn0cNtsc=,Not Applicable,Road Condition,Vehicle_Load_0,0000022,data/processed_images/traffic/Vehicle_Load_0/0000022.jpg,0000022,
Traffic,https://media.istockphoto.com/id/697702430/photo/car-with-two-canoes-on-top-roof-in-mountains.jpg?s=612x612&w=0&k=20&c=ZnXjhpQMEC5b4jcAZJrv-rGkNp5aFLrJl-Ibn0cNtsc=,Not Applicable,Traffic Rules,Vehicle_Load_0,0000022,data/processed_images/traffic/Vehicle_Load_0/0000022.jpg,0000022,
Traffic,https://media.istockphoto.com/id/697702430/photo/car-with-two-canoes-on-top-roof-in-mountains.jpg?s=612x612&w=0&k=20&c=ZnXjhpQMEC5b4jcAZJrv-rGkNp5aFLrJl-Ibn0cNtsc=,Complied,Vehicle Load,Vehicle_Load_0,0000022,data/processed_images/traffic/Vehicle_Load_0/0000022.jpg,0000022,
Traffic,https://media.istockphoto.com/id/467838539/photo/car-with-kayak-canoe-on-top-blue-sky-active-lifestyle.jpg?s=612x612&w=0&k=20&c=KtkCc8AZIL3_rmKzib3tIBGYaM3s5R_N5BQWPrcAcRA=,Not Applicable,Driving Distraction,Vehicle_Load_0,0000023,data/processed_images/traffic/Vehicle_Load_0/0000023.jpg,0000023,
Traffic,https://media.istockphoto.com/id/467838539/photo/car-with-kayak-canoe-on-top-blue-sky-active-lifestyle.jpg?s=612x612&w=0&k=20&c=KtkCc8AZIL3_rmKzib3tIBGYaM3s5R_N5BQWPrcAcRA=,Not Applicable,Pedestrian Crossing,Vehicle_Load_0,0000023,data/processed_images/traffic/Vehicle_Load_0/0000023.jpg,0000023,
Traffic,https://media.istockphoto.com/id/467838539/photo/car-with-kayak-canoe-on-top-blue-sky-active-lifestyle.jpg?s=612x612&w=0&k=20&c=KtkCc8AZIL3_rmKzib3tIBGYaM3s5R_N5BQWPrcAcRA=,Not Applicable,Road Condition,Vehicle_Load_0,0000023,data/processed_images/traffic/Vehicle_Load_0/0000023.jpg,0000023,
Traffic,https://media.istockphoto.com/id/467838539/photo/car-with-kayak-canoe-on-top-blue-sky-active-lifestyle.jpg?s=612x612&w=0&k=20&c=KtkCc8AZIL3_rmKzib3tIBGYaM3s5R_N5BQWPrcAcRA=,Not Applicable,Traffic Rules,Vehicle_Load_0,0000023,data/processed_images/traffic/Vehicle_Load_0/0000023.jpg,0000023,
Traffic,https://media.istockphoto.com/id/467838539/photo/car-with-kayak-canoe-on-top-blue-sky-active-lifestyle.jpg?s=612x612&w=0&k=20&c=KtkCc8AZIL3_rmKzib3tIBGYaM3s5R_N5BQWPrcAcRA=,Complied,Vehicle Load,Vehicle_Load_0,0000023,data/processed_images/traffic/Vehicle_Load_0/0000023.jpg,0000023,
Traffic,https://media.istockphoto.com/id/1388560519/photo/large-roof-box.jpg?s=612x612&w=0&k=20&c=Tr8UzIOdr0GkCemz-maS0eIlRcztTSmHXTMZyoJxAA0=,Not Applicable,Driving Distraction,Vehicle_Load_0,0000024,data/processed_images/traffic/Vehicle_Load_0/0000024.jpg,0000024,
Traffic,https://media.istockphoto.com/id/1388560519/photo/large-roof-box.jpg?s=612x612&w=0&k=20&c=Tr8UzIOdr0GkCemz-maS0eIlRcztTSmHXTMZyoJxAA0=,Not Applicable,Pedestrian Crossing,Vehicle_Load_0,0000024,data/processed_images/traffic/Vehicle_Load_0/0000024.jpg,0000024,
Traffic,https://media.istockphoto.com/id/1388560519/photo/large-roof-box.jpg?s=612x612&w=0&k=20&c=Tr8UzIOdr0GkCemz-maS0eIlRcztTSmHXTMZyoJxAA0=,Not Applicable,Road Condition,Vehicle_Load_0,0000024,data/processed_images/traffic/Vehicle_Load_0/0000024.jpg,0000024,
Traffic,https://media.istockphoto.com/id/1388560519/photo/large-roof-box.jpg?s=612x612&w=0&k=20&c=Tr8UzIOdr0GkCemz-maS0eIlRcztTSmHXTMZyoJxAA0=,Not Applicable,Traffic Rules,Vehicle_Load_0,0000024,data/processed_images/traffic/Vehicle_Load_0/0000024.jpg,0000024,
Traffic,https://media.istockphoto.com/id/1388560519/photo/large-roof-box.jpg?s=612x612&w=0&k=20&c=Tr8UzIOdr0GkCemz-maS0eIlRcztTSmHXTMZyoJxAA0=,Complied,Vehicle Load,Vehicle_Load_0,0000024,data/processed_images/traffic/Vehicle_Load_0/0000024.jpg,0000024,
Traffic,https://media.istockphoto.com/id/2155601198/photo/canoe-on-roof-top-of-car-van.jpg?s=612x612&w=0&k=20&c=b5RIS1pVVzVSpcm51A5AqNbdhCLt_Y7BCr2EHgLVOUs=,Not Applicable,Driving Distraction,Vehicle_Load_0,0000025,data/processed_images/traffic/Vehicle_Load_0/0000025.jpg,0000025,
Traffic,https://media.istockphoto.com/id/2155601198/photo/canoe-on-roof-top-of-car-van.jpg?s=612x612&w=0&k=20&c=b5RIS1pVVzVSpcm51A5AqNbdhCLt_Y7BCr2EHgLVOUs=,Not Applicable,Pedestrian Crossing,Vehicle_Load_0,0000025,data/processed_images/traffic/Vehicle_Load_0/0000025.jpg,0000025,
Traffic,https://media.istockphoto.com/id/2155601198/photo/canoe-on-roof-top-of-car-van.jpg?s=612x612&w=0&k=20&c=b5RIS1pVVzVSpcm51A5AqNbdhCLt_Y7BCr2EHgLVOUs=,Not Applicable,Road Condition,Vehicle_Load_0,0000025,data/processed_images/traffic/Vehicle_Load_0/0000025.jpg,0000025,
Traffic,https://media.istockphoto.com/id/2155601198/photo/canoe-on-roof-top-of-car-van.jpg?s=612x612&w=0&k=20&c=b5RIS1pVVzVSpcm51A5AqNbdhCLt_Y7BCr2EHgLVOUs=,Not Applicable,Traffic Rules,Vehicle_Load_0,0000025,data/processed_images/traffic/Vehicle_Load_0/0000025.jpg,0000025,
Traffic,https://media.istockphoto.com/id/2155601198/photo/canoe-on-roof-top-of-car-van.jpg?s=612x612&w=0&k=20&c=b5RIS1pVVzVSpcm51A5AqNbdhCLt_Y7BCr2EHgLVOUs=,Complied,Vehicle Load,Vehicle_Load_0,0000025,data/processed_images/traffic/Vehicle_Load_0/0000025.jpg,0000025,
Traffic,https://media.istockphoto.com/id/648217724/photo/car-with-kayak-on-top-roof.jpg?s=612x612&w=0&k=20&c=kY9-NNW_ms7GPwUZ0bUdBLrPKh3WIkTzjlsUVuZMj8A=,Not Applicable,Driving Distraction,Vehicle_Load_0,0000026,data/processed_images/traffic/Vehicle_Load_0/0000026.jpg,0000026,
Traffic,https://media.istockphoto.com/id/648217724/photo/car-with-kayak-on-top-roof.jpg?s=612x612&w=0&k=20&c=kY9-NNW_ms7GPwUZ0bUdBLrPKh3WIkTzjlsUVuZMj8A=,Not Applicable,Pedestrian Crossing,Vehicle_Load_0,0000026,data/processed_images/traffic/Vehicle_Load_0/0000026.jpg,0000026,
Traffic,https://media.istockphoto.com/id/648217724/photo/car-with-kayak-on-top-roof.jpg?s=612x612&w=0&k=20&c=kY9-NNW_ms7GPwUZ0bUdBLrPKh3WIkTzjlsUVuZMj8A=,Not Applicable,Road Condition,Vehicle_Load_0,0000026,data/processed_images/traffic/Vehicle_Load_0/0000026.jpg,0000026,
Traffic,https://media.istockphoto.com/id/648217724/photo/car-with-kayak-on-top-roof.jpg?s=612x612&w=0&k=20&c=kY9-NNW_ms7GPwUZ0bUdBLrPKh3WIkTzjlsUVuZMj8A=,Not Applicable,Traffic Rules,Vehicle_Load_0,0000026,data/processed_images/traffic/Vehicle_Load_0/0000026.jpg,0000026,
Traffic,https://media.istockphoto.com/id/648217724/photo/car-with-kayak-on-top-roof.jpg?s=612x612&w=0&k=20&c=kY9-NNW_ms7GPwUZ0bUdBLrPKh3WIkTzjlsUVuZMj8A=,Complied,Vehicle Load,Vehicle_Load_0,0000026,data/processed_images/traffic/Vehicle_Load_0/0000026.jpg,0000026,
Traffic,https://media.istockphoto.com/id/2171315695/photo/car-for-traveling-with-a-mountain-road.jpg?s=612x612&w=0&k=20&c=4Sas1Ppp5J6KYGiJPRvlDonYGuTOVPmia0j4wmhkWN8=,Not Applicable,Driving Distraction,Vehicle_Load_0,0000027,data/processed_images/traffic/Vehicle_Load_0/0000027.jpg,0000027,
Traffic,https://media.istockphoto.com/id/2171315695/photo/car-for-traveling-with-a-mountain-road.jpg?s=612x612&w=0&k=20&c=4Sas1Ppp5J6KYGiJPRvlDonYGuTOVPmia0j4wmhkWN8=,Not Applicable,Pedestrian Crossing,Vehicle_Load_0,0000027,data/processed_images/traffic/Vehicle_Load_0/0000027.jpg,0000027,
Traffic,https://media.istockphoto.com/id/2171315695/photo/car-for-traveling-with-a-mountain-road.jpg?s=612x612&w=0&k=20&c=4Sas1Ppp5J6KYGiJPRvlDonYGuTOVPmia0j4wmhkWN8=,Violated,Road Condition,Vehicle_Load_0,0000027,data/processed_images/traffic/Vehicle_Load_0/0000027.jpg,0000027,
Traffic,https://media.istockphoto.com/id/2171315695/photo/car-for-traveling-with-a-mountain-road.jpg?s=612x612&w=0&k=20&c=4Sas1Ppp5J6KYGiJPRvlDonYGuTOVPmia0j4wmhkWN8=,Not Applicable,Traffic Rules,Vehicle_Load_0,0000027,data/processed_images/traffic/Vehicle_Load_0/0000027.jpg,0000027,
Traffic,https://media.istockphoto.com/id/2171315695/photo/car-for-traveling-with-a-mountain-road.jpg?s=612x612&w=0&k=20&c=4Sas1Ppp5J6KYGiJPRvlDonYGuTOVPmia0j4wmhkWN8=,Complied,Vehicle Load,Vehicle_Load_0,0000027,data/processed_images/traffic/Vehicle_Load_0/0000027.jpg,0000027,
Traffic,https://media.istockphoto.com/id/2171315771/photo/car-for-traveling-with-a-mountain-road.jpg?s=612x612&w=0&k=20&c=eirBpiMqIcKhocic8rMCULfiGGIwz5IyDRoFnkV617o=,Not Applicable,Driving Distraction,Vehicle_Load_0,0000028,data/processed_images/traffic/Vehicle_Load_0/0000028.jpg,0000028,
Traffic,https://media.istockphoto.com/id/2171315771/photo/car-for-traveling-with-a-mountain-road.jpg?s=612x612&w=0&k=20&c=eirBpiMqIcKhocic8rMCULfiGGIwz5IyDRoFnkV617o=,Not Applicable,Pedestrian Crossing,Vehicle_Load_0,0000028,data/processed_images/traffic/Vehicle_Load_0/0000028.jpg,0000028,
Traffic,https://media.istockphoto.com/id/2171315771/photo/car-for-traveling-with-a-mountain-road.jpg?s=612x612&w=0&k=20&c=eirBpiMqIcKhocic8rMCULfiGGIwz5IyDRoFnkV617o=,Not Applicable,Road Condition,Vehicle_Load_0,0000028,data/processed_images/traffic/Vehicle_Load_0/0000028.jpg,0000028,
Traffic,https://media.istockphoto.com/id/2171315771/photo/car-for-traveling-with-a-mountain-road.jpg?s=612x612&w=0&k=20&c=eirBpiMqIcKhocic8rMCULfiGGIwz5IyDRoFnkV617o=,Not Applicable,Traffic Rules,Vehicle_Load_0,0000028,data/processed_images/traffic/Vehicle_Load_0/0000028.jpg,0000028,
Traffic,https://media.istockphoto.com/id/2171315771/photo/car-for-traveling-with-a-mountain-road.jpg?s=612x612&w=0&k=20&c=eirBpiMqIcKhocic8rMCULfiGGIwz5IyDRoFnkV617o=,Complied,Vehicle Load,Vehicle_Load_0,0000028,data/processed_images/traffic/Vehicle_Load_0/0000028.jpg,0000028,
Traffic,https://images.unsplash.com/photo-1501700493788-fa1a4fc9fe62?w=400&auto=format&fit=crop&q=60&ixlib=rb-4.1.0&ixid=M3wxMjA3fDB8MHxzZWFyY2h8NHx8dHJ1Y2t8ZW58MHx8MHx8fDA%3D,Not Applicable,Driving Distraction,Vehicle_Load_0,0000029,data/processed_images/traffic/Vehicle_Load_0/0000029.jpg,0000029,
Traffic,https://images.unsplash.com/photo-1501700493788-fa1a4fc9fe62?w=400&auto=format&fit=crop&q=60&ixlib=rb-4.1.0&ixid=M3wxMjA3fDB8MHxzZWFyY2h8NHx8dHJ1Y2t8ZW58MHx8MHx8fDA%3D,Not Applicable,Pedestrian Crossing,Vehicle_Load_0,0000029,data/processed_images/traffic/Vehicle_Load_0/0000029.jpg,0000029,
Traffic,https://images.unsplash.com/photo-1501700493788-fa1a4fc9fe62?w=400&auto=format&fit=crop&q=60&ixlib=rb-4.1.0&ixid=M3wxMjA3fDB8MHxzZWFyY2h8NHx8dHJ1Y2t8ZW58MHx8MHx8fDA%3D,Complied,Road Condition,Vehicle_Load_0,0000029,data/processed_images/traffic/Vehicle_Load_0/0000029.jpg,0000029,
Traffic,https://images.unsplash.com/photo-1501700493788-fa1a4fc9fe62?w=400&auto=format&fit=crop&q=60&ixlib=rb-4.1.0&ixid=M3wxMjA3fDB8MHxzZWFyY2h8NHx8dHJ1Y2t8ZW58MHx8MHx8fDA%3D,Not Applicable,Traffic Rules,Vehicle_Load_0,0000029,data/processed_images/traffic/Vehicle_Load_0/0000029.jpg,0000029,
Traffic,https://images.unsplash.com/photo-1501700493788-fa1a4fc9fe62?w=400&auto=format&fit=crop&q=60&ixlib=rb-4.1.0&ixid=M3wxMjA3fDB8MHxzZWFyY2h8NHx8dHJ1Y2t8ZW58MHx8MHx8fDA%3D,Complied,Vehicle Load,Vehicle_Load_0,0000029,data/processed_images/traffic/Vehicle_Load_0/0000029.jpg,0000029,
Traffic,https://images.unsplash.com/photo-1591768793355-74d04bb6608f?w=400&auto=format&fit=crop&q=60&ixlib=rb-4.1.0&ixid=M3wxMjA3fDB8MHxzZWFyY2h8MTB8fHRydWNrfGVufDB8fDB8fHww,Not Applicable,Driving Distraction,Vehicle_Load_0,0000030,data/processed_images/traffic/Vehicle_Load_0/0000030.jpg,0000030,
Traffic,https://images.unsplash.com/photo-1591768793355-74d04bb6608f?w=400&auto=format&fit=crop&q=60&ixlib=rb-4.1.0&ixid=M3wxMjA3fDB8MHxzZWFyY2h8MTB8fHRydWNrfGVufDB8fDB8fHww,Not Applicable,Pedestrian Crossing,Vehicle_Load_0,0000030,data/processed_images/traffic/Vehicle_Load_0/0000030.jpg,0000030,
Traffic,https://images.unsplash.com/photo-1591768793355-74d04bb6608f?w=400&auto=format&fit=crop&q=60&ixlib=rb-4.1.0&ixid=M3wxMjA3fDB8MHxzZWFyY2h8MTB8fHRydWNrfGVufDB8fDB8fHww,Complied,Road Condition,Vehicle_Load_0,0000030,data/processed_images/traffic/Vehicle_Load_0/0000030.jpg,0000030,
Traffic,https://images.unsplash.com/photo-1591768793355-74d04bb6608f?w=400&auto=format&fit=crop&q=60&ixlib=rb-4.1.0&ixid=M3wxMjA3fDB8MHxzZWFyY2h8MTB8fHRydWNrfGVufDB8fDB8fHww,Not Applicable,Traffic Rules,Vehicle_Load_0,0000030,data/processed_images/traffic/Vehicle_Load_0/0000030.jpg,0000030,
Traffic,https://images.unsplash.com/photo-1591768793355-74d04bb6608f?w=400&auto=format&fit=crop&q=60&ixlib=rb-4.1.0&ixid=M3wxMjA3fDB8MHxzZWFyY2h8MTB8fHRydWNrfGVufDB8fDB8fHww,Complied,Vehicle Load,Vehicle_Load_0,0000030,data/processed_images/traffic/Vehicle_Load_0/0000030.jpg,0000030,
Traffic,https://images.unsplash.com/photo-1618582948377-cd7eb0e8cb14?w=400&auto=format&fit=crop&q=60&ixlib=rb-4.1.0&ixid=M3wxMjA3fDB8MHxzZWFyY2h8MjR8fHRydWNrfGVufDB8fDB8fHww,Not Applicable,Driving Distraction,Vehicle_Load_0,0000031,data/processed_images/traffic/Vehicle_Load_0/0000031.jpg,0000031,
Traffic,https://images.unsplash.com/photo-1618582948377-cd7eb0e8cb14?w=400&auto=format&fit=crop&q=60&ixlib=rb-4.1.0&ixid=M3wxMjA3fDB8MHxzZWFyY2h8MjR8fHRydWNrfGVufDB8fDB8fHww,Not Applicable,Pedestrian Crossing,Vehicle_Load_0,0000031,data/processed_images/traffic/Vehicle_Load_0/0000031.jpg,0000031,
Traffic,https://images.unsplash.com/photo-1618582948377-cd7eb0e8cb14?w=400&auto=format&fit=crop&q=60&ixlib=rb-4.1.0&ixid=M3wxMjA3fDB8MHxzZWFyY2h8MjR8fHRydWNrfGVufDB8fDB8fHww,Complied,Road Condition,Vehicle_Load_0,0000031,data/processed_images/traffic/Vehicle_Load_0/0000031.jpg,0000031,
Traffic,https://images.unsplash.com/photo-1618582948377-cd7eb0e8cb14?w=400&auto=format&fit=crop&q=60&ixlib=rb-4.1.0&ixid=M3wxMjA3fDB8MHxzZWFyY2h8MjR8fHRydWNrfGVufDB8fDB8fHww,Not Applicable,Traffic Rules,Vehicle_Load_0,0000031,data/processed_images/traffic/Vehicle_Load_0/0000031.jpg,0000031,
Traffic,https://images.unsplash.com/photo-1618582948377-cd7eb0e8cb14?w=400&auto=format&fit=crop&q=60&ixlib=rb-4.1.0&ixid=M3wxMjA3fDB8MHxzZWFyY2h8MjR8fHRydWNrfGVufDB8fDB8fHww,Complied,Vehicle Load,Vehicle_Load_0,0000031,data/processed_images/traffic/Vehicle_Load_0/0000031.jpg,0000031,
Traffic,https://images.unsplash.com/photo-1590079105886-f0f884bf4437?w=400&auto=format&fit=crop&q=60&ixlib=rb-4.1.0&ixid=M3wxMjA3fDB8MHxzZWFyY2h8NDB8fHRydWNrfGVufDB8fDB8fHww,Not Applicable,Driving Distraction,Vehicle_Load_0,0000032,data/processed_images/traffic/Vehicle_Load_0/0000032.jpg,0000032,
Traffic,https://images.unsplash.com/photo-1590079105886-f0f884bf4437?w=400&auto=format&fit=crop&q=60&ixlib=rb-4.1.0&ixid=M3wxMjA3fDB8MHxzZWFyY2h8NDB8fHRydWNrfGVufDB8fDB8fHww,Not Applicable,Pedestrian Crossing,Vehicle_Load_0,0000032,data/processed_images/traffic/Vehicle_Load_0/0000032.jpg,0000032,
Traffic,https://images.unsplash.com/photo-1590079105886-f0f884bf4437?w=400&auto=format&fit=crop&q=60&ixlib=rb-4.1.0&ixid=M3wxMjA3fDB8MHxzZWFyY2h8NDB8fHRydWNrfGVufDB8fDB8fHww,Complied,Road Condition,Vehicle_Load_0,0000032,data/processed_images/traffic/Vehicle_Load_0/0000032.jpg,0000032,
Traffic,https://images.unsplash.com/photo-1590079105886-f0f884bf4437?w=400&auto=format&fit=crop&q=60&ixlib=rb-4.1.0&ixid=M3wxMjA3fDB8MHxzZWFyY2h8NDB8fHRydWNrfGVufDB8fDB8fHww,Not Applicable,Traffic Rules,Vehicle_Load_0,0000032,data/processed_images/traffic/Vehicle_Load_0/0000032.jpg,0000032,
Traffic,https://images.unsplash.com/photo-1590079105886-f0f884bf4437?w=400&auto=format&fit=crop&q=60&ixlib=rb-4.1.0&ixid=M3wxMjA3fDB8MHxzZWFyY2h8NDB8fHRydWNrfGVufDB8fDB8fHww,Complied,Vehicle Load,Vehicle_Load_0,0000032,data/processed_images/traffic/Vehicle_Load_0/0000032.jpg,0000032,
Traffic,https://plus.unsplash.com/premium_photo-1661964199430-3e49c575b0b0?w=400&auto=format&fit=crop&q=60&ixlib=rb-4.1.0&ixid=M3wxMjA3fDB8MHxwaG90by1yZWxhdGVkfDQ0fHx8ZW58MHx8fHx8,Not Applicable,Driving Distraction,Vehicle_Load_0,0000033,data/processed_images/traffic/Vehicle_Load_0/0000033.jpg,0000033,
Traffic,https://plus.unsplash.com/premium_photo-1661964199430-3e49c575b0b0?w=400&auto=format&fit=crop&q=60&ixlib=rb-4.1.0&ixid=M3wxMjA3fDB8MHxwaG90by1yZWxhdGVkfDQ0fHx8ZW58MHx8fHx8,Not Applicable,Pedestrian Crossing,Vehicle_Load_0,0000033,data/processed_images/traffic/Vehicle_Load_0/0000033.jpg,0000033,
Traffic,https://plus.unsplash.com/premium_photo-1661964199430-3e49c575b0b0?w=400&auto=format&fit=crop&q=60&ixlib=rb-4.1.0&ixid=M3wxMjA3fDB8MHxwaG90by1yZWxhdGVkfDQ0fHx8ZW58MHx8fHx8,Not Applicable,Road Condition,Vehicle_Load_0,0000033,data/processed_images/traffic/Vehicle_Load_0/0000033.jpg,0000033,
Traffic,https://plus.unsplash.com/premium_photo-1661964199430-3e49c575b0b0?w=400&auto=format&fit=crop&q=60&ixlib=rb-4.1.0&ixid=M3wxMjA3fDB8MHxwaG90by1yZWxhdGVkfDQ0fHx8ZW58MHx8fHx8,Not Applicable,Traffic Rules,Vehicle_Load_0,0000033,data/processed_images/traffic/Vehicle_Load_0/0000033.jpg,0000033,
Traffic,https://plus.unsplash.com/premium_photo-1661964199430-3e49c575b0b0?w=400&auto=format&fit=crop&q=60&ixlib=rb-4.1.0&ixid=M3wxMjA3fDB8MHxwaG90by1yZWxhdGVkfDQ0fHx8ZW58MHx8fHx8,Complied,Vehicle Load,Vehicle_Load_0,0000033,data/processed_images/traffic/Vehicle_Load_0/0000033.jpg,0000033,
Traffic,https://media.istockphoto.com/id/157286698/photo/tow-truck-hauling-a-new-red-car.jpg?s=612x612&w=0&k=20&c=RY6v23MkyjhBjLw7HNhnvUWQqNqmGX4SbR5Y1P1ScE8=,Not Applicable,Driving Distraction,Vehicle_Load_0,0000034,data/processed_images/traffic/Vehicle_Load_0/0000034.jpg,0000034,
Traffic,https://media.istockphoto.com/id/157286698/photo/tow-truck-hauling-a-new-red-car.jpg?s=612x612&w=0&k=20&c=RY6v23MkyjhBjLw7HNhnvUWQqNqmGX4SbR5Y1P1ScE8=,Not Applicable,Pedestrian Crossing,Vehicle_Load_0,0000034,data/processed_images/traffic/Vehicle_Load_0/0000034.jpg,0000034,
Traffic,https://media.istockphoto.com/id/157286698/photo/tow-truck-hauling-a-new-red-car.jpg?s=612x612&w=0&k=20&c=RY6v23MkyjhBjLw7HNhnvUWQqNqmGX4SbR5Y1P1ScE8=,Not Applicable,Road Condition,Vehicle_Load_0,0000034,data/processed_images/traffic/Vehicle_Load_0/0000034.jpg,0000034,
Traffic,https://media.istockphoto.com/id/157286698/photo/tow-truck-hauling-a-new-red-car.jpg?s=612x612&w=0&k=20&c=RY6v23MkyjhBjLw7HNhnvUWQqNqmGX4SbR5Y1P1ScE8=,Not Applicable,Traffic Rules,Vehicle_Load_0,0000034,data/processed_images/traffic/Vehicle_Load_0/0000034.jpg,0000034,
Traffic,https://media.istockphoto.com/id/157286698/photo/tow-truck-hauling-a-new-red-car.jpg?s=612x612&w=0&k=20&c=RY6v23MkyjhBjLw7HNhnvUWQqNqmGX4SbR5Y1P1ScE8=,Complied,Vehicle Load,Vehicle_Load_0,0000034,data/processed_images/traffic/Vehicle_Load_0/0000034.jpg,0000034,
Traffic,https://media.istockphoto.com/id/1289928297/photo/white-semi-trailer-truck-heading-down-a-four-lane-highway-at-dusk.jpg?s=612x612&w=0&k=20&c=KrNejbm8JEJ4JxCzQrJp_pJezj-w--uElAIg0QrQo0c=,Not Applicable,Driving Distraction,Vehicle_Load_0,0000035,data/processed_images/traffic/Vehicle_Load_0/0000035.jpg,0000035,
Traffic,https://media.istockphoto.com/id/1289928297/photo/white-semi-trailer-truck-heading-down-a-four-lane-highway-at-dusk.jpg?s=612x612&w=0&k=20&c=KrNejbm8JEJ4JxCzQrJp_pJezj-w--uElAIg0QrQo0c=,Not Applicable,Pedestrian Crossing,Vehicle_Load_0,0000035,data/processed_images/traffic/Vehicle_Load_0/0000035.jpg,0000035,
Traffic,https://media.istockphoto.com/id/1289928297/photo/white-semi-trailer-truck-heading-down-a-four-lane-highway-at-dusk.jpg?s=612x612&w=0&k=20&c=KrNejbm8JEJ4JxCzQrJp_pJezj-w--uElAIg0QrQo0c=,Complied,Road Condition,Vehicle_Load_0,0000035,data/processed_images/traffic/Vehicle_Load_0/0000035.jpg,0000035,
Traffic,https://media.istockphoto.com/id/1289928297/photo/white-semi-trailer-truck-heading-down-a-four-lane-highway-at-dusk.jpg?s=612x612&w=0&k=20&c=KrNejbm8JEJ4JxCzQrJp_pJezj-w--uElAIg0QrQo0c=,Not Applicable,Traffic Rules,Vehicle_Load_0,0000035,data/processed_images/traffic/Vehicle_Load_0/0000035.jpg,0000035,
Traffic,https://media.istockphoto.com/id/1289928297/photo/white-semi-trailer-truck-heading-down-a-four-lane-highway-at-dusk.jpg?s=612x612&w=0&k=20&c=KrNejbm8JEJ4JxCzQrJp_pJezj-w--uElAIg0QrQo0c=,Complied,Vehicle Load,Vehicle_Load_0,0000035,data/processed_images/traffic/Vehicle_Load_0/0000035.jpg,0000035,
Traffic,https://images.unsplash.com/photo-1707905862671-5227ea6099ef?w=400&auto=format&fit=crop&q=60&ixlib=rb-4.1.0&ixid=M3wxMjA3fDB8MHxzZWFyY2h8NHx8dHJ1Y2slMjBjYXJyeWluZ3xlbnwwfHwwfHx8MA%3D%3D,Not Applicable,Driving Distraction,Vehicle_Load_0,0000036,data/processed_images/traffic/Vehicle_Load_0/0000036.jpg,0000036,
Traffic,https://images.unsplash.com/photo-1707905862671-5227ea6099ef?w=400&auto=format&fit=crop&q=60&ixlib=rb-4.1.0&ixid=M3wxMjA3fDB8MHxzZWFyY2h8NHx8dHJ1Y2slMjBjYXJyeWluZ3xlbnwwfHwwfHx8MA%3D%3D,Not Applicable,Pedestrian Crossing,Vehicle_Load_0,0000036,data/processed_images/traffic/Vehicle_Load_0/0000036.jpg,0000036,
Traffic,https://images.unsplash.com/photo-1707905862671-5227ea6099ef?w=400&auto=format&fit=crop&q=60&ixlib=rb-4.1.0&ixid=M3wxMjA3fDB8MHxzZWFyY2h8NHx8dHJ1Y2slMjBjYXJyeWluZ3xlbnwwfHwwfHx8MA%3D%3D,Not Applicable,Road Condition,Vehicle_Load_0,0000036,data/processed_images/traffic/Vehicle_Load_0/0000036.jpg,0000036,
Traffic,https://images.unsplash.com/photo-1707905862671-5227ea6099ef?w=400&auto=format&fit=crop&q=60&ixlib=rb-4.1.0&ixid=M3wxMjA3fDB8MHxzZWFyY2h8NHx8dHJ1Y2slMjBjYXJyeWluZ3xlbnwwfHwwfHx8MA%3D%3D,Not Applicable,Traffic Rules,Vehicle_Load_0,0000036,data/processed_images/traffic/Vehicle_Load_0/0000036.jpg,0000036,
Traffic,https://images.unsplash.com/photo-1707905862671-5227ea6099ef?w=400&auto=format&fit=crop&q=60&ixlib=rb-4.1.0&ixid=M3wxMjA3fDB8MHxzZWFyY2h8NHx8dHJ1Y2slMjBjYXJyeWluZ3xlbnwwfHwwfHx8MA%3D%3D,Complied,Vehicle Load,Vehicle_Load_0,0000036,data/processed_images/traffic/Vehicle_Load_0/0000036.jpg,0000036,
Traffic,https://images.unsplash.com/photo-1721804295754-1905f69c86ad?w=400&auto=format&fit=crop&q=60&ixlib=rb-4.1.0&ixid=M3wxMjA3fDB8MHxzZWFyY2h8MTF8fHRydWNrJTIwY2Fycnlpbmd8ZW58MHx8MHx8fDA%3D,Not Applicable,Driving Distraction,Vehicle_Load_0,0000037,data/processed_images/traffic/Vehicle_Load_0/0000037.jpg,0000037,
Traffic,https://images.unsplash.com/photo-1721804295754-1905f69c86ad?w=400&auto=format&fit=crop&q=60&ixlib=rb-4.1.0&ixid=M3wxMjA3fDB8MHxzZWFyY2h8MTF8fHRydWNrJTIwY2Fycnlpbmd8ZW58MHx8MHx8fDA%3D,Not Applicable,Pedestrian Crossing,Vehicle_Load_0,0000037,data/processed_images/traffic/Vehicle_Load_0/0000037.jpg,0000037,
Traffic,https://images.unsplash.com/photo-1721804295754-1905f69c86ad?w=400&auto=format&fit=crop&q=60&ixlib=rb-4.1.0&ixid=M3wxMjA3fDB8MHxzZWFyY2h8MTF8fHRydWNrJTIwY2Fycnlpbmd8ZW58MHx8MHx8fDA%3D,Complied,Road Condition,Vehicle_Load_0,0000037,data/processed_images/traffic/Vehicle_Load_0/0000037.jpg,0000037,
Traffic,https://images.unsplash.com/photo-1721804295754-1905f69c86ad?w=400&auto=format&fit=crop&q=60&ixlib=rb-4.1.0&ixid=M3wxMjA3fDB8MHxzZWFyY2h8MTF8fHRydWNrJTIwY2Fycnlpbmd8ZW58MHx8MHx8fDA%3D,Not Applicable,Traffic Rules,Vehicle_Load_0,0000037,data/processed_images/traffic/Vehicle_Load_0/0000037.jpg,0000037,
Traffic,https://images.unsplash.com/photo-1721804295754-1905f69c86ad?w=400&auto=format&fit=crop&q=60&ixlib=rb-4.1.0&ixid=M3wxMjA3fDB8MHxzZWFyY2h8MTF8fHRydWNrJTIwY2Fycnlpbmd8ZW58MHx8MHx8fDA%3D,Complied,Vehicle Load,Vehicle_Load_0,0000037,data/processed_images/traffic/Vehicle_Load_0/0000037.jpg,0000037,
Traffic,https://media.istockphoto.com/id/1282047643/photo/classic-big-rig-semi-truck-tractor-transporting-lumber-on-the-flat-bed-semi-trailer-moving-on.jpg?s=612x612&w=0&k=20&c=vS4MX8uHpO3MGoGQRjW2dXjV0WIfcEIwo1uECc0hF54=,Not Applicable,Driving Distraction,Vehicle_Load_0,0000038,data/processed_images/traffic/Vehicle_Load_0/0000038.jpg,0000038,
Traffic,https://media.istockphoto.com/id/1282047643/photo/classic-big-rig-semi-truck-tractor-transporting-lumber-on-the-flat-bed-semi-trailer-moving-on.jpg?s=612x612&w=0&k=20&c=vS4MX8uHpO3MGoGQRjW2dXjV0WIfcEIwo1uECc0hF54=,Not Applicable,Pedestrian Crossing,Vehicle_Load_0,0000038,data/processed_images/traffic/Vehicle_Load_0/0000038.jpg,0000038,
Traffic,https://media.istockphoto.com/id/1282047643/photo/classic-big-rig-semi-truck-tractor-transporting-lumber-on-the-flat-bed-semi-trailer-moving-on.jpg?s=612x612&w=0&k=20&c=vS4MX8uHpO3MGoGQRjW2dXjV0WIfcEIwo1uECc0hF54=,Complied,Road Condition,Vehicle_Load_0,0000038,data/processed_images/traffic/Vehicle_Load_0/0000038.jpg,0000038,
Traffic,https://media.istockphoto.com/id/1282047643/photo/classic-big-rig-semi-truck-tractor-transporting-lumber-on-the-flat-bed-semi-trailer-moving-on.jpg?s=612x612&w=0&k=20&c=vS4MX8uHpO3MGoGQRjW2dXjV0WIfcEIwo1uECc0hF54=,Not Applicable,Traffic Rules,Vehicle_Load_0,0000038,data/processed_images/traffic/Vehicle_Load_0/0000038.jpg,0000038,
Traffic,https://media.istockphoto.com/id/1282047643/photo/classic-big-rig-semi-truck-tractor-transporting-lumber-on-the-flat-bed-semi-trailer-moving-on.jpg?s=612x612&w=0&k=20&c=vS4MX8uHpO3MGoGQRjW2dXjV0WIfcEIwo1uECc0hF54=,Complied,Vehicle Load,Vehicle_Load_0,0000038,data/processed_images/traffic/Vehicle_Load_0/0000038.jpg,0000038,
Traffic,https://media.istockphoto.com/id/1423325870/photo/tow-truck-transportation.jpg?s=612x612&w=0&k=20&c=EeLFErlEi3n7k9Yfn_Gcuja6cJwf41ISci3q8f6HVuw=,Not Applicable,Driving Distraction,Vehicle_Load_0,0000039,data/processed_images/traffic/Vehicle_Load_0/0000039.jpg,0000039,
Traffic,https://media.istockphoto.com/id/1423325870/photo/tow-truck-transportation.jpg?s=612x612&w=0&k=20&c=EeLFErlEi3n7k9Yfn_Gcuja6cJwf41ISci3q8f6HVuw=,Not Applicable,Pedestrian Crossing,Vehicle_Load_0,0000039,data/processed_images/traffic/Vehicle_Load_0/0000039.jpg,0000039,
Traffic,https://media.istockphoto.com/id/1423325870/photo/tow-truck-transportation.jpg?s=612x612&w=0&k=20&c=EeLFErlEi3n7k9Yfn_Gcuja6cJwf41ISci3q8f6HVuw=,Complied,Road Condition,Vehicle_Load_0,0000039,data/processed_images/traffic/Vehicle_Load_0/0000039.jpg,0000039,
Traffic,https://media.istockphoto.com/id/1423325870/photo/tow-truck-transportation.jpg?s=612x612&w=0&k=20&c=EeLFErlEi3n7k9Yfn_Gcuja6cJwf41ISci3q8f6HVuw=,Not Applicable,Traffic Rules,Vehicle_Load_0,0000039,data/processed_images/traffic/Vehicle_Load_0/0000039.jpg,0000039,
Traffic,https://media.istockphoto.com/id/1423325870/photo/tow-truck-transportation.jpg?s=612x612&w=0&k=20&c=EeLFErlEi3n7k9Yfn_Gcuja6cJwf41ISci3q8f6HVuw=,Complied,Vehicle Load,Vehicle_Load_0,0000039,data/processed_images/traffic/Vehicle_Load_0/0000039.jpg,0000039,
Traffic,https://media.istockphoto.com/id/1279002529/photo/long-haul-semi-truck-on-a-rural-western-usa-interstate-highway.jpg?s=612x612&w=0&k=20&c=whigLZsLjC6BLRWcEMdgqRt-sZk70T39U0tEDg7NVss=,Not Applicable,Driving Distraction,Vehicle_Load_0,0000040,data/processed_images/traffic/Vehicle_Load_0/0000040.jpg,0000040,
Traffic,https://media.istockphoto.com/id/1279002529/photo/long-haul-semi-truck-on-a-rural-western-usa-interstate-highway.jpg?s=612x612&w=0&k=20&c=whigLZsLjC6BLRWcEMdgqRt-sZk70T39U0tEDg7NVss=,Not Applicable,Pedestrian Crossing,Vehicle_Load_0,0000040,data/processed_images/traffic/Vehicle_Load_0/0000040.jpg,0000040,
Traffic,https://media.istockphoto.com/id/1279002529/photo/long-haul-semi-truck-on-a-rural-western-usa-interstate-highway.jpg?s=612x612&w=0&k=20&c=whigLZsLjC6BLRWcEMdgqRt-sZk70T39U0tEDg7NVss=,Complied,Road Condition,Vehicle_Load_0,0000040,data/processed_images/traffic/Vehicle_Load_0/0000040.jpg,0000040,
Traffic,https://media.istockphoto.com/id/1279002529/photo/long-haul-semi-truck-on-a-rural-western-usa-interstate-highway.jpg?s=612x612&w=0&k=20&c=whigLZsLjC6BLRWcEMdgqRt-sZk70T39U0tEDg7NVss=,Not Applicable,Traffic Rules,Vehicle_Load_0,0000040,data/processed_images/traffic/Vehicle_Load_0/0000040.jpg,0000040,
Traffic,https://media.istockphoto.com/id/1279002529/photo/long-haul-semi-truck-on-a-rural-western-usa-interstate-highway.jpg?s=612x612&w=0&k=20&c=whigLZsLjC6BLRWcEMdgqRt-sZk70T39U0tEDg7NVss=,Complied,Vehicle Load,Vehicle_Load_0,0000040,data/processed_images/traffic/Vehicle_Load_0/0000040.jpg,0000040,
Traffic,https://c8.alamy.com/comp/C4053X/dover-port-aerial-view-trucks-lorries-trailers-queuing-below-gantry-C4053X.jpg,Not Applicable,Driving Distraction,Vehicle_Load_0,0000041,data/processed_images/traffic/Vehicle_Load_0/0000041.jpg,0000041,
Traffic,https://c8.alamy.com/comp/C4053X/dover-port-aerial-view-trucks-lorries-trailers-queuing-below-gantry-C4053X.jpg,Not Applicable,Pedestrian Crossing,Vehicle_Load_0,0000041,data/processed_images/traffic/Vehicle_Load_0/0000041.jpg,0000041,
Traffic,https://c8.alamy.com/comp/C4053X/dover-port-aerial-view-trucks-lorries-trailers-queuing-below-gantry-C4053X.jpg,Complied,Road Condition,Vehicle_Load_0,0000041,data/processed_images/traffic/Vehicle_Load_0/0000041.jpg,0000041,
Traffic,https://c8.alamy.com/comp/C4053X/dover-port-aerial-view-trucks-lorries-trailers-queuing-below-gantry-C4053X.jpg,Complied,Traffic Rules,Vehicle_Load_0,0000041,data/processed_images/traffic/Vehicle_Load_0/0000041.jpg,0000041,
Traffic,https://c8.alamy.com/comp/C4053X/dover-port-aerial-view-trucks-lorries-trailers-queuing-below-gantry-C4053X.jpg,Complied,Vehicle Load,Vehicle_Load_0,0000041,data/processed_images/traffic/Vehicle_Load_0/0000041.jpg,0000041,
Traffic,https://media.istockphoto.com/id/2210808753/photo/a-truck-loaded-with-logs-drives-under-a-cloudy-blue-sky-logistic-and-transportation-of-timber.jpg?s=612x612&w=0&k=20&c=m6zRFPyafOsIpUgFc31YpE2s4-H2SsHfv9UbZh_uX5Y=,Not Applicable,Driving Distraction,Vehicle_Load_0,0000042,data/processed_images/traffic/Vehicle_Load_0/0000042.jpg,0000042,
Traffic,https://media.istockphoto.com/id/2210808753/photo/a-truck-loaded-with-logs-drives-under-a-cloudy-blue-sky-logistic-and-transportation-of-timber.jpg?s=612x612&w=0&k=20&c=m6zRFPyafOsIpUgFc31YpE2s4-H2SsHfv9UbZh_uX5Y=,Not Applicable,Pedestrian Crossing,Vehicle_Load_0,0000042,data/processed_images/traffic/Vehicle_Load_0/0000042.jpg,0000042,
Traffic,https://media.istockphoto.com/id/2210808753/photo/a-truck-loaded-with-logs-drives-under-a-cloudy-blue-sky-logistic-and-transportation-of-timber.jpg?s=612x612&w=0&k=20&c=m6zRFPyafOsIpUgFc31YpE2s4-H2SsHfv9UbZh_uX5Y=,Violated,Road Condition,Vehicle_Load_0,0000042,data/processed_images/traffic/Vehicle_Load_0/0000042.jpg,0000042,
Traffic,https://media.istockphoto.com/id/2210808753/photo/a-truck-loaded-with-logs-drives-under-a-cloudy-blue-sky-logistic-and-transportation-of-timber.jpg?s=612x612&w=0&k=20&c=m6zRFPyafOsIpUgFc31YpE2s4-H2SsHfv9UbZh_uX5Y=,Not Applicable,Traffic Rules,Vehicle_Load_0,0000042,data/processed_images/traffic/Vehicle_Load_0/0000042.jpg,0000042,
Traffic,https://media.istockphoto.com/id/2210808753/photo/a-truck-loaded-with-logs-drives-under-a-cloudy-blue-sky-logistic-and-transportation-of-timber.jpg?s=612x612&w=0&k=20&c=m6zRFPyafOsIpUgFc31YpE2s4-H2SsHfv9UbZh_uX5Y=,Complied,Vehicle Load,Vehicle_Load_0,0000042,data/processed_images/traffic/Vehicle_Load_0/0000042.jpg,0000042,
Traffic,https://media.istockphoto.com/id/938116384/photo/truck-transporting-wood.jpg?s=612x612&w=0&k=20&c=bpySouUP_1SQ_7LxBdtmulFnZ_5nN1L_vfnFm0lX5Ls=,Not Applicable,Driving Distraction,Vehicle_Load_0,0000043,data/processed_images/traffic/Vehicle_Load_0/0000043.jpg,0000043,
Traffic,https://media.istockphoto.com/id/938116384/photo/truck-transporting-wood.jpg?s=612x612&w=0&k=20&c=bpySouUP_1SQ_7LxBdtmulFnZ_5nN1L_vfnFm0lX5Ls=,Not Applicable,Pedestrian Crossing,Vehicle_Load_0,0000043,data/processed_images/traffic/Vehicle_Load_0/0000043.jpg,0000043,
Traffic,https://media.istockphoto.com/id/938116384/photo/truck-transporting-wood.jpg?s=612x612&w=0&k=20&c=bpySouUP_1SQ_7LxBdtmulFnZ_5nN1L_vfnFm0lX5Ls=,Complied,Road Condition,Vehicle_Load_0,0000043,data/processed_images/traffic/Vehicle_Load_0/0000043.jpg,0000043,
Traffic,https://media.istockphoto.com/id/938116384/photo/truck-transporting-wood.jpg?s=612x612&w=0&k=20&c=bpySouUP_1SQ_7LxBdtmulFnZ_5nN1L_vfnFm0lX5Ls=,Not Applicable,Traffic Rules,Vehicle_Load_0,0000043,data/processed_images/traffic/Vehicle_Load_0/0000043.jpg,0000043,
Traffic,https://media.istockphoto.com/id/938116384/photo/truck-transporting-wood.jpg?s=612x612&w=0&k=20&c=bpySouUP_1SQ_7LxBdtmulFnZ_5nN1L_vfnFm0lX5Ls=,Complied,Vehicle Load,Vehicle_Load_0,0000043,data/processed_images/traffic/Vehicle_Load_0/0000043.jpg,0000043,
Traffic,https://cdn.pixabay.com/photo/2017/09/17/14/17/truck-2758534_640.jpg,Not Applicable,Driving Distraction,Vehicle_Load_0,0000044,data/processed_images/traffic/Vehicle_Load_0/0000044.jpg,0000044,
Traffic,https://cdn.pixabay.com/photo/2017/09/17/14/17/truck-2758534_640.jpg,Not Applicable,Pedestrian Crossing,Vehicle_Load_0,0000044,data/processed_images/traffic/Vehicle_Load_0/0000044.jpg,0000044,
Traffic,https://cdn.pixabay.com/photo/2017/09/17/14/17/truck-2758534_640.jpg,Violated,Road Condition,Vehicle_Load_0,0000044,data/processed_images/traffic/Vehicle_Load_0/0000044.jpg,0000044,
Traffic,https://cdn.pixabay.com/photo/2017/09/17/14/17/truck-2758534_640.jpg,Not Applicable,Traffic Rules,Vehicle_Load_0,0000044,data/processed_images/traffic/Vehicle_Load_0/0000044.jpg,0000044,
Traffic,https://cdn.pixabay.com/photo/2017/09/17/14/17/truck-2758534_640.jpg,Complied,Vehicle Load,Vehicle_Load_0,0000044,data/processed_images/traffic/Vehicle_Load_0/0000044.jpg,0000044,
Traffic,https://cdn.pixabay.com/photo/2021/12/04/00/29/truck-6844140_640.jpg,Not Applicable,Driving Distraction,Vehicle_Load_0,0000045,data/processed_images/traffic/Vehicle_Load_0/0000045.jpg,0000045,
Traffic,https://cdn.pixabay.com/photo/2021/12/04/00/29/truck-6844140_640.jpg,Not Applicable,Pedestrian Crossing,Vehicle_Load_0,0000045,data/processed_images/traffic/Vehicle_Load_0/0000045.jpg,0000045,
Traffic,https://cdn.pixabay.com/photo/2021/12/04/00/29/truck-6844140_640.jpg,Not Applicable,Road Condition,Vehicle_Load_0,0000045,data/processed_images/traffic/Vehicle_Load_0/0000045.jpg,0000045,
Traffic,https://cdn.pixabay.com/photo/2021/12/04/00/29/truck-6844140_640.jpg,Not Applicable,Traffic Rules,Vehicle_Load_0,0000045,data/processed_images/traffic/Vehicle_Load_0/0000045.jpg,0000045,
Traffic,https://cdn.pixabay.com/photo/2021/12/04/00/29/truck-6844140_640.jpg,Complied,Vehicle Load,Vehicle_Load_0,0000045,data/processed_images/traffic/Vehicle_Load_0/0000045.jpg,0000045,
Traffic,https://media.istockphoto.com/id/869278240/photo/truck-carrying-hay-in-his-body-making-hay-for-the-winter.jpg?s=612x612&w=0&k=20&c=ia_AYinfTWXpvRHb6wht7Ozj5N69MZEWHqTVVShVbno=,Not Applicable,Driving Distraction,Vehicle_Load_0,0000046,data/processed_images/traffic/Vehicle_Load_0/0000046.jpg,0000046,
Traffic,https://media.istockphoto.com/id/869278240/photo/truck-carrying-hay-in-his-body-making-hay-for-the-winter.jpg?s=612x612&w=0&k=20&c=ia_AYinfTWXpvRHb6wht7Ozj5N69MZEWHqTVVShVbno=,Not Applicable,Pedestrian Crossing,Vehicle_Load_0,0000046,data/processed_images/traffic/Vehicle_Load_0/0000046.jpg,0000046,
Traffic,https://media.istockphoto.com/id/869278240/photo/truck-carrying-hay-in-his-body-making-hay-for-the-winter.jpg?s=612x612&w=0&k=20&c=ia_AYinfTWXpvRHb6wht7Ozj5N69MZEWHqTVVShVbno=,Not Applicable,Road Condition,Vehicle_Load_0,0000046,data/processed_images/traffic/Vehicle_Load_0/0000046.jpg,0000046,
Traffic,https://media.istockphoto.com/id/869278240/photo/truck-carrying-hay-in-his-body-making-hay-for-the-winter.jpg?s=612x612&w=0&k=20&c=ia_AYinfTWXpvRHb6wht7Ozj5N69MZEWHqTVVShVbno=,Not Applicable,Traffic Rules,Vehicle_Load_0,0000046,data/processed_images/traffic/Vehicle_Load_0/0000046.jpg,0000046,
Traffic,https://media.istockphoto.com/id/869278240/photo/truck-carrying-hay-in-his-body-making-hay-for-the-winter.jpg?s=612x612&w=0&k=20&c=ia_AYinfTWXpvRHb6wht7Ozj5N69MZEWHqTVVShVbno=,Complied,Vehicle Load,Vehicle_Load_0,0000046,data/processed_images/traffic/Vehicle_Load_0/0000046.jpg,0000046,
Traffic,https://media.istockphoto.com/id/474505090/photo/lorry-with-hay-bales.jpg?s=612x612&w=0&k=20&c=g4DqkKG1ORHA5fmdcqdQjGfeEt6uiuGfDovhLCR4TGY=,Not Applicable,Driving Distraction,Vehicle_Load_0,0000047,data/processed_images/traffic/Vehicle_Load_0/0000047.jpg,0000047,
Traffic,https://media.istockphoto.com/id/474505090/photo/lorry-with-hay-bales.jpg?s=612x612&w=0&k=20&c=g4DqkKG1ORHA5fmdcqdQjGfeEt6uiuGfDovhLCR4TGY=,Not Applicable,Pedestrian Crossing,Vehicle_Load_0,0000047,data/processed_images/traffic/Vehicle_Load_0/0000047.jpg,0000047,
Traffic,https://media.istockphoto.com/id/474505090/photo/lorry-with-hay-bales.jpg?s=612x612&w=0&k=20&c=g4DqkKG1ORHA5fmdcqdQjGfeEt6uiuGfDovhLCR4TGY=,Not Applicable,Road Condition,Vehicle_Load_0,0000047,data/processed_images/traffic/Vehicle_Load_0/0000047.jpg,0000047,
Traffic,https://media.istockphoto.com/id/474505090/photo/lorry-with-hay-bales.jpg?s=612x612&w=0&k=20&c=g4DqkKG1ORHA5fmdcqdQjGfeEt6uiuGfDovhLCR4TGY=,Not Applicable,Traffic Rules,Vehicle_Load_0,0000047,data/processed_images/traffic/Vehicle_Load_0/0000047.jpg,0000047,
Traffic,https://media.istockphoto.com/id/474505090/photo/lorry-with-hay-bales.jpg?s=612x612&w=0&k=20&c=g4DqkKG1ORHA5fmdcqdQjGfeEt6uiuGfDovhLCR4TGY=,Complied,Vehicle Load,Vehicle_Load_0,0000047,data/processed_images/traffic/Vehicle_Load_0/0000047.jpg,0000047,
Traffic,https://media.istockphoto.com/id/1340562165/photo/a-trailer-with-hay-ready-to-be-towed-zamora-spain.jpg?s=612x612&w=0&k=20&c=Pg1GtgJawmQLip89KgajyZtE3vivZ08CNYdF7dDhFPw=,Not Applicable,Driving Distraction,Vehicle_Load_0,0000048,data/processed_images/traffic/Vehicle_Load_0/0000048.jpg,0000048,
Traffic,https://media.istockphoto.com/id/1340562165/photo/a-trailer-with-hay-ready-to-be-towed-zamora-spain.jpg?s=612x612&w=0&k=20&c=Pg1GtgJawmQLip89KgajyZtE3vivZ08CNYdF7dDhFPw=,Not Applicable,Pedestrian Crossing,Vehicle_Load_0,0000048,data/processed_images/traffic/Vehicle_Load_0/0000048.jpg,0000048,
Traffic,https://media.istockphoto.com/id/1340562165/photo/a-trailer-with-hay-ready-to-be-towed-zamora-spain.jpg?s=612x612&w=0&k=20&c=Pg1GtgJawmQLip89KgajyZtE3vivZ08CNYdF7dDhFPw=,Violated,Road Condition,Vehicle_Load_0,0000048,data/processed_images/traffic/Vehicle_Load_0/0000048.jpg,0000048,
Traffic,https://media.istockphoto.com/id/1340562165/photo/a-trailer-with-hay-ready-to-be-towed-zamora-spain.jpg?s=612x612&w=0&k=20&c=Pg1GtgJawmQLip89KgajyZtE3vivZ08CNYdF7dDhFPw=,Not Applicable,Traffic Rules,Vehicle_Load_0,0000048,data/processed_images/traffic/Vehicle_Load_0/0000048.jpg,0000048,
Traffic,https://media.istockphoto.com/id/1340562165/photo/a-trailer-with-hay-ready-to-be-towed-zamora-spain.jpg?s=612x612&w=0&k=20&c=Pg1GtgJawmQLip89KgajyZtE3vivZ08CNYdF7dDhFPw=,Complied,Vehicle Load,Vehicle_Load_0,0000048,data/processed_images/traffic/Vehicle_Load_0/0000048.jpg,0000048,
Traffic,https://media.istockphoto.com/id/1087268414/photo/bale-truck-carrying-straw.jpg?s=612x612&w=0&k=20&c=C-bcXCZeEJiCG5DeTMAAwu8H1GjD--FUnxwpKOSPxvg=,Not Applicable,Driving Distraction,Vehicle_Load_0,0000049,data/processed_images/traffic/Vehicle_Load_0/0000049.jpg,0000049,
Traffic,https://media.istockphoto.com/id/1087268414/photo/bale-truck-carrying-straw.jpg?s=612x612&w=0&k=20&c=C-bcXCZeEJiCG5DeTMAAwu8H1GjD--FUnxwpKOSPxvg=,Not Applicable,Pedestrian Crossing,Vehicle_Load_0,0000049,data/processed_images/traffic/Vehicle_Load_0/0000049.jpg,0000049,
Traffic,https://media.istockphoto.com/id/1087268414/photo/bale-truck-carrying-straw.jpg?s=612x612&w=0&k=20&c=C-bcXCZeEJiCG5DeTMAAwu8H1GjD--FUnxwpKOSPxvg=,Complied,Road Condition,Vehicle_Load_0,0000049,data/processed_images/traffic/Vehicle_Load_0/0000049.jpg,0000049,
Traffic,https://media.istockphoto.com/id/1087268414/photo/bale-truck-carrying-straw.jpg?s=612x612&w=0&k=20&c=C-bcXCZeEJiCG5DeTMAAwu8H1GjD--FUnxwpKOSPxvg=,Not Applicable,Traffic Rules,Vehicle_Load_0,0000049,data/processed_images/traffic/Vehicle_Load_0/0000049.jpg,0000049,
Traffic,https://media.istockphoto.com/id/1087268414/photo/bale-truck-carrying-straw.jpg?s=612x612&w=0&k=20&c=C-bcXCZeEJiCG5DeTMAAwu8H1GjD--FUnxwpKOSPxvg=,Complied,Vehicle Load,Vehicle_Load_0,0000049,data/processed_images/traffic/Vehicle_Load_0/0000049.jpg,0000049,
Traffic,https://images.unsplash.com/photo-1706130578908-ffdf5ef1ae18?w=400&auto=format&fit=crop&q=60&ixlib=rb-4.1.0&ixid=M3wxMjA3fDB8MHxwaG90by1yZWxhdGVkfDEwfHx8ZW58MHx8fHx8,Not Applicable,Driving Distraction,Vehicle_Load_0,0000050,data/processed_images/traffic/Vehicle_Load_0/0000050.jpg,0000050,
Traffic,https://images.unsplash.com/photo-1706130578908-ffdf5ef1ae18?w=400&auto=format&fit=crop&q=60&ixlib=rb-4.1.0&ixid=M3wxMjA3fDB8MHxwaG90by1yZWxhdGVkfDEwfHx8ZW58MHx8fHx8,Not Applicable,Pedestrian Crossing,Vehicle_Load_0,0000050,data/processed_images/traffic/Vehicle_Load_0/0000050.jpg,0000050,
Traffic,https://images.unsplash.com/photo-1706130578908-ffdf5ef1ae18?w=400&auto=format&fit=crop&q=60&ixlib=rb-4.1.0&ixid=M3wxMjA3fDB8MHxwaG90by1yZWxhdGVkfDEwfHx8ZW58MHx8fHx8,Not Applicable,Road Condition,Vehicle_Load_0,0000050,data/processed_images/traffic/Vehicle_Load_0/0000050.jpg,0000050,
Traffic,https://images.unsplash.com/photo-1706130578908-ffdf5ef1ae18?w=400&auto=format&fit=crop&q=60&ixlib=rb-4.1.0&ixid=M3wxMjA3fDB8MHxwaG90by1yZWxhdGVkfDEwfHx8ZW58MHx8fHx8,Not Applicable,Traffic Rules,Vehicle_Load_0,0000050,data/processed_images/traffic/Vehicle_Load_0/0000050.jpg,0000050,
Traffic,https://images.unsplash.com/photo-1706130578908-ffdf5ef1ae18?w=400&auto=format&fit=crop&q=60&ixlib=rb-4.1.0&ixid=M3wxMjA3fDB8MHxwaG90by1yZWxhdGVkfDEwfHx8ZW58MHx8fHx8,Complied,Vehicle Load,Vehicle_Load_0,0000050,data/processed_images/traffic/Vehicle_Load_0/0000050.jpg,0000050,
Traffic,https://plus.unsplash.com/premium_photo-1664695710271-3b7a08fb6d38?w=400&auto=format&fit=crop&q=60&ixlib=rb-4.1.0&ixid=M3wxMjA3fDB8MHxwaG90by1yZWxhdGVkfDE2fHx8ZW58MHx8fHx8,Not Applicable,Driving Distraction,Vehicle_Load_0,0000051,data/processed_images/traffic/Vehicle_Load_0/0000051.jpg,0000051,
Traffic,https://plus.unsplash.com/premium_photo-1664695710271-3b7a08fb6d38?w=400&auto=format&fit=crop&q=60&ixlib=rb-4.1.0&ixid=M3wxMjA3fDB8MHxwaG90by1yZWxhdGVkfDE2fHx8ZW58MHx8fHx8,Not Applicable,Pedestrian Crossing,Vehicle_Load_0,0000051,data/processed_images/traffic/Vehicle_Load_0/0000051.jpg,0000051,
Traffic,https://plus.unsplash.com/premium_photo-1664695710271-3b7a08fb6d38?w=400&auto=format&fit=crop&q=60&ixlib=rb-4.1.0&ixid=M3wxMjA3fDB8MHxwaG90by1yZWxhdGVkfDE2fHx8ZW58MHx8fHx8,Not Applicable,Road Condition,Vehicle_Load_0,0000051,data/processed_images/traffic/Vehicle_Load_0/0000051.jpg,0000051,
Traffic,https://plus.unsplash.com/premium_photo-1664695710271-3b7a08fb6d38?w=400&auto=format&fit=crop&q=60&ixlib=rb-4.1.0&ixid=M3wxMjA3fDB8MHxwaG90by1yZWxhdGVkfDE2fHx8ZW58MHx8fHx8,Not Applicable,Traffic Rules,Vehicle_Load_0,0000051,data/processed_images/traffic/Vehicle_Load_0/0000051.jpg,0000051,
Traffic,https://plus.unsplash.com/premium_photo-1664695710271-3b7a08fb6d38?w=400&auto=format&fit=crop&q=60&ixlib=rb-4.1.0&ixid=M3wxMjA3fDB8MHxwaG90by1yZWxhdGVkfDE2fHx8ZW58MHx8fHx8,Complied,Vehicle Load,Vehicle_Load_0,0000051,data/processed_images/traffic/Vehicle_Load_0/0000051.jpg,0000051,
Traffic,https://c8.alamy.com/comp/RFPA79/load-vehicles-can-sometimes-create-traffic-hazards-RFPA79.jpg,Not Applicable,Driving Distraction,Vehicle_Load_1,0000001,data/processed_images/traffic/Vehicle_Load_1/0000001.jpg,0000001,
Traffic,https://c8.alamy.com/comp/RFPA79/load-vehicles-can-sometimes-create-traffic-hazards-RFPA79.jpg,Not Applicable,Pedestrian Crossing,Vehicle_Load_1,0000001,data/processed_images/traffic/Vehicle_Load_1/0000001.jpg,0000001,
Traffic,https://c8.alamy.com/comp/RFPA79/load-vehicles-can-sometimes-create-traffic-hazards-RFPA79.jpg,Complied,Road Condition,Vehicle_Load_1,0000001,data/processed_images/traffic/Vehicle_Load_1/0000001.jpg,0000001,
Traffic,https://c8.alamy.com/comp/RFPA79/load-vehicles-can-sometimes-create-traffic-hazards-RFPA79.jpg,Not Applicable,Traffic Rules,Vehicle_Load_1,0000001,data/processed_images/traffic/Vehicle_Load_1/0000001.jpg,0000001,
Traffic,https://c8.alamy.com/comp/RFPA79/load-vehicles-can-sometimes-create-traffic-hazards-RFPA79.jpg,Violated,Vehicle Load,Vehicle_Load_1,0000001,data/processed_images/traffic/Vehicle_Load_1/0000001.jpg,0000001,
Traffic,https://www.arrivealive.mobi/ckfinder/userfiles/images/overload%20bakkie.jpg,Not Applicable,Driving Distraction,Vehicle_Load_1,0000002,data/processed_images/traffic/Vehicle_Load_1/0000002.jpg,0000002,
Traffic,https://www.arrivealive.mobi/ckfinder/userfiles/images/overload%20bakkie.jpg,Not Applicable,Pedestrian Crossing,Vehicle_Load_1,0000002,data/processed_images/traffic/Vehicle_Load_1/0000002.jpg,0000002,
Traffic,https://www.arrivealive.mobi/ckfinder/userfiles/images/overload%20bakkie.jpg,Not Applicable,Road Condition,Vehicle_Load_1,0000002,data/processed_images/traffic/Vehicle_Load_1/0000002.jpg,0000002,
Traffic,https://www.arrivealive.mobi/ckfinder/userfiles/images/overload%20bakkie.jpg,Violated,Traffic Rules,Vehicle_Load_1,0000002,data/processed_images/traffic/Vehicle_Load_1/0000002.jpg,0000002,
Traffic,https://www.arrivealive.mobi/ckfinder/userfiles/images/overload%20bakkie.jpg,Violated,Vehicle Load,Vehicle_Load_1,0000002,data/processed_images/traffic/Vehicle_Load_1/0000002.jpg,0000002,
Traffic,https://c8.alamy.com/comp/RMTBRR/overloaded-truck-on-a-country-road-in-rajasthan-trucks-carrying-heavy-loads-characterize-traffic-in-india-RMTBRR.jpg,Not Applicable,Driving Distraction,Vehicle_Load_1,0000003,data/processed_images/traffic/Vehicle_Load_1/0000003.jpg,0000003,
Traffic,https://c8.alamy.com/comp/RMTBRR/overloaded-truck-on-a-country-road-in-rajasthan-trucks-carrying-heavy-loads-characterize-traffic-in-india-RMTBRR.jpg,Not Applicable,Pedestrian Crossing,Vehicle_Load_1,0000003,data/processed_images/traffic/Vehicle_Load_1/0000003.jpg,0000003,
Traffic,https://c8.alamy.com/comp/RMTBRR/overloaded-truck-on-a-country-road-in-rajasthan-trucks-carrying-heavy-loads-characterize-traffic-in-india-RMTBRR.jpg,Violated,Road Condition,Vehicle_Load_1,0000003,data/processed_images/traffic/Vehicle_Load_1/0000003.jpg,0000003,
Traffic,https://c8.alamy.com/comp/RMTBRR/overloaded-truck-on-a-country-road-in-rajasthan-trucks-carrying-heavy-loads-characterize-traffic-in-india-RMTBRR.jpg,Not Applicable,Traffic Rules,Vehicle_Load_1,0000003,data/processed_images/traffic/Vehicle_Load_1/0000003.jpg,0000003,
Traffic,https://c8.alamy.com/comp/RMTBRR/overloaded-truck-on-a-country-road-in-rajasthan-trucks-carrying-heavy-loads-characterize-traffic-in-india-RMTBRR.jpg,Violated,Vehicle Load,Vehicle_Load_1,0000003,data/processed_images/traffic/Vehicle_Load_1/0000003.jpg,0000003,
Traffic,https://blog.trucksuvidha.com/wp-content/uploads/2015/02/Picture15.jpg,Not Applicable,Driving Distraction,Vehicle_Load_1,0000004,data/processed_images/traffic/Vehicle_Load_1/0000004.jpg,0000004,
Traffic,https://blog.trucksuvidha.com/wp-content/uploads/2015/02/Picture15.jpg,Not Applicable,Pedestrian Crossing,Vehicle_Load_1,0000004,data/processed_images/traffic/Vehicle_Load_1/0000004.jpg,0000004,
Traffic,https://blog.trucksuvidha.com/wp-content/uploads/2015/02/Picture15.jpg,Complied,Road Condition,Vehicle_Load_1,0000004,data/processed_images/traffic/Vehicle_Load_1/0000004.jpg,0000004,
Traffic,https://blog.trucksuvidha.com/wp-content/uploads/2015/02/Picture15.jpg,Complied,Traffic Rules,Vehicle_Load_1,0000004,data/processed_images/traffic/Vehicle_Load_1/0000004.jpg,0000004,
Traffic,https://blog.trucksuvidha.com/wp-content/uploads/2015/02/Picture15.jpg,Violated,Vehicle Load,Vehicle_Load_1,0000004,data/processed_images/traffic/Vehicle_Load_1/0000004.jpg,0000004,
Traffic,https://www.shutterstock.com/image-photo/plasencia-spain-may-01-2022-260nw-2244693823.jpg,Not Applicable,Driving Distraction,Vehicle_Load_1,0000005,data/processed_images/traffic/Vehicle_Load_1/0000005.jpg,0000005,
Traffic,https://www.shutterstock.com/image-photo/plasencia-spain-may-01-2022-260nw-2244693823.jpg,Not Applicable,Pedestrian Crossing,Vehicle_Load_1,0000005,data/processed_images/traffic/Vehicle_Load_1/0000005.jpg,0000005,
Traffic,https://www.shutterstock.com/image-photo/plasencia-spain-may-01-2022-260nw-2244693823.jpg,Not Applicable,Road Condition,Vehicle_Load_1,0000005,data/processed_images/traffic/Vehicle_Load_1/0000005.jpg,0000005,
Traffic,https://www.shutterstock.com/image-photo/plasencia-spain-may-01-2022-260nw-2244693823.jpg,Violated,Traffic Rules,Vehicle_Load_1,0000005,data/processed_images/traffic/Vehicle_Load_1/0000005.jpg,0000005,
Traffic,https://www.shutterstock.com/image-photo/plasencia-spain-may-01-2022-260nw-2244693823.jpg,Violated,Vehicle Load,Vehicle_Load_1,0000005,data/processed_images/traffic/Vehicle_Load_1/0000005.jpg,0000005,
Traffic,https://www.team-bhp.com/forum/attachments/road-safety/2519250d1697766847-cargo-protruding-outside-trucks-height-width-traffic-hazard-killer-fb_img_1697766480549.jpg,Not Applicable,Driving Distraction,Vehicle_Load_1,0000006,data/processed_images/traffic/Vehicle_Load_1/0000006.jpg,0000006,
Traffic,https://www.team-bhp.com/forum/attachments/road-safety/2519250d1697766847-cargo-protruding-outside-trucks-height-width-traffic-hazard-killer-fb_img_1697766480549.jpg,Not Applicable,Pedestrian Crossing,Vehicle_Load_1,0000006,data/processed_images/traffic/Vehicle_Load_1/0000006.jpg,0000006,
Traffic,https://www.team-bhp.com/forum/attachments/road-safety/2519250d1697766847-cargo-protruding-outside-trucks-height-width-traffic-hazard-killer-fb_img_1697766480549.jpg,Violated,Road Condition,Vehicle_Load_1,0000006,data/processed_images/traffic/Vehicle_Load_1/0000006.jpg,0000006,
Traffic,https://www.team-bhp.com/forum/attachments/road-safety/2519250d1697766847-cargo-protruding-outside-trucks-height-width-traffic-hazard-killer-fb_img_1697766480549.jpg,Not Applicable,Traffic Rules,Vehicle_Load_1,0000006,data/processed_images/traffic/Vehicle_Load_1/0000006.jpg,0000006,
Traffic,https://www.team-bhp.com/forum/attachments/road-safety/2519250d1697766847-cargo-protruding-outside-trucks-height-width-traffic-hazard-killer-fb_img_1697766480549.jpg,Violated,Vehicle Load,Vehicle_Load_1,0000006,data/processed_images/traffic/Vehicle_Load_1/0000006.jpg,0000006,
Traffic,https://i.tribune.com.pk/media/images/934725-van-1439066225/934725-van-1439066225.JPG,Not Applicable,Driving Distraction,Vehicle_Load_1,0000007,data/processed_images/traffic/Vehicle_Load_1/0000007.jpg,0000007,
Traffic,https://i.tribune.com.pk/media/images/934725-van-1439066225/934725-van-1439066225.JPG,Not Applicable,Pedestrian Crossing,Vehicle_Load_1,0000007,data/processed_images/traffic/Vehicle_Load_1/0000007.jpg,0000007,
Traffic,https://i.tribune.com.pk/media/images/934725-van-1439066225/934725-van-1439066225.JPG,Violated,Road Condition,Vehicle_Load_1,0000007,data/processed_images/traffic/Vehicle_Load_1/0000007.jpg,0000007,
Traffic,https://i.tribune.com.pk/media/images/934725-van-1439066225/934725-van-1439066225.JPG,Violated,Traffic Rules,Vehicle_Load_1,0000007,data/processed_images/traffic/Vehicle_Load_1/0000007.jpg,0000007,
Traffic,https://i.tribune.com.pk/media/images/934725-van-1439066225/934725-van-1439066225.JPG,Violated,Vehicle Load,Vehicle_Load_1,0000007,data/processed_images/traffic/Vehicle_Load_1/0000007.jpg,0000007,
Traffic,https://media.istockphoto.com/id/177540596/photo/truck-travelling-on-roadway-heavily-overloaded-by-wood.jpg?s=612x612&w=0&k=20&c=iy4LhQzbb7155A5Yl5ppMEFgAvj93G0ccIZqzPLAol0=,Not Applicable,Driving Distraction,Vehicle_Load_1,0000008,data/processed_images/traffic/Vehicle_Load_1/0000008.jpg,0000008,
Traffic,https://media.istockphoto.com/id/177540596/photo/truck-travelling-on-roadway-heavily-overloaded-by-wood.jpg?s=612x612&w=0&k=20&c=iy4LhQzbb7155A5Yl5ppMEFgAvj93G0ccIZqzPLAol0=,Not Applicable,Pedestrian Crossing,Vehicle_Load_1,0000008,data/processed_images/traffic/Vehicle_Load_1/0000008.jpg,0000008,
Traffic,https://media.istockphoto.com/id/177540596/photo/truck-travelling-on-roadway-heavily-overloaded-by-wood.jpg?s=612x612&w=0&k=20&c=iy4LhQzbb7155A5Yl5ppMEFgAvj93G0ccIZqzPLAol0=,Not Applicable,Road Condition,Vehicle_Load_1,0000008,data/processed_images/traffic/Vehicle_Load_1/0000008.jpg,0000008,
Traffic,https://media.istockphoto.com/id/177540596/photo/truck-travelling-on-roadway-heavily-overloaded-by-wood.jpg?s=612x612&w=0&k=20&c=iy4LhQzbb7155A5Yl5ppMEFgAvj93G0ccIZqzPLAol0=,Not Applicable,Traffic Rules,Vehicle_Load_1,0000008,data/processed_images/traffic/Vehicle_Load_1/0000008.jpg,0000008,
Traffic,https://media.istockphoto.com/id/177540596/photo/truck-travelling-on-roadway-heavily-overloaded-by-wood.jpg?s=612x612&w=0&k=20&c=iy4LhQzbb7155A5Yl5ppMEFgAvj93G0ccIZqzPLAol0=,Violated,Vehicle Load,Vehicle_Load_1,0000008,data/processed_images/traffic/Vehicle_Load_1/0000008.jpg,0000008,
Traffic,https://c8.alamy.com/comp/CXXWCW/overloaded-truck-on-the-road-to-mysore-india-CXXWCW.jpg,Not Applicable,Driving Distraction,Vehicle_Load_1,0000009,data/processed_images/traffic/Vehicle_Load_1/0000009.jpg,0000009,
Traffic,https://c8.alamy.com/comp/CXXWCW/overloaded-truck-on-the-road-to-mysore-india-CXXWCW.jpg,Not Applicable,Pedestrian Crossing,Vehicle_Load_1,0000009,data/processed_images/traffic/Vehicle_Load_1/0000009.jpg,0000009,
Traffic,https://c8.alamy.com/comp/CXXWCW/overloaded-truck-on-the-road-to-mysore-india-CXXWCW.jpg,Not Applicable,Road Condition,Vehicle_Load_1,0000009,data/processed_images/traffic/Vehicle_Load_1/0000009.jpg,0000009,
Traffic,https://c8.alamy.com/comp/CXXWCW/overloaded-truck-on-the-road-to-mysore-india-CXXWCW.jpg,Complied,Traffic Rules,Vehicle_Load_1,0000009,data/processed_images/traffic/Vehicle_Load_1/0000009.jpg,0000009,
Traffic,https://c8.alamy.com/comp/CXXWCW/overloaded-truck-on-the-road-to-mysore-india-CXXWCW.jpg,Violated,Vehicle Load,Vehicle_Load_1,0000009,data/processed_images/traffic/Vehicle_Load_1/0000009.jpg,0000009,
Traffic,https://terrysamui.wordpress.com/wp-content/uploads/2017/01/overloaded-driving-cars-motorcycles-vans-trucks-pick-ups-samui-thailand-funny-strange-unusual-18.jpg,Not Applicable,Driving Distraction,Vehicle_Load_1,0000010,data/processed_images/traffic/Vehicle_Load_1/0000010.jpg,0000010,
Traffic,https://terrysamui.wordpress.com/wp-content/uploads/2017/01/overloaded-driving-cars-motorcycles-vans-trucks-pick-ups-samui-thailand-funny-strange-unusual-18.jpg,Not Applicable,Pedestrian Crossing,Vehicle_Load_1,0000010,data/processed_images/traffic/Vehicle_Load_1/0000010.jpg,0000010,
Traffic,https://terrysamui.wordpress.com/wp-content/uploads/2017/01/overloaded-driving-cars-motorcycles-vans-trucks-pick-ups-samui-thailand-funny-strange-unusual-18.jpg,Not Applicable,Road Condition,Vehicle_Load_1,0000010,data/processed_images/traffic/Vehicle_Load_1/0000010.jpg,0000010,
Traffic,https://terrysamui.wordpress.com/wp-content/uploads/2017/01/overloaded-driving-cars-motorcycles-vans-trucks-pick-ups-samui-thailand-funny-strange-unusual-18.jpg,Not Applicable,Traffic Rules,Vehicle_Load_1,0000010,data/processed_images/traffic/Vehicle_Load_1/0000010.jpg,0000010,
Traffic,https://terrysamui.wordpress.com/wp-content/uploads/2017/01/overloaded-driving-cars-motorcycles-vans-trucks-pick-ups-samui-thailand-funny-strange-unusual-18.jpg,Violated,Vehicle Load,Vehicle_Load_1,0000010,data/processed_images/traffic/Vehicle_Load_1/0000010.jpg,0000010,
Traffic,https://st5.depositphotos.com/49678184/72426/i/380/depositphotos_724268454-stock-photo-rear-view-overloaded-van-traveling.jpg,Not Applicable,Driving Distraction,Vehicle_Load_1,0000011,data/processed_images/traffic/Vehicle_Load_1/0000011.jpg,0000011,
Traffic,https://st5.depositphotos.com/49678184/72426/i/380/depositphotos_724268454-stock-photo-rear-view-overloaded-van-traveling.jpg,Not Applicable,Pedestrian Crossing,Vehicle_Load_1,0000011,data/processed_images/traffic/Vehicle_Load_1/0000011.jpg,0000011,
Traffic,https://st5.depositphotos.com/49678184/72426/i/380/depositphotos_724268454-stock-photo-rear-view-overloaded-van-traveling.jpg,Not Applicable,Road Condition,Vehicle_Load_1,0000011,data/processed_images/traffic/Vehicle_Load_1/0000011.jpg,0000011,
Traffic,https://st5.depositphotos.com/49678184/72426/i/380/depositphotos_724268454-stock-photo-rear-view-overloaded-van-traveling.jpg,Not Applicable,Traffic Rules,Vehicle_Load_1,0000011,data/processed_images/traffic/Vehicle_Load_1/0000011.jpg,0000011,
Traffic,https://st5.depositphotos.com/49678184/72426/i/380/depositphotos_724268454-stock-photo-rear-view-overloaded-van-traveling.jpg,Violated,Vehicle Load,Vehicle_Load_1,0000011,data/processed_images/traffic/Vehicle_Load_1/0000011.jpg,0000011,
Traffic,https://st.depositphotos.com/1019221/1212/i/450/depositphotos_12121958-stock-photo-africa.jpg,Not Applicable,Driving Distraction,Vehicle_Load_1,0000012,data/processed_images/traffic/Vehicle_Load_1/0000012.jpg,0000012,
Traffic,https://st.depositphotos.com/1019221/1212/i/450/depositphotos_12121958-stock-photo-africa.jpg,Not Applicable,Pedestrian Crossing,Vehicle_Load_1,0000012,data/processed_images/traffic/Vehicle_Load_1/0000012.jpg,0000012,
Traffic,https://st.depositphotos.com/1019221/1212/i/450/depositphotos_12121958-stock-photo-africa.jpg,Not Applicable,Road Condition,Vehicle_Load_1,0000012,data/processed_images/traffic/Vehicle_Load_1/0000012.jpg,0000012,
Traffic,https://st.depositphotos.com/1019221/1212/i/450/depositphotos_12121958-stock-photo-africa.jpg,Not Applicable,Traffic Rules,Vehicle_Load_1,0000012,data/processed_images/traffic/Vehicle_Load_1/0000012.jpg,0000012,
Traffic,https://st.depositphotos.com/1019221/1212/i/450/depositphotos_12121958-stock-photo-africa.jpg,Violated,Vehicle Load,Vehicle_Load_1,0000012,data/processed_images/traffic/Vehicle_Load_1/0000012.jpg,0000012,
Traffic,https://st5.depositphotos.com/72897924/61726/i/450/depositphotos_617269340-stock-photo-african-people-street-senegal.jpg,Not Applicable,Driving Distraction,Vehicle_Load_1,0000013,data/processed_images/traffic/Vehicle_Load_1/0000013.jpg,0000013,
Traffic,https://st5.depositphotos.com/72897924/61726/i/450/depositphotos_617269340-stock-photo-african-people-street-senegal.jpg,Not Applicable,Pedestrian Crossing,Vehicle_Load_1,0000013,data/processed_images/traffic/Vehicle_Load_1/0000013.jpg,0000013,
Traffic,https://st5.depositphotos.com/72897924/61726/i/450/depositphotos_617269340-stock-photo-african-people-street-senegal.jpg,Complied,Road Condition,Vehicle_Load_1,0000013,data/processed_images/traffic/Vehicle_Load_1/0000013.jpg,0000013,
Traffic,https://st5.depositphotos.com/72897924/61726/i/450/depositphotos_617269340-stock-photo-african-people-street-senegal.jpg,Violated,Traffic Rules,Vehicle_Load_1,0000013,data/processed_images/traffic/Vehicle_Load_1/0000013.jpg,0000013,
Traffic,https://st5.depositphotos.com/72897924/61726/i/450/depositphotos_617269340-stock-photo-african-people-street-senegal.jpg,Violated,Vehicle Load,Vehicle_Load_1,0000013,data/processed_images/traffic/Vehicle_Load_1/0000013.jpg,0000013,
Traffic,https://st4.depositphotos.com/22797156/24497/i/450/depositphotos_244970934-stock-photo-landscape-moroccan-desert.jpg,Not Applicable,Driving Distraction,Vehicle_Load_1,0000014,data/processed_images/traffic/Vehicle_Load_1/0000014.jpg,0000014,
Traffic,https://st4.depositphotos.com/22797156/24497/i/450/depositphotos_244970934-stock-photo-landscape-moroccan-desert.jpg,Not Applicable,Pedestrian Crossing,Vehicle_Load_1,0000014,data/processed_images/traffic/Vehicle_Load_1/0000014.jpg,0000014,
Traffic,https://st4.depositphotos.com/22797156/24497/i/450/depositphotos_244970934-stock-photo-landscape-moroccan-desert.jpg,Not Applicable,Road Condition,Vehicle_Load_1,0000014,data/processed_images/traffic/Vehicle_Load_1/0000014.jpg,0000014,
Traffic,https://st4.depositphotos.com/22797156/24497/i/450/depositphotos_244970934-stock-photo-landscape-moroccan-desert.jpg,Not Applicable,Traffic Rules,Vehicle_Load_1,0000014,data/processed_images/traffic/Vehicle_Load_1/0000014.jpg,0000014,
Traffic,https://st4.depositphotos.com/22797156/24497/i/450/depositphotos_244970934-stock-photo-landscape-moroccan-desert.jpg,Violated,Vehicle Load,Vehicle_Load_1,0000014,data/processed_images/traffic/Vehicle_Load_1/0000014.jpg,0000014,
Traffic,https://st.depositphotos.com/8272416/59368/i/450/depositphotos_593680588-stock-photo-accra-ghana-april-2022-crowded.jpg,Not Applicable,Driving Distraction,Vehicle_Load_1,0000015,data/processed_images/traffic/Vehicle_Load_1/0000015.jpg,0000015,
Traffic,https://st.depositphotos.com/8272416/59368/i/450/depositphotos_593680588-stock-photo-accra-ghana-april-2022-crowded.jpg,Not Applicable,Pedestrian Crossing,Vehicle_Load_1,0000015,data/processed_images/traffic/Vehicle_Load_1/0000015.jpg,0000015,
Traffic,https://st.depositphotos.com/8272416/59368/i/450/depositphotos_593680588-stock-photo-accra-ghana-april-2022-crowded.jpg,Violated,Road Condition,Vehicle_Load_1,0000015,data/processed_images/traffic/Vehicle_Load_1/0000015.jpg,0000015,
Traffic,https://st.depositphotos.com/8272416/59368/i/450/depositphotos_593680588-stock-photo-accra-ghana-april-2022-crowded.jpg,Violated,Traffic Rules,Vehicle_Load_1,0000015,data/processed_images/traffic/Vehicle_Load_1/0000015.jpg,0000015,
Traffic,https://st.depositphotos.com/8272416/59368/i/450/depositphotos_593680588-stock-photo-accra-ghana-april-2022-crowded.jpg,Violated,Vehicle Load,Vehicle_Load_1,0000015,data/processed_images/traffic/Vehicle_Load_1/0000015.jpg,0000015,
Traffic,https://st.depositphotos.com/1035123/3056/i/450/depositphotos_30568385-stock-photo-truck-overloaded-with-rice-sacks.jpg,Not Applicable,Driving Distraction,Vehicle_Load_1,0000016,data/processed_images/traffic/Vehicle_Load_1/0000016.jpg,0000016,
Traffic,https://st.depositphotos.com/1035123/3056/i/450/depositphotos_30568385-stock-photo-truck-overloaded-with-rice-sacks.jpg,Not Applicable,Pedestrian Crossing,Vehicle_Load_1,0000016,data/processed_images/traffic/Vehicle_Load_1/0000016.jpg,0000016,
Traffic,https://st.depositphotos.com/1035123/3056/i/450/depositphotos_30568385-stock-photo-truck-overloaded-with-rice-sacks.jpg,Complied,Road Condition,Vehicle_Load_1,0000016,data/processed_images/traffic/Vehicle_Load_1/0000016.jpg,0000016,
Traffic,https://st.depositphotos.com/1035123/3056/i/450/depositphotos_30568385-stock-photo-truck-overloaded-with-rice-sacks.jpg,Violated,Traffic Rules,Vehicle_Load_1,0000016,data/processed_images/traffic/Vehicle_Load_1/0000016.jpg,0000016,
Traffic,https://st.depositphotos.com/1035123/3056/i/450/depositphotos_30568385-stock-photo-truck-overloaded-with-rice-sacks.jpg,Violated,Vehicle Load,Vehicle_Load_1,0000016,data/processed_images/traffic/Vehicle_Load_1/0000016.jpg,0000016,
Traffic,https://media.istockphoto.com/id/1300549747/photo/mattress-on-car-roof-dacia-logan-carrying-mattresses-on-roof-in-bucharest-romania-2021.jpg?s=612x612&w=0&k=20&c=vfIVDFnyWn_DNQ9DLOExrokzRfWlQyVAKmxblWQHOg0=,Not Applicable,Driving Distraction,Vehicle_Load_1,0000017,data/processed_images/traffic/Vehicle_Load_1/0000017.jpg,0000017,
Traffic,https://media.istockphoto.com/id/1300549747/photo/mattress-on-car-roof-dacia-logan-carrying-mattresses-on-roof-in-bucharest-romania-2021.jpg?s=612x612&w=0&k=20&c=vfIVDFnyWn_DNQ9DLOExrokzRfWlQyVAKmxblWQHOg0=,Not Applicable,Pedestrian Crossing,Vehicle_Load_1,0000017,data/processed_images/traffic/Vehicle_Load_1/0000017.jpg,0000017,
Traffic,https://media.istockphoto.com/id/1300549747/photo/mattress-on-car-roof-dacia-logan-carrying-mattresses-on-roof-in-bucharest-romania-2021.jpg?s=612x612&w=0&k=20&c=vfIVDFnyWn_DNQ9DLOExrokzRfWlQyVAKmxblWQHOg0=,Not Applicable,Road Condition,Vehicle_Load_1,0000017,data/processed_images/traffic/Vehicle_Load_1/0000017.jpg,0000017,
Traffic,https://media.istockphoto.com/id/1300549747/photo/mattress-on-car-roof-dacia-logan-carrying-mattresses-on-roof-in-bucharest-romania-2021.jpg?s=612x612&w=0&k=20&c=vfIVDFnyWn_DNQ9DLOExrokzRfWlQyVAKmxblWQHOg0=,Not Applicable,Traffic Rules,Vehicle_Load_1,0000017,data/processed_images/traffic/Vehicle_Load_1/0000017.jpg,0000017,
Traffic,https://media.istockphoto.com/id/1300549747/photo/mattress-on-car-roof-dacia-logan-carrying-mattresses-on-roof-in-bucharest-romania-2021.jpg?s=612x612&w=0&k=20&c=vfIVDFnyWn_DNQ9DLOExrokzRfWlQyVAKmxblWQHOg0=,Violated,Vehicle Load,Vehicle_Load_1,0000017,data/processed_images/traffic/Vehicle_Load_1/0000017.jpg,0000017,
Traffic,https://st2.depositphotos.com/1471096/48330/i/450/depositphotos_483307244-stock-photo-colorful-car-loaded-things-road.jpg,Not Applicable,Driving Distraction,Vehicle_Load_1,0000018,data/processed_images/traffic/Vehicle_Load_1/0000018.jpg,0000018,
Traffic,https://st2.depositphotos.com/1471096/48330/i/450/depositphotos_483307244-stock-photo-colorful-car-loaded-things-road.jpg,Not Applicable,Pedestrian Crossing,Vehicle_Load_1,0000018,data/processed_images/traffic/Vehicle_Load_1/0000018.jpg,0000018,
Traffic,https://st2.depositphotos.com/1471096/48330/i/450/depositphotos_483307244-stock-photo-colorful-car-loaded-things-road.jpg,Not Applicable,Road Condition,Vehicle_Load_1,0000018,data/processed_images/traffic/Vehicle_Load_1/0000018.jpg,0000018,
Traffic,https://st2.depositphotos.com/1471096/48330/i/450/depositphotos_483307244-stock-photo-colorful-car-loaded-things-road.jpg,Not Applicable,Traffic Rules,Vehicle_Load_1,0000018,data/processed_images/traffic/Vehicle_Load_1/0000018.jpg,0000018,
Traffic,https://st2.depositphotos.com/1471096/48330/i/450/depositphotos_483307244-stock-photo-colorful-car-loaded-things-road.jpg,Violated,Vehicle Load,Vehicle_Load_1,0000018,data/processed_images/traffic/Vehicle_Load_1/0000018.jpg,0000018,
Traffic,https://st5.depositphotos.com/31126772/68630/i/450/depositphotos_686303772-stock-photo-rooftop-cargo-carrier-bag-rear.jpg,Not Applicable,Driving Distraction,Vehicle_Load_1,0000019,data/processed_images/traffic/Vehicle_Load_1/0000019.jpg,0000019,
Traffic,https://st5.depositphotos.com/31126772/68630/i/450/depositphotos_686303772-stock-photo-rooftop-cargo-carrier-bag-rear.jpg,Not Applicable,Pedestrian Crossing,Vehicle_Load_1,0000019,data/processed_images/traffic/Vehicle_Load_1/0000019.jpg,0000019,
Traffic,https://st5.depositphotos.com/31126772/68630/i/450/depositphotos_686303772-stock-photo-rooftop-cargo-carrier-bag-rear.jpg,Not Applicable,Road Condition,Vehicle_Load_1,0000019,data/processed_images/traffic/Vehicle_Load_1/0000019.jpg,0000019,
Traffic,https://st5.depositphotos.com/31126772/68630/i/450/depositphotos_686303772-stock-photo-rooftop-cargo-carrier-bag-rear.jpg,Not Applicable,Traffic Rules,Vehicle_Load_1,0000019,data/processed_images/traffic/Vehicle_Load_1/0000019.jpg,0000019,
Traffic,https://st5.depositphotos.com/31126772/68630/i/450/depositphotos_686303772-stock-photo-rooftop-cargo-carrier-bag-rear.jpg,Violated,Vehicle Load,Vehicle_Load_1,0000019,data/processed_images/traffic/Vehicle_Load_1/0000019.jpg,0000019,
Traffic,https://st.depositphotos.com/1005951/55876/i/450/depositphotos_558767506-stock-photo-very-large-roof-box-storage.jpg,Not Applicable,Driving Distraction,Vehicle_Load_1,0000020,data/processed_images/traffic/Vehicle_Load_1/0000020.jpg,0000020,
Traffic,https://st.depositphotos.com/1005951/55876/i/450/depositphotos_558767506-stock-photo-very-large-roof-box-storage.jpg,Not Applicable,Pedestrian Crossing,Vehicle_Load_1,0000020,data/processed_images/traffic/Vehicle_Load_1/0000020.jpg,0000020,
Traffic,https://st.depositphotos.com/1005951/55876/i/450/depositphotos_558767506-stock-photo-very-large-roof-box-storage.jpg,Not Applicable,Road Condition,Vehicle_Load_1,0000020,data/processed_images/traffic/Vehicle_Load_1/0000020.jpg,0000020,
Traffic,https://st.depositphotos.com/1005951/55876/i/450/depositphotos_558767506-stock-photo-very-large-roof-box-storage.jpg,Not Applicable,Traffic Rules,Vehicle_Load_1,0000020,data/processed_images/traffic/Vehicle_Load_1/0000020.jpg,0000020,
Traffic,https://st.depositphotos.com/1005951/55876/i/450/depositphotos_558767506-stock-photo-very-large-roof-box-storage.jpg,Violated,Vehicle Load,Vehicle_Load_1,0000020,data/processed_images/traffic/Vehicle_Load_1/0000020.jpg,0000020,
Traffic,https://st4.depositphotos.com/7149852/31014/i/450/depositphotos_310146914-stock-photo-modern-car-with-luggage-box.jpg,Not Applicable,Driving Distraction,Vehicle_Load_1,0000021,data/processed_images/traffic/Vehicle_Load_1/0000021.jpg,0000021,
Traffic,https://st4.depositphotos.com/7149852/31014/i/450/depositphotos_310146914-stock-photo-modern-car-with-luggage-box.jpg,Not Applicable,Pedestrian Crossing,Vehicle_Load_1,0000021,data/processed_images/traffic/Vehicle_Load_1/0000021.jpg,0000021,
Traffic,https://st4.depositphotos.com/7149852/31014/i/450/depositphotos_310146914-stock-photo-modern-car-with-luggage-box.jpg,Not Applicable,Road Condition,Vehicle_Load_1,0000021,data/processed_images/traffic/Vehicle_Load_1/0000021.jpg,0000021,
Traffic,https://st4.depositphotos.com/7149852/31014/i/450/depositphotos_310146914-stock-photo-modern-car-with-luggage-box.jpg,Not Applicable,Traffic Rules,Vehicle_Load_1,0000021,data/processed_images/traffic/Vehicle_Load_1/0000021.jpg,0000021,
Traffic,https://st4.depositphotos.com/7149852/31014/i/450/depositphotos_310146914-stock-photo-modern-car-with-luggage-box.jpg,Violated,Vehicle Load,Vehicle_Load_1,0000021,data/processed_images/traffic/Vehicle_Load_1/0000021.jpg,0000021,
Traffic,https://st4.depositphotos.com/7149852/30947/i/450/depositphotos_309477912-stock-photo-modern-car-with-luggage-box.jpg,Not Applicable,Driving Distraction,Vehicle_Load_1,0000022,data/processed_images/traffic/Vehicle_Load_1/0000022.jpg,0000022,
Traffic,https://st4.depositphotos.com/7149852/30947/i/450/depositphotos_309477912-stock-photo-modern-car-with-luggage-box.jpg,Not Applicable,Pedestrian Crossing,Vehicle_Load_1,0000022,data/processed_images/traffic/Vehicle_Load_1/0000022.jpg,0000022,
Traffic,https://st4.depositphotos.com/7149852/30947/i/450/depositphotos_309477912-stock-photo-modern-car-with-luggage-box.jpg,Not Applicable,Road Condition,Vehicle_Load_1,0000022,data/processed_images/traffic/Vehicle_Load_1/0000022.jpg,0000022,
Traffic,https://st4.depositphotos.com/7149852/30947/i/450/depositphotos_309477912-stock-photo-modern-car-with-luggage-box.jpg,Not Applicable,Traffic Rules,Vehicle_Load_1,0000022,data/processed_images/traffic/Vehicle_Load_1/0000022.jpg,0000022,
Traffic,https://st4.depositphotos.com/7149852/30947/i/450/depositphotos_309477912-stock-photo-modern-car-with-luggage-box.jpg,Violated,Vehicle Load,Vehicle_Load_1,0000022,data/processed_images/traffic/Vehicle_Load_1/0000022.jpg,0000022,
Traffic,https://st5.depositphotos.com/31126772/74815/i/450/depositphotos_748153816-stock-photo-thule-wingbar-evo-roof-bike.jpg,Not Applicable,Driving Distraction,Vehicle_Load_1,0000023,data/processed_images/traffic/Vehicle_Load_1/0000023.jpg,0000023,
Traffic,https://st5.depositphotos.com/31126772/74815/i/450/depositphotos_748153816-stock-photo-thule-wingbar-evo-roof-bike.jpg,Not Applicable,Pedestrian Crossing,Vehicle_Load_1,0000023,data/processed_images/traffic/Vehicle_Load_1/0000023.jpg,0000023,
Traffic,https://st5.depositphotos.com/31126772/74815/i/450/depositphotos_748153816-stock-photo-thule-wingbar-evo-roof-bike.jpg,Not Applicable,Road Condition,Vehicle_Load_1,0000023,data/processed_images/traffic/Vehicle_Load_1/0000023.jpg,0000023,
Traffic,https://st5.depositphotos.com/31126772/74815/i/450/depositphotos_748153816-stock-photo-thule-wingbar-evo-roof-bike.jpg,Not Applicable,Traffic Rules,Vehicle_Load_1,0000023,data/processed_images/traffic/Vehicle_Load_1/0000023.jpg,0000023,
Traffic,https://st5.depositphotos.com/31126772/74815/i/450/depositphotos_748153816-stock-photo-thule-wingbar-evo-roof-bike.jpg,Violated,Vehicle Load,Vehicle_Load_1,0000023,data/processed_images/traffic/Vehicle_Load_1/0000023.jpg,0000023,
Traffic,https://st5.depositphotos.com/1178490/67323/i/450/depositphotos_673238216-stock-photo-trunk-cargo-box-roof-car.jpg,Not Applicable,Driving Distraction,Vehicle_Load_1,0000024,data/processed_images/traffic/Vehicle_Load_1/0000024.jpg,0000024,
Traffic,https://st5.depositphotos.com/1178490/67323/i/450/depositphotos_673238216-stock-photo-trunk-cargo-box-roof-car.jpg,Not Applicable,Pedestrian Crossing,Vehicle_Load_1,0000024,data/processed_images/traffic/Vehicle_Load_1/0000024.jpg,0000024,
Traffic,https://st5.depositphotos.com/1178490/67323/i/450/depositphotos_673238216-stock-photo-trunk-cargo-box-roof-car.jpg,Not Applicable,Road Condition,Vehicle_Load_1,0000024,data/processed_images/traffic/Vehicle_Load_1/0000024.jpg,0000024,
Traffic,https://st5.depositphotos.com/1178490/67323/i/450/depositphotos_673238216-stock-photo-trunk-cargo-box-roof-car.jpg,Not Applicable,Traffic Rules,Vehicle_Load_1,0000024,data/processed_images/traffic/Vehicle_Load_1/0000024.jpg,0000024,
Traffic,https://st5.depositphotos.com/1178490/67323/i/450/depositphotos_673238216-stock-photo-trunk-cargo-box-roof-car.jpg,Violated,Vehicle Load,Vehicle_Load_1,0000024,data/processed_images/traffic/Vehicle_Load_1/0000024.jpg,0000024,
Traffic,https://st4.depositphotos.com/5764720/31101/i/450/depositphotos_311015906-stock-photo-funny-horse-transport-carriage-horses.jpg,Not Applicable,Driving Distraction,Vehicle_Load_1,0000025,data/processed_images/traffic/Vehicle_Load_1/0000025.jpg,0000025,
Traffic,https://st4.depositphotos.com/5764720/31101/i/450/depositphotos_311015906-stock-photo-funny-horse-transport-carriage-horses.jpg,Not Applicable,Pedestrian Crossing,Vehicle_Load_1,0000025,data/processed_images/traffic/Vehicle_Load_1/0000025.jpg,0000025,
Traffic,https://st4.depositphotos.com/5764720/31101/i/450/depositphotos_311015906-stock-photo-funny-horse-transport-carriage-horses.jpg,Complied,Road Condition,Vehicle_Load_1,0000025,data/processed_images/traffic/Vehicle_Load_1/0000025.jpg,0000025,
Traffic,https://st4.depositphotos.com/5764720/31101/i/450/depositphotos_311015906-stock-photo-funny-horse-transport-carriage-horses.jpg,Not Applicable,Traffic Rules,Vehicle_Load_1,0000025,data/processed_images/traffic/Vehicle_Load_1/0000025.jpg,0000025,
Traffic,https://st4.depositphotos.com/5764720/31101/i/450/depositphotos_311015906-stock-photo-funny-horse-transport-carriage-horses.jpg,Violated,Vehicle Load,Vehicle_Load_1,0000025,data/processed_images/traffic/Vehicle_Load_1/0000025.jpg,0000025,
Traffic,https://st3.depositphotos.com/1184024/17751/i/450/depositphotos_177512610-stock-photo-caravan-with-bicycles-and-cars.jpg,Not Applicable,Driving Distraction,Vehicle_Load_1,0000026,data/processed_images/traffic/Vehicle_Load_1/0000026.jpg,0000026,
Traffic,https://st3.depositphotos.com/1184024/17751/i/450/depositphotos_177512610-stock-photo-caravan-with-bicycles-and-cars.jpg,Not Applicable,Pedestrian Crossing,Vehicle_Load_1,0000026,data/processed_images/traffic/Vehicle_Load_1/0000026.jpg,0000026,
Traffic,https://st3.depositphotos.com/1184024/17751/i/450/depositphotos_177512610-stock-photo-caravan-with-bicycles-and-cars.jpg,Complied,Road Condition,Vehicle_Load_1,0000026,data/processed_images/traffic/Vehicle_Load_1/0000026.jpg,0000026,
Traffic,https://st3.depositphotos.com/1184024/17751/i/450/depositphotos_177512610-stock-photo-caravan-with-bicycles-and-cars.jpg,Not Applicable,Traffic Rules,Vehicle_Load_1,0000026,data/processed_images/traffic/Vehicle_Load_1/0000026.jpg,0000026,
Traffic,https://st3.depositphotos.com/1184024/17751/i/450/depositphotos_177512610-stock-photo-caravan-with-bicycles-and-cars.jpg,Violated,Vehicle Load,Vehicle_Load_1,0000026,data/processed_images/traffic/Vehicle_Load_1/0000026.jpg,0000026,
Traffic,https://st.depositphotos.com/8272416/59368/i/450/depositphotos_593680588-stock-photo-accra-ghana-april-2022-crowded.jpg,Not Applicable,Driving Distraction,Vehicle_Load_1,0000027,data/processed_images/traffic/Vehicle_Load_1/0000015.jpg,0000015,Duplication
Traffic,https://st.depositphotos.com/8272416/59368/i/450/depositphotos_593680588-stock-photo-accra-ghana-april-2022-crowded.jpg,Not Applicable,Pedestrian Crossing,Vehicle_Load_1,0000027,data/processed_images/traffic/Vehicle_Load_1/0000015.jpg,0000015,Duplication
Traffic,https://st.depositphotos.com/8272416/59368/i/450/depositphotos_593680588-stock-photo-accra-ghana-april-2022-crowded.jpg,Violated,Road Condition,Vehicle_Load_1,0000027,data/processed_images/traffic/Vehicle_Load_1/0000015.jpg,0000015,Duplication
Traffic,https://st.depositphotos.com/8272416/59368/i/450/depositphotos_593680588-stock-photo-accra-ghana-april-2022-crowded.jpg,Not Applicable,Traffic Rules,Vehicle_Load_1,0000027,data/processed_images/traffic/Vehicle_Load_1/0000015.jpg,0000015,Duplication
Traffic,https://st.depositphotos.com/8272416/59368/i/450/depositphotos_593680588-stock-photo-accra-ghana-april-2022-crowded.jpg,Violated,Vehicle Load,Vehicle_Load_1,0000027,data/processed_images/traffic/Vehicle_Load_1/0000015.jpg,0000015,Duplication
Traffic,https://st3.depositphotos.com/2047341/13195/i/450/depositphotos_131953698-stock-photo-trucks-in-sudan-at-the.jpg,Not Applicable,Driving Distraction,Vehicle_Load_1,0000028,data/processed_images/traffic/Vehicle_Load_1/0000028.jpg,0000028,
Traffic,https://st3.depositphotos.com/2047341/13195/i/450/depositphotos_131953698-stock-photo-trucks-in-sudan-at-the.jpg,Not Applicable,Pedestrian Crossing,Vehicle_Load_1,0000028,data/processed_images/traffic/Vehicle_Load_1/0000028.jpg,0000028,
Traffic,https://st3.depositphotos.com/2047341/13195/i/450/depositphotos_131953698-stock-photo-trucks-in-sudan-at-the.jpg,Not Applicable,Road Condition,Vehicle_Load_1,0000028,data/processed_images/traffic/Vehicle_Load_1/0000028.jpg,0000028,
Traffic,https://st3.depositphotos.com/2047341/13195/i/450/depositphotos_131953698-stock-photo-trucks-in-sudan-at-the.jpg,Complied,Traffic Rules,Vehicle_Load_1,0000028,data/processed_images/traffic/Vehicle_Load_1/0000028.jpg,0000028,
Traffic,https://st3.depositphotos.com/2047341/13195/i/450/depositphotos_131953698-stock-photo-trucks-in-sudan-at-the.jpg,Violated,Vehicle Load,Vehicle_Load_1,0000028,data/processed_images/traffic/Vehicle_Load_1/0000028.jpg,0000028,
Traffic,https://st3.depositphotos.com/29384342/33526/i/450/depositphotos_335266756-stock-photo-car-desert.jpg,Not Applicable,Driving Distraction,Vehicle_Load_1,0000029,data/processed_images/traffic/Vehicle_Load_1/0000029.jpg,0000029,
Traffic,https://st3.depositphotos.com/29384342/33526/i/450/depositphotos_335266756-stock-photo-car-desert.jpg,Not Applicable,Pedestrian Crossing,Vehicle_Load_1,0000029,data/processed_images/traffic/Vehicle_Load_1/0000029.jpg,0000029,
Traffic,https://st3.depositphotos.com/29384342/33526/i/450/depositphotos_335266756-stock-photo-car-desert.jpg,Not Applicable,Road Condition,Vehicle_Load_1,0000029,data/processed_images/traffic/Vehicle_Load_1/0000029.jpg,0000029,
Traffic,https://st3.depositphotos.com/29384342/33526/i/450/depositphotos_335266756-stock-photo-car-desert.jpg,Not Applicable,Traffic Rules,Vehicle_Load_1,0000029,data/processed_images/traffic/Vehicle_Load_1/0000029.jpg,0000029,
Traffic,https://st3.depositphotos.com/29384342/33526/i/450/depositphotos_335266756-stock-photo-car-desert.jpg,Violated,Vehicle Load,Vehicle_Load_1,0000029,data/processed_images/traffic/Vehicle_Load_1/0000029.jpg,0000029,
Traffic,https://st4.depositphotos.com/1001433/22244/i/450/depositphotos_222443128-stock-photo-india-pune-april-2018-indian.jpg,Not Applicable,Driving Distraction,Vehicle_Load_1,0000030,data/processed_images/traffic/Vehicle_Load_1/0000030.jpg,0000030,
Traffic,https://st4.depositphotos.com/1001433/22244/i/450/depositphotos_222443128-stock-photo-india-pune-april-2018-indian.jpg,Not Applicable,Pedestrian Crossing,Vehicle_Load_1,0000030,data/processed_images/traffic/Vehicle_Load_1/0000030.jpg,0000030,
Traffic,https://st4.depositphotos.com/1001433/22244/i/450/depositphotos_222443128-stock-photo-india-pune-april-2018-indian.jpg,Not Applicable,Road Condition,Vehicle_Load_1,0000030,data/processed_images/traffic/Vehicle_Load_1/0000030.jpg,0000030,
Traffic,https://st4.depositphotos.com/1001433/22244/i/450/depositphotos_222443128-stock-photo-india-pune-april-2018-indian.jpg,Violated,Traffic Rules,Vehicle_Load_1,0000030,data/processed_images/traffic/Vehicle_Load_1/0000030.jpg,0000030,
Traffic,https://st4.depositphotos.com/1001433/22244/i/450/depositphotos_222443128-stock-photo-india-pune-april-2018-indian.jpg,Violated,Vehicle Load,Vehicle_Load_1,0000030,data/processed_images/traffic/Vehicle_Load_1/0000030.jpg,0000030,
Traffic,https://st5.depositphotos.com/5388620/76518/i/450/depositphotos_765183352-stock-photo-overburdened-truck-travels-highway-illustrating.jpg,Not Applicable,Driving Distraction,Vehicle_Load_1,0000031,data/processed_images/traffic/Vehicle_Load_1/0000031.jpg,0000031,
Traffic,https://st5.depositphotos.com/5388620/76518/i/450/depositphotos_765183352-stock-photo-overburdened-truck-travels-highway-illustrating.jpg,Not Applicable,Pedestrian Crossing,Vehicle_Load_1,0000031,data/processed_images/traffic/Vehicle_Load_1/0000031.jpg,0000031,
Traffic,https://st5.depositphotos.com/5388620/76518/i/450/depositphotos_765183352-stock-photo-overburdened-truck-travels-highway-illustrating.jpg,Not Applicable,Road Condition,Vehicle_Load_1,0000031,data/processed_images/traffic/Vehicle_Load_1/0000031.jpg,0000031,
Traffic,https://st5.depositphotos.com/5388620/76518/i/450/depositphotos_765183352-stock-photo-overburdened-truck-travels-highway-illustrating.jpg,Violated,Traffic Rules,Vehicle_Load_1,0000031,data/processed_images/traffic/Vehicle_Load_1/0000031.jpg,0000031,
Traffic,https://st5.depositphotos.com/5388620/76518/i/450/depositphotos_765183352-stock-photo-overburdened-truck-travels-highway-illustrating.jpg,Violated,Vehicle Load,Vehicle_Load_1,0000031,data/processed_images/traffic/Vehicle_Load_1/0000031.jpg,0000031,
Traffic,https://st3.depositphotos.com/1550655/15907/i/450/depositphotos_159076868-stock-photo-over-load-on-toyota-commuter.jpg,Not Applicable,Driving Distraction,Vehicle_Load_1,0000032,data/processed_images/traffic/Vehicle_Load_1/0000032.jpg,0000032,
Traffic,https://st3.depositphotos.com/1550655/15907/i/450/depositphotos_159076868-stock-photo-over-load-on-toyota-commuter.jpg,Not Applicable,Pedestrian Crossing,Vehicle_Load_1,0000032,data/processed_images/traffic/Vehicle_Load_1/0000032.jpg,0000032,
Traffic,https://st3.depositphotos.com/1550655/15907/i/450/depositphotos_159076868-stock-photo-over-load-on-toyota-commuter.jpg,Complied,Road Condition,Vehicle_Load_1,0000032,data/processed_images/traffic/Vehicle_Load_1/0000032.jpg,0000032,
Traffic,https://st3.depositphotos.com/1550655/15907/i/450/depositphotos_159076868-stock-photo-over-load-on-toyota-commuter.jpg,Not Applicable,Traffic Rules,Vehicle_Load_1,0000032,data/processed_images/traffic/Vehicle_Load_1/0000032.jpg,0000032,
Traffic,https://st3.depositphotos.com/1550655/15907/i/450/depositphotos_159076868-stock-photo-over-load-on-toyota-commuter.jpg,Violated,Vehicle Load,Vehicle_Load_1,0000032,data/processed_images/traffic/Vehicle_Load_1/0000032.jpg,0000032,
Traffic,https://st3.depositphotos.com/2047341/14695/i/450/depositphotos_146959423-stock-photo-the-mercato-market-of-addis.jpg,Not Applicable,Driving Distraction,Vehicle_Load_1,0000033,data/processed_images/traffic/Vehicle_Load_1/0000033.jpg,0000033,
Traffic,https://st3.depositphotos.com/2047341/14695/i/450/depositphotos_146959423-stock-photo-the-mercato-market-of-addis.jpg,Violated,Pedestrian Crossing,Vehicle_Load_1,0000033,data/processed_images/traffic/Vehicle_Load_1/0000033.jpg,0000033,
Traffic,https://st3.depositphotos.com/2047341/14695/i/450/depositphotos_146959423-stock-photo-the-mercato-market-of-addis.jpg,Not Applicable,Road Condition,Vehicle_Load_1,0000033,data/processed_images/traffic/Vehicle_Load_1/0000033.jpg,0000033,
Traffic,https://st3.depositphotos.com/2047341/14695/i/450/depositphotos_146959423-stock-photo-the-mercato-market-of-addis.jpg,Not Applicable,Traffic Rules,Vehicle_Load_1,0000033,data/processed_images/traffic/Vehicle_Load_1/0000033.jpg,0000033,
Traffic,https://st3.depositphotos.com/2047341/14695/i/450/depositphotos_146959423-stock-photo-the-mercato-market-of-addis.jpg,Violated,Vehicle Load,Vehicle_Load_1,0000033,data/processed_images/traffic/Vehicle_Load_1/0000033.jpg,0000033,
Traffic,https://media.istockphoto.com/id/1131258299/photo/car-image.jpg?s=612x612&w=0&k=20&c=v49ErTNHKHQELS236B2Gw62-IYopts45atCjtp4Yo04=,Not Applicable,Driving Distraction,Vehicle_Load_1,0000034,data/processed_images/traffic/Vehicle_Load_1/0000034.jpg,0000034,
Traffic,https://media.istockphoto.com/id/1131258299/photo/car-image.jpg?s=612x612&w=0&k=20&c=v49ErTNHKHQELS236B2Gw62-IYopts45atCjtp4Yo04=,Not Applicable,Pedestrian Crossing,Vehicle_Load_1,0000034,data/processed_images/traffic/Vehicle_Load_1/0000034.jpg,0000034,
Traffic,https://media.istockphoto.com/id/1131258299/photo/car-image.jpg?s=612x612&w=0&k=20&c=v49ErTNHKHQELS236B2Gw62-IYopts45atCjtp4Yo04=,Complied,Road Condition,Vehicle_Load_1,0000034,data/processed_images/traffic/Vehicle_Load_1/0000034.jpg,0000034,
Traffic,https://media.istockphoto.com/id/1131258299/photo/car-image.jpg?s=612x612&w=0&k=20&c=v49ErTNHKHQELS236B2Gw62-IYopts45atCjtp4Yo04=,Complied,Traffic Rules,Vehicle_Load_1,0000034,data/processed_images/traffic/Vehicle_Load_1/0000034.jpg,0000034,
Traffic,https://media.istockphoto.com/id/1131258299/photo/car-image.jpg?s=612x612&w=0&k=20&c=v49ErTNHKHQELS236B2Gw62-IYopts45atCjtp4Yo04=,Violated,Vehicle Load,Vehicle_Load_1,0000034,data/processed_images/traffic/Vehicle_Load_1/0000034.jpg,0000034,
Traffic,https://images.unsplash.com/photo-1625565141751-8742de0ee1ff?w=400&auto=format&fit=crop&q=60&ixlib=rb-4.1.0&ixid=M3wxMjA3fDB8MHxwaG90by1yZWxhdGVkfDE0fHx8ZW58MHx8fHx8,Not Applicable,Driving Distraction,Vehicle_Load_1,0000035,data/processed_images/traffic/Vehicle_Load_1/0000035.jpg,0000035,
Traffic,https://images.unsplash.com/photo-1625565141751-8742de0ee1ff?w=400&auto=format&fit=crop&q=60&ixlib=rb-4.1.0&ixid=M3wxMjA3fDB8MHxwaG90by1yZWxhdGVkfDE0fHx8ZW58MHx8fHx8,Not Applicable,Pedestrian Crossing,Vehicle_Load_1,0000035,data/processed_images/traffic/Vehicle_Load_1/0000035.jpg,0000035,
Traffic,https://images.unsplash.com/photo-1625565141751-8742de0ee1ff?w=400&auto=format&fit=crop&q=60&ixlib=rb-4.1.0&ixid=M3wxMjA3fDB8MHxwaG90by1yZWxhdGVkfDE0fHx8ZW58MHx8fHx8,Complied,Road Condition,Vehicle_Load_1,0000035,data/processed_images/traffic/Vehicle_Load_1/0000035.jpg,0000035,
Traffic,https://images.unsplash.com/photo-1625565141751-8742de0ee1ff?w=400&auto=format&fit=crop&q=60&ixlib=rb-4.1.0&ixid=M3wxMjA3fDB8MHxwaG90by1yZWxhdGVkfDE0fHx8ZW58MHx8fHx8,Complied,Traffic Rules,Vehicle_Load_1,0000035,data/processed_images/traffic/Vehicle_Load_1/0000035.jpg,0000035,
Traffic,https://images.unsplash.com/photo-1625565141751-8742de0ee1ff?w=400&auto=format&fit=crop&q=60&ixlib=rb-4.1.0&ixid=M3wxMjA3fDB8MHxwaG90by1yZWxhdGVkfDE0fHx8ZW58MHx8fHx8,Violated,Vehicle Load,Vehicle_Load_1,0000035,data/processed_images/traffic/Vehicle_Load_1/0000035.jpg,0000035,
Traffic,https://images.unsplash.com/photo-1593453956714-f33d116c223c?w=400&auto=format&fit=crop&q=60&ixlib=rb-4.1.0&ixid=M3wxMjA3fDB8MHxzZWFyY2h8OHx8dHJ1Y2slMjBjYXJyeWluZ3xlbnwwfHwwfHx8MA%3D%3D,Not Applicable,Driving Distraction,Vehicle_Load_1,0000036,data/processed_images/traffic/Vehicle_Load_1/0000036.jpg,0000036,
Traffic,https://images.unsplash.com/photo-1593453956714-f33d116c223c?w=400&auto=format&fit=crop&q=60&ixlib=rb-4.1.0&ixid=M3wxMjA3fDB8MHxzZWFyY2h8OHx8dHJ1Y2slMjBjYXJyeWluZ3xlbnwwfHwwfHx8MA%3D%3D,Not Applicable,Pedestrian Crossing,Vehicle_Load_1,0000036,data/processed_images/traffic/Vehicle_Load_1/0000036.jpg,0000036,
Traffic,https://images.unsplash.com/photo-1593453956714-f33d116c223c?w=400&auto=format&fit=crop&q=60&ixlib=rb-4.1.0&ixid=M3wxMjA3fDB8MHxzZWFyY2h8OHx8dHJ1Y2slMjBjYXJyeWluZ3xlbnwwfHwwfHx8MA%3D%3D,Not Applicable,Road Condition,Vehicle_Load_1,0000036,data/processed_images/traffic/Vehicle_Load_1/0000036.jpg,0000036,
Traffic,https://images.unsplash.com/photo-1593453956714-f33d116c223c?w=400&auto=format&fit=crop&q=60&ixlib=rb-4.1.0&ixid=M3wxMjA3fDB8MHxzZWFyY2h8OHx8dHJ1Y2slMjBjYXJyeWluZ3xlbnwwfHwwfHx8MA%3D%3D,Not Applicable,Traffic Rules,Vehicle_Load_1,0000036,data/processed_images/traffic/Vehicle_Load_1/0000036.jpg,0000036,
Traffic,https://images.unsplash.com/photo-1593453956714-f33d116c223c?w=400&auto=format&fit=crop&q=60&ixlib=rb-4.1.0&ixid=M3wxMjA3fDB8MHxzZWFyY2h8OHx8dHJ1Y2slMjBjYXJyeWluZ3xlbnwwfHwwfHx8MA%3D%3D,Violated,Vehicle Load,Vehicle_Load_1,0000036,data/processed_images/traffic/Vehicle_Load_1/0000036.jpg,0000036,
Traffic,https://media.istockphoto.com/id/1141023496/photo/trailer-load-of-trash.jpg?s=612x612&w=0&k=20&c=8WtXL79RLz_3LU9h-ru337_rLfNO1nZjdccK4Yk_CaQ=,Not Applicable,Driving Distraction,Vehicle_Load_1,0000037,data/processed_images/traffic/Vehicle_Load_1/0000037.jpg,0000037,
Traffic,https://media.istockphoto.com/id/1141023496/photo/trailer-load-of-trash.jpg?s=612x612&w=0&k=20&c=8WtXL79RLz_3LU9h-ru337_rLfNO1nZjdccK4Yk_CaQ=,Not Applicable,Pedestrian Crossing,Vehicle_Load_1,0000037,data/processed_images/traffic/Vehicle_Load_1/0000037.jpg,0000037,
Traffic,https://media.istockphoto.com/id/1141023496/photo/trailer-load-of-trash.jpg?s=612x612&w=0&k=20&c=8WtXL79RLz_3LU9h-ru337_rLfNO1nZjdccK4Yk_CaQ=,Not Applicable,Road Condition,Vehicle_Load_1,0000037,data/processed_images/traffic/Vehicle_Load_1/0000037.jpg,0000037,
Traffic,https://media.istockphoto.com/id/1141023496/photo/trailer-load-of-trash.jpg?s=612x612&w=0&k=20&c=8WtXL79RLz_3LU9h-ru337_rLfNO1nZjdccK4Yk_CaQ=,Complied,Traffic Rules,Vehicle_Load_1,0000037,data/processed_images/traffic/Vehicle_Load_1/0000037.jpg,0000037,
Traffic,https://media.istockphoto.com/id/1141023496/photo/trailer-load-of-trash.jpg?s=612x612&w=0&k=20&c=8WtXL79RLz_3LU9h-ru337_rLfNO1nZjdccK4Yk_CaQ=,Violated,Vehicle Load,Vehicle_Load_1,0000037,data/processed_images/traffic/Vehicle_Load_1/0000037.jpg,0000037,
Traffic,https://media.istockphoto.com/id/182170895/photo/transport-of-scrap-metal-and-iron.jpg?s=612x612&w=0&k=20&c=2i2Lyvd04SQf9753IbuzD7XTgYVVVbbVx5bAJ_f7HPk=,Not Applicable,Driving Distraction,Vehicle_Load_1,0000038,data/processed_images/traffic/Vehicle_Load_1/0000038.jpg,0000038,
Traffic,https://media.istockphoto.com/id/182170895/photo/transport-of-scrap-metal-and-iron.jpg?s=612x612&w=0&k=20&c=2i2Lyvd04SQf9753IbuzD7XTgYVVVbbVx5bAJ_f7HPk=,Not Applicable,Pedestrian Crossing,Vehicle_Load_1,0000038,data/processed_images/traffic/Vehicle_Load_1/0000038.jpg,0000038,
Traffic,https://media.istockphoto.com/id/182170895/photo/transport-of-scrap-metal-and-iron.jpg?s=612x612&w=0&k=20&c=2i2Lyvd04SQf9753IbuzD7XTgYVVVbbVx5bAJ_f7HPk=,Not Applicable,Road Condition,Vehicle_Load_1,0000038,data/processed_images/traffic/Vehicle_Load_1/0000038.jpg,0000038,
Traffic,https://media.istockphoto.com/id/182170895/photo/transport-of-scrap-metal-and-iron.jpg?s=612x612&w=0&k=20&c=2i2Lyvd04SQf9753IbuzD7XTgYVVVbbVx5bAJ_f7HPk=,Not Applicable,Traffic Rules,Vehicle_Load_1,0000038,data/processed_images/traffic/Vehicle_Load_1/0000038.jpg,0000038,
Traffic,https://media.istockphoto.com/id/182170895/photo/transport-of-scrap-metal-and-iron.jpg?s=612x612&w=0&k=20&c=2i2Lyvd04SQf9753IbuzD7XTgYVVVbbVx5bAJ_f7HPk=,Violated,Vehicle Load,Vehicle_Load_1,0000038,data/processed_images/traffic/Vehicle_Load_1/0000038.jpg,0000038,
Traffic,https://images.unsplash.com/photo-1653508310311-127794be33b6?w=400&auto=format&fit=crop&q=60&ixlib=rb-4.1.0&ixid=M3wxMjA3fDB8MHxzZWFyY2h8MTJ8fHRyYWlsZXIlMjBsb2FkJTIwb2YlMjB0cmFzaHxlbnwwfHwwfHx8MA%3D%3D,Not Applicable,Driving Distraction,Vehicle_Load_1,0000039,data/processed_images/traffic/Vehicle_Load_1/0000039.jpg,0000039,
Traffic,https://images.unsplash.com/photo-1653508310311-127794be33b6?w=400&auto=format&fit=crop&q=60&ixlib=rb-4.1.0&ixid=M3wxMjA3fDB8MHxzZWFyY2h8MTJ8fHRyYWlsZXIlMjBsb2FkJTIwb2YlMjB0cmFzaHxlbnwwfHwwfHx8MA%3D%3D,Not Applicable,Pedestrian Crossing,Vehicle_Load_1,0000039,data/processed_images/traffic/Vehicle_Load_1/0000039.jpg,0000039,
Traffic,https://images.unsplash.com/photo-1653508310311-127794be33b6?w=400&auto=format&fit=crop&q=60&ixlib=rb-4.1.0&ixid=M3wxMjA3fDB8MHxzZWFyY2h8MTJ8fHRyYWlsZXIlMjBsb2FkJTIwb2YlMjB0cmFzaHxlbnwwfHwwfHx8MA%3D%3D,Not Applicable,Road Condition,Vehicle_Load_1,0000039,data/processed_images/traffic/Vehicle_Load_1/0000039.jpg,0000039,
Traffic,https://images.unsplash.com/photo-1653508310311-127794be33b6?w=400&auto=format&fit=crop&q=60&ixlib=rb-4.1.0&ixid=M3wxMjA3fDB8MHxzZWFyY2h8MTJ8fHRyYWlsZXIlMjBsb2FkJTIwb2YlMjB0cmFzaHxlbnwwfHwwfHx8MA%3D%3D,Not Applicable,Traffic Rules,Vehicle_Load_1,0000039,data/processed_images/traffic/Vehicle_Load_1/0000039.jpg,0000039,
Traffic,https://images.unsplash.com/photo-1653508310311-127794be33b6?w=400&auto=format&fit=crop&q=60&ixlib=rb-4.1.0&ixid=M3wxMjA3fDB8MHxzZWFyY2h8MTJ8fHRyYWlsZXIlMjBsb2FkJTIwb2YlMjB0cmFzaHxlbnwwfHwwfHx8MA%3D%3D,Violated,Vehicle Load,Vehicle_Load_1,0000039,data/processed_images/traffic/Vehicle_Load_1/0000039.jpg,0000039,
Traffic,https://images.unsplash.com/photo-1559724777-252ff7ea187f?w=400&auto=format&fit=crop&q=60&ixlib=rb-4.1.0&ixid=M3wxMjA3fDB8MHxwaG90by1yZWxhdGVkfDJ8fHxlbnwwfHx8fHw%3D,Not Applicable,Driving Distraction,Vehicle_Load_1,0000040,data/processed_images/traffic/Vehicle_Load_1/0000040.jpg,0000040,
Traffic,https://images.unsplash.com/photo-1559724777-252ff7ea187f?w=400&auto=format&fit=crop&q=60&ixlib=rb-4.1.0&ixid=M3wxMjA3fDB8MHxwaG90by1yZWxhdGVkfDJ8fHxlbnwwfHx8fHw%3D,Not Applicable,Pedestrian Crossing,Vehicle_Load_1,0000040,data/processed_images/traffic/Vehicle_Load_1/0000040.jpg,0000040,
Traffic,https://images.unsplash.com/photo-1559724777-252ff7ea187f?w=400&auto=format&fit=crop&q=60&ixlib=rb-4.1.0&ixid=M3wxMjA3fDB8MHxwaG90by1yZWxhdGVkfDJ8fHxlbnwwfHx8fHw%3D,Not Applicable,Road Condition,Vehicle_Load_1,0000040,data/processed_images/traffic/Vehicle_Load_1/0000040.jpg,0000040,
Traffic,https://images.unsplash.com/photo-1559724777-252ff7ea187f?w=400&auto=format&fit=crop&q=60&ixlib=rb-4.1.0&ixid=M3wxMjA3fDB8MHxwaG90by1yZWxhdGVkfDJ8fHxlbnwwfHx8fHw%3D,Violated,Traffic Rules,Vehicle_Load_1,0000040,data/processed_images/traffic/Vehicle_Load_1/0000040.jpg,0000040,
Traffic,https://images.unsplash.com/photo-1559724777-252ff7ea187f?w=400&auto=format&fit=crop&q=60&ixlib=rb-4.1.0&ixid=M3wxMjA3fDB8MHxwaG90by1yZWxhdGVkfDJ8fHxlbnwwfHx8fHw%3D,Violated,Vehicle Load,Vehicle_Load_1,0000040,data/processed_images/traffic/Vehicle_Load_1/0000040.jpg,0000040,
Traffic,https://media.istockphoto.com/id/545245882/photo/truck-with-hay-on-a-road.jpg?s=612x612&w=0&k=20&c=cngGF2v1nloJsXKgO3QhDglEjd3TajzmBhyLQLuog-A=,Not Applicable,Driving Distraction,Vehicle_Load_1,0000041,data/processed_images/traffic/Vehicle_Load_1/0000041.jpg,0000041,
Traffic,https://media.istockphoto.com/id/545245882/photo/truck-with-hay-on-a-road.jpg?s=612x612&w=0&k=20&c=cngGF2v1nloJsXKgO3QhDglEjd3TajzmBhyLQLuog-A=,Not Applicable,Pedestrian Crossing,Vehicle_Load_1,0000041,data/processed_images/traffic/Vehicle_Load_1/0000041.jpg,0000041,
Traffic,https://media.istockphoto.com/id/545245882/photo/truck-with-hay-on-a-road.jpg?s=612x612&w=0&k=20&c=cngGF2v1nloJsXKgO3QhDglEjd3TajzmBhyLQLuog-A=,Not Applicable,Road Condition,Vehicle_Load_1,0000041,data/processed_images/traffic/Vehicle_Load_1/0000041.jpg,0000041,
Traffic,https://media.istockphoto.com/id/545245882/photo/truck-with-hay-on-a-road.jpg?s=612x612&w=0&k=20&c=cngGF2v1nloJsXKgO3QhDglEjd3TajzmBhyLQLuog-A=,Not Applicable,Traffic Rules,Vehicle_Load_1,0000041,data/processed_images/traffic/Vehicle_Load_1/0000041.jpg,0000041,
Traffic,https://media.istockphoto.com/id/545245882/photo/truck-with-hay-on-a-road.jpg?s=612x612&w=0&k=20&c=cngGF2v1nloJsXKgO3QhDglEjd3TajzmBhyLQLuog-A=,Violated,Vehicle Load,Vehicle_Load_1,0000041,data/processed_images/traffic/Vehicle_Load_1/0000041.jpg,0000041,
Traffic,https://media.istockphoto.com/id/2156661569/photo/straw-transport-somewhere-in-the-central-part-of-morocco.jpg?s=612x612&w=0&k=20&c=01yJ-5ZapNo3FquzD18eEh0H738o5Zv2nv51dYEMXGM=,Not Applicable,Driving Distraction,Vehicle_Load_1,0000042,data/processed_images/traffic/Vehicle_Load_1/0000042.jpg,0000042,
Traffic,https://media.istockphoto.com/id/2156661569/photo/straw-transport-somewhere-in-the-central-part-of-morocco.jpg?s=612x612&w=0&k=20&c=01yJ-5ZapNo3FquzD18eEh0H738o5Zv2nv51dYEMXGM=,Not Applicable,Pedestrian Crossing,Vehicle_Load_1,0000042,data/processed_images/traffic/Vehicle_Load_1/0000042.jpg,0000042,
Traffic,https://media.istockphoto.com/id/2156661569/photo/straw-transport-somewhere-in-the-central-part-of-morocco.jpg?s=612x612&w=0&k=20&c=01yJ-5ZapNo3FquzD18eEh0H738o5Zv2nv51dYEMXGM=,Not Applicable,Road Condition,Vehicle_Load_1,0000042,data/processed_images/traffic/Vehicle_Load_1/0000042.jpg,0000042,
Traffic,https://media.istockphoto.com/id/2156661569/photo/straw-transport-somewhere-in-the-central-part-of-morocco.jpg?s=612x612&w=0&k=20&c=01yJ-5ZapNo3FquzD18eEh0H738o5Zv2nv51dYEMXGM=,Not Applicable,Traffic Rules,Vehicle_Load_1,0000042,data/processed_images/traffic/Vehicle_Load_1/0000042.jpg,0000042,
Traffic,https://media.istockphoto.com/id/2156661569/photo/straw-transport-somewhere-in-the-central-part-of-morocco.jpg?s=612x612&w=0&k=20&c=01yJ-5ZapNo3FquzD18eEh0H738o5Zv2nv51dYEMXGM=,Violated,Vehicle Load,Vehicle_Load_1,0000042,data/processed_images/traffic/Vehicle_Load_1/0000042.jpg,0000042,
Traffic,https://media.istockphoto.com/id/461952017/photo/hay-truck.jpg?s=612x612&w=0&k=20&c=kF39O5A7Ds7Tnz2eBzTim4DLHgC5E1Qb9OCOvKPu3RA=,Not Applicable,Driving Distraction,Vehicle_Load_1,0000043,data/processed_images/traffic/Vehicle_Load_1/0000043.jpg,0000043,
Traffic,https://media.istockphoto.com/id/461952017/photo/hay-truck.jpg?s=612x612&w=0&k=20&c=kF39O5A7Ds7Tnz2eBzTim4DLHgC5E1Qb9OCOvKPu3RA=,Not Applicable,Pedestrian Crossing,Vehicle_Load_1,0000043,data/processed_images/traffic/Vehicle_Load_1/0000043.jpg,0000043,
Traffic,https://media.istockphoto.com/id/461952017/photo/hay-truck.jpg?s=612x612&w=0&k=20&c=kF39O5A7Ds7Tnz2eBzTim4DLHgC5E1Qb9OCOvKPu3RA=,Complied,Road Condition,Vehicle_Load_1,0000043,data/processed_images/traffic/Vehicle_Load_1/0000043.jpg,0000043,
Traffic,https://media.istockphoto.com/id/461952017/photo/hay-truck.jpg?s=612x612&w=0&k=20&c=kF39O5A7Ds7Tnz2eBzTim4DLHgC5E1Qb9OCOvKPu3RA=,Violated,Traffic Rules,Vehicle_Load_1,0000043,data/processed_images/traffic/Vehicle_Load_1/0000043.jpg,0000043,
Traffic,https://media.istockphoto.com/id/461952017/photo/hay-truck.jpg?s=612x612&w=0&k=20&c=kF39O5A7Ds7Tnz2eBzTim4DLHgC5E1Qb9OCOvKPu3RA=,Violated,Vehicle Load,Vehicle_Load_1,0000043,data/processed_images/traffic/Vehicle_Load_1/0000043.jpg,0000043,
Traffic,https://media.istockphoto.com/id/1347294000/photo/a-truck-filled-to-the-brim-transports-round-bales-of-hay.jpg?s=612x612&w=0&k=20&c=PWrQJRRDk1pZ4KWHPFYQt_XNBTJ13FYAy4RhWCZ7rxU=,Not Applicable,Driving Distraction,Vehicle_Load_1,0000044,data/processed_images/traffic/Vehicle_Load_1/0000044.jpg,0000044,
Traffic,https://media.istockphoto.com/id/1347294000/photo/a-truck-filled-to-the-brim-transports-round-bales-of-hay.jpg?s=612x612&w=0&k=20&c=PWrQJRRDk1pZ4KWHPFYQt_XNBTJ13FYAy4RhWCZ7rxU=,Not Applicable,Pedestrian Crossing,Vehicle_Load_1,0000044,data/processed_images/traffic/Vehicle_Load_1/0000044.jpg,0000044,
Traffic,https://media.istockphoto.com/id/1347294000/photo/a-truck-filled-to-the-brim-transports-round-bales-of-hay.jpg?s=612x612&w=0&k=20&c=PWrQJRRDk1pZ4KWHPFYQt_XNBTJ13FYAy4RhWCZ7rxU=,Complied,Road Condition,Vehicle_Load_1,0000044,data/processed_images/traffic/Vehicle_Load_1/0000044.jpg,0000044,
Traffic,https://media.istockphoto.com/id/1347294000/photo/a-truck-filled-to-the-brim-transports-round-bales-of-hay.jpg?s=612x612&w=0&k=20&c=PWrQJRRDk1pZ4KWHPFYQt_XNBTJ13FYAy4RhWCZ7rxU=,Not Applicable,Traffic Rules,Vehicle_Load_1,0000044,data/processed_images/traffic/Vehicle_Load_1/0000044.jpg,0000044,
Traffic,https://media.istockphoto.com/id/1347294000/photo/a-truck-filled-to-the-brim-transports-round-bales-of-hay.jpg?s=612x612&w=0&k=20&c=PWrQJRRDk1pZ4KWHPFYQt_XNBTJ13FYAy4RhWCZ7rxU=,Violated,Vehicle Load,Vehicle_Load_1,0000044,data/processed_images/traffic/Vehicle_Load_1/0000044.jpg,0000044,
Traffic,https://media.istockphoto.com/id/817784056/photo/tractor-full-with-hay-on-the-road.jpg?s=612x612&w=0&k=20&c=zffcNmDCbx1tah_M6_DLjHkpbayGe5FEuOdfRa_7Y5w=,Not Applicable,Driving Distraction,Vehicle_Load_1,0000045,data/processed_images/traffic/Vehicle_Load_1/0000045.jpg,0000045,
Traffic,https://media.istockphoto.com/id/817784056/photo/tractor-full-with-hay-on-the-road.jpg?s=612x612&w=0&k=20&c=zffcNmDCbx1tah_M6_DLjHkpbayGe5FEuOdfRa_7Y5w=,Not Applicable,Pedestrian Crossing,Vehicle_Load_1,0000045,data/processed_images/traffic/Vehicle_Load_1/0000045.jpg,0000045,
Traffic,https://media.istockphoto.com/id/817784056/photo/tractor-full-with-hay-on-the-road.jpg?s=612x612&w=0&k=20&c=zffcNmDCbx1tah_M6_DLjHkpbayGe5FEuOdfRa_7Y5w=,Violated,Road Condition,Vehicle_Load_1,0000045,data/processed_images/traffic/Vehicle_Load_1/0000045.jpg,0000045,
Traffic,https://media.istockphoto.com/id/817784056/photo/tractor-full-with-hay-on-the-road.jpg?s=612x612&w=0&k=20&c=zffcNmDCbx1tah_M6_DLjHkpbayGe5FEuOdfRa_7Y5w=,Not Applicable,Traffic Rules,Vehicle_Load_1,0000045,data/processed_images/traffic/Vehicle_Load_1/0000045.jpg,0000045,
Traffic,https://media.istockphoto.com/id/817784056/photo/tractor-full-with-hay-on-the-road.jpg?s=612x612&w=0&k=20&c=zffcNmDCbx1tah_M6_DLjHkpbayGe5FEuOdfRa_7Y5w=,Violated,Vehicle Load,Vehicle_Load_1,0000045,data/processed_images/traffic/Vehicle_Load_1/0000045.jpg,0000045,
Traffic,https://images.freeimages.com/images/large-previews/ccd/overload-1253409.jpg?fmt=webp&w=500,Not Applicable,Driving Distraction,Vehicle_Load_1,0000046,data/processed_images/traffic/Vehicle_Load_1/0000046.jpg,0000046,
Traffic,https://images.freeimages.com/images/large-previews/ccd/overload-1253409.jpg?fmt=webp&w=500,Not Applicable,Pedestrian Crossing,Vehicle_Load_1,0000046,data/processed_images/traffic/Vehicle_Load_1/0000046.jpg,0000046,
Traffic,https://images.freeimages.com/images/large-previews/ccd/overload-1253409.jpg?fmt=webp&w=500,Not Applicable,Road Condition,Vehicle_Load_1,0000046,data/processed_images/traffic/Vehicle_Load_1/0000046.jpg,0000046,
Traffic,https://images.freeimages.com/images/large-previews/ccd/overload-1253409.jpg?fmt=webp&w=500,Not Applicable,Traffic Rules,Vehicle_Load_1,0000046,data/processed_images/traffic/Vehicle_Load_1/0000046.jpg,0000046,
Traffic,https://images.freeimages.com/images/large-previews/ccd/overload-1253409.jpg?fmt=webp&w=500,Violated,Vehicle Load,Vehicle_Load_1,0000046,data/processed_images/traffic/Vehicle_Load_1/0000046.jpg,0000046,
Traffic,https://encrypted-tbn0.gstatic.com/images?q=tbn:ANd9GcRt8AZ6bg6Uws0AjZQdGVrJFoPHUW2c2mGsJw&s,Not Applicable,Driving Distraction,Vehicle_Load_1,0000047,data/processed_images/traffic/Vehicle_Load_1/0000047.jpg,0000047,
Traffic,https://encrypted-tbn0.gstatic.com/images?q=tbn:ANd9GcRt8AZ6bg6Uws0AjZQdGVrJFoPHUW2c2mGsJw&s,Not Applicable,Pedestrian Crossing,Vehicle_Load_1,0000047,data/processed_images/traffic/Vehicle_Load_1/0000047.jpg,0000047,
Traffic,https://encrypted-tbn0.gstatic.com/images?q=tbn:ANd9GcRt8AZ6bg6Uws0AjZQdGVrJFoPHUW2c2mGsJw&s,Not Applicable,Road Condition,Vehicle_Load_1,0000047,data/processed_images/traffic/Vehicle_Load_1/0000047.jpg,0000047,
Traffic,https://encrypted-tbn0.gstatic.com/images?q=tbn:ANd9GcRt8AZ6bg6Uws0AjZQdGVrJFoPHUW2c2mGsJw&s,Not Applicable,Traffic Rules,Vehicle_Load_1,0000047,data/processed_images/traffic/Vehicle_Load_1/0000047.jpg,0000047,
Traffic,https://encrypted-tbn0.gstatic.com/images?q=tbn:ANd9GcRt8AZ6bg6Uws0AjZQdGVrJFoPHUW2c2mGsJw&s,Violated,Vehicle Load,Vehicle_Load_1,0000047,data/processed_images/traffic/Vehicle_Load_1/0000047.jpg,0000047,
Traffic,https://encrypted-tbn0.gstatic.com/images?q=tbn:ANd9GcTmzpW5ILbyjOtf2kmp0w0nAQyr1PO9IRJNSyfD1_FrJ4n_21Igw8gET2j3-bvIsGZr1Vg&usqp=CAU,Not Applicable,Driving Distraction,Vehicle_Load_1,0000048,data/processed_images/traffic/Vehicle_Load_1/0000048.jpg,0000048,
Traffic,https://encrypted-tbn0.gstatic.com/images?q=tbn:ANd9GcTmzpW5ILbyjOtf2kmp0w0nAQyr1PO9IRJNSyfD1_FrJ4n_21Igw8gET2j3-bvIsGZr1Vg&usqp=CAU,Not Applicable,Pedestrian Crossing,Vehicle_Load_1,0000048,data/processed_images/traffic/Vehicle_Load_1/0000048.jpg,0000048,
Traffic,https://encrypted-tbn0.gstatic.com/images?q=tbn:ANd9GcTmzpW5ILbyjOtf2kmp0w0nAQyr1PO9IRJNSyfD1_FrJ4n_21Igw8gET2j3-bvIsGZr1Vg&usqp=CAU,Not Applicable,Road Condition,Vehicle_Load_1,0000048,data/processed_images/traffic/Vehicle_Load_1/0000048.jpg,0000048,
Traffic,https://encrypted-tbn0.gstatic.com/images?q=tbn:ANd9GcTmzpW5ILbyjOtf2kmp0w0nAQyr1PO9IRJNSyfD1_FrJ4n_21Igw8gET2j3-bvIsGZr1Vg&usqp=CAU,Not Applicable,Traffic Rules,Vehicle_Load_1,0000048,data/processed_images/traffic/Vehicle_Load_1/0000048.jpg,0000048,
Traffic,https://encrypted-tbn0.gstatic.com/images?q=tbn:ANd9GcTmzpW5ILbyjOtf2kmp0w0nAQyr1PO9IRJNSyfD1_FrJ4n_21Igw8gET2j3-bvIsGZr1Vg&usqp=CAU,Violated,Vehicle Load,Vehicle_Load_1,0000048,data/processed_images/traffic/Vehicle_Load_1/0000048.jpg,0000048,
Traffic,https://www.shutterstock.com/image-photo/serakhs-turkmenistan-may-18-2007-260nw-1807857361.jpg,Not Applicable,Driving Distraction,Vehicle_Load_1,0000049,data/processed_images/traffic/Vehicle_Load_1/0000049.jpg,0000049,
Traffic,https://www.shutterstock.com/image-photo/serakhs-turkmenistan-may-18-2007-260nw-1807857361.jpg,Not Applicable,Pedestrian Crossing,Vehicle_Load_1,0000049,data/processed_images/traffic/Vehicle_Load_1/0000049.jpg,0000049,
Traffic,https://www.shutterstock.com/image-photo/serakhs-turkmenistan-may-18-2007-260nw-1807857361.jpg,Not Applicable,Road Condition,Vehicle_Load_1,0000049,data/processed_images/traffic/Vehicle_Load_1/0000049.jpg,0000049,
Traffic,https://www.shutterstock.com/image-photo/serakhs-turkmenistan-may-18-2007-260nw-1807857361.jpg,Not Applicable,Traffic Rules,Vehicle_Load_1,0000049,data/processed_images/traffic/Vehicle_Load_1/0000049.jpg,0000049,
Traffic,https://www.shutterstock.com/image-photo/serakhs-turkmenistan-may-18-2007-260nw-1807857361.jpg,Violated,Vehicle Load,Vehicle_Load_1,0000049,data/processed_images/traffic/Vehicle_Load_1/0000049.jpg,0000049,
Traffic,https://encrypted-tbn0.gstatic.com/images?q=tbn:ANd9GcQqTx9COrIqbcEFQ9j6fnzqbv-uxiiqULGEzx2Lp5tBTLAfF0O6D5gEAdxl2ebobFCo3kU&usqp=CAU,Not Applicable,Driving Distraction,Vehicle_Load_1,0000050,data/processed_images/traffic/Vehicle_Load_1/0000050.jpg,0000050,
Traffic,https://encrypted-tbn0.gstatic.com/images?q=tbn:ANd9GcQqTx9COrIqbcEFQ9j6fnzqbv-uxiiqULGEzx2Lp5tBTLAfF0O6D5gEAdxl2ebobFCo3kU&usqp=CAU,Not Applicable,Pedestrian Crossing,Vehicle_Load_1,0000050,data/processed_images/traffic/Vehicle_Load_1/0000050.jpg,0000050,
Traffic,https://encrypted-tbn0.gstatic.com/images?q=tbn:ANd9GcQqTx9COrIqbcEFQ9j6fnzqbv-uxiiqULGEzx2Lp5tBTLAfF0O6D5gEAdxl2ebobFCo3kU&usqp=CAU,Not Applicable,Road Condition,Vehicle_Load_1,0000050,data/processed_images/traffic/Vehicle_Load_1/0000050.jpg,0000050,
Traffic,https://encrypted-tbn0.gstatic.com/images?q=tbn:ANd9GcQqTx9COrIqbcEFQ9j6fnzqbv-uxiiqULGEzx2Lp5tBTLAfF0O6D5gEAdxl2ebobFCo3kU&usqp=CAU,Not Applicable,Traffic Rules,Vehicle_Load_1,0000050,data/processed_images/traffic/Vehicle_Load_1/0000050.jpg,0000050,
Traffic,https://encrypted-tbn0.gstatic.com/images?q=tbn:ANd9GcQqTx9COrIqbcEFQ9j6fnzqbv-uxiiqULGEzx2Lp5tBTLAfF0O6D5gEAdxl2ebobFCo3kU&usqp=CAU,Violated,Vehicle Load,Vehicle_Load_1,0000050,data/processed_images/traffic/Vehicle_Load_1/0000050.jpg,0000050,
