,Domain,Image Link,Label,Rule,File,Image ID,Image Path,Full Response
0,Traffic,https://media.istockphoto.com/id/1462530927/photo/contented-driver.jpg?s=612x612&w=0&k=20&c=s73PZa7y_biM6tHPvDT8CnC2SpzRkdi9WJKGkU0W5HY=,Complied,Driving Distraction,Driving_Distraction_0,19,data/processed_images/traffic/Driving_Distraction_0/0000019.jpg,"<RULE>
1. Drivers must avoid distractions such as animals on laps, portable devices, fatigue, or anything that impairs safe driving.  
2. Drivers must obey traffic rules including giving way at pedestrian crossings, stopping for red lights, and driving correctly on service roads.  
3. Pedestrians must only crossroads when safe and must not cause hazards by entering drivers' paths unexpectedly.  
4. Drivers must operate vehicles safely considering road conditions, weather, visibility, vehicle status, traffic, laws, and personal condition.  
5. Vehicle loads must be properly secured to prevent falling, projecting dangerously, or causing instability.  
</RULE>

<INTERPRET>
1. Check if the driver is distracted by animals, devices, fatigue, or other distractions.  
2. Assess if the driver is in compliance with traffic signs, pedestrian right-of-way, and lane rules.  
3. Determine if pedestrians are crossing safely without creating hazards.  
4. Evaluate if driving conditions and environment require caution and if they are met.  
5. Verify if the vehicle loads are not properly secured and compromising safety.  
</INTERPRET>

<PERCEPTION>
Observables: Driver holding steering wheel
Non-Observables: Vehicles, traffic signs, or pedestrian crossings; Pedestrians; Road condition and weather; Loads on vehicle's rear or roof
</PERCEPTION>

<EVIDENCE>
1. The image shows a driver is holding steering wheel and focused on driving.  
2. Vehicles, traffic signs, or pedestrian crossings are not shown in the image.
3. Pedestrians are not shown in the image.
4. Road condition or weather are not shown in the image.  
5. Vehicle's loads are not shown in the image.
</EVIDENCE>

<REASONING>
1. The driver appears alert and visually engaged, with no distractions like animals, mobile device usage, fatigue, or other distractions, indicating compliance with distraction rules. 
2. Without traffic elements visible, traffic rule compliance cannot be assessed.  
3. Without pedestrian elements visible, pedestrian crossing rule compliance cannot be assessed.  
4. Without environmental elements visible, road condition rule compliance cannot be assessed. 
5. Without cargo elements visible, vehicle load rule compliance cannot be assessed. 
</REASONING>

<DECISION>
{
  ""Driving Distraction"": ""Complied"",
  ""Traffic Rules"": ""Not Applicable"",
  ""Pedestrian Crossing"": ""Not Applicable"",
  ""Road Condition"": ""Not Applicable"",
  ""Vehicle Load"": ""Not Applicable""
}
</DECISION>"
1,Traffic,https://media.istockphoto.com/id/1582802918/photo/young-woman-taking-her-driving-test.jpg?s=612x612&w=0&k=20&c=LlQXk5yQ80x0BmY228QfTAOcPzJf_yO_stlKcQvSo6s=,Complied,Driving Distraction,Driving_Distraction_0,39,data/processed_images/traffic/Driving_Distraction_0/0000039.jpg,"<RULE>
1. Drivers must avoid distractions such as animals on laps, portable devices, fatigue, or anything that impairs safe driving.  
2. Drivers must obey traffic rules including giving way at pedestrian crossings, stopping for red lights, and driving correctly on service roads.  
3. Pedestrians must only crossroads when safe and must not cause hazards by entering drivers' paths unexpectedly.  
4. Drivers must operate vehicles safely considering road conditions, weather, visibility, vehicle status, traffic, laws, and personal condition.  
5. Vehicle loads must be properly secured to prevent falling, projecting dangerously, or causing instability.  
</RULE>

<INTERPRET>
1. Check if the driver is distracted by animals, devices, fatigue, or other distractions.  
2. Assess if the driver is in compliance with traffic signs, pedestrian right-of-way, and lane rules.  
3. Determine if pedestrians are crossing safely without creating hazards.  
4. Evaluate if driving conditions and environment require caution and if they are met.  
5. Verify if the vehicle loads are not properly secured and compromising safety.  
</INTERPRET>

<PERCEPTION>
Observables: Driver holding steering wheel; Passenger sitting next to the driver
Non-Observables: Vehicles, traffic signs, or pedestrian crossings; Pedestrians; Road condition and weather; Loads on vehicle's rear or roof
</PERCEPTION>

<EVIDENCE>
1. The image shows a driver is holding steering wheel and focused on driving.  
2. Vehicles, traffic signs, or pedestrian crossings are not shown in the image.
3. Pedestrians are not shown in the image.
4. Road condition or weather are not shown in the image.  
5. Loads on vehicle's rear or roof are not shown in the image.
</EVIDENCE>

<REASONING>
1. The driver appears alert and visually engaged, with no distractions like animals, mobile device usage, fatigue, or other distractions, indicating compliance with distraction rules. 
2. Without traffic elements visible, traffic rule compliance cannot be assessed.  
3. Without pedestrian elements visible, pedestrian crossing rule compliance cannot be assessed.  
4. Without environmental elements visible, road condition rule compliance cannot be assessed. 
5. Without cargo elements visible, vehicle load rule compliance cannot be assessed. 
</REASONING>

<DECISION>
{
  ""Driving Distraction"": ""Complied"",
  ""Traffic Rules"": ""Not Applicable"",
  ""Pedestrian Crossing"": ""Not Applicable"",
  ""Road Condition"": ""Not Applicable"",
  ""Vehicle Load"": ""Not Applicable""
}
</DECISION>"
2,Traffic,https://plus.unsplash.com/premium_photo-1661308330687-f50174a3ca60?fm=jpg&q=60&w=3000&ixlib=rb-4.1.0&ixid=M3wxMjA3fDB8MHxzZWFyY2h8MXx8c2FmZSUyMGRyaXZpbmd8ZW58MHx8MHx8fDA%3D,Complied,Driving Distraction,Driving_Distraction_0,3,data/processed_images/traffic/Driving_Distraction_0/0000003.jpg,"<RULE>
1. Drivers must avoid distractions such as animals on laps, portable devices, fatigue, or anything that impairs safe driving.  
2. Drivers must obey traffic rules including giving way at pedestrian crossings, stopping for red lights, and driving correctly on service roads.  
3. Pedestrians must only crossroads when safe and must not cause hazards by entering drivers' paths unexpectedly.  
4. Drivers must operate vehicles safely considering road conditions, weather, visibility, vehicle status, traffic, laws, and personal condition.  
5. Vehicle loads must be properly secured to prevent falling, projecting dangerously, or causing instability.  
</RULE>

<INTERPRET>
1. Check if the driver is distracted by animals, devices, fatigue, or other distractions.  
2. Assess if the driver is in compliance with traffic signs, pedestrian right-of-way, and lane rules.  
3. Determine if pedestrians are crossing safely without creating hazards.  
4. Evaluate if driving conditions and environment require caution and if they are met.  
5. Verify if the vehicle loads are not properly secured and compromising safety.  
</INTERPRET>

<PERCEPTION>
Observables: Driver holding steering wheel
Non-Observables: Vehicles, traffic signs, or pedestrian crossings; Pedestrians; Road condition and weather; Loads on vehicle's rear or roof
</PERCEPTION>

<EVIDENCE>
1. The image shows a driver is holding steering wheel and focused on driving.  
2. Vehicles, traffic signs, or pedestrian crossings are not shown in the image.
3. Pedestrians are not shown in the image.
4. Road condition or weather are not shown in the image.  
5. Loads on vehicle's rear or roof are not shown in the image.
</EVIDENCE>

<REASONING>
1. The driver appears alert and visually engaged, with no distractions like animals, mobile device usage, fatigue, or other distractions, indicating compliance with distraction rules. 
2. Without traffic elements visible, traffic rule compliance cannot be assessed.  
3. Without pedestrian elements visible, pedestrian crossing rule compliance cannot be assessed.  
4. Without environmental elements visible, road condition rule compliance cannot be assessed. 
5. Without cargo elements visible, vehicle load rule compliance cannot be assessed. 
</REASONING>

<DECISION>
{
  ""Driving Distraction"": ""Complied"",
  ""Traffic Rules"": ""Not Applicable"",
  ""Pedestrian Crossing"": ""Not Applicable"",
  ""Road Condition"": ""Not Applicable"",
  ""Vehicle Load"": ""Not Applicable""
}
</DECISION>"
3,Traffic,https://media.istockphoto.com/id/1168978310/photo/businessman-driving-a-car.jpg?s=612x612&w=0&k=20&c=r-45v2pjqkHzKQvWGONWmuDs2X65l7pQ0X_Jc3NwKxc=,Complied,Driving Distraction,Driving_Distraction_0,47,data/processed_images/traffic/Driving_Distraction_0/0000047.jpg,"<RULE>
1. Drivers must avoid distractions such as animals on laps, portable devices, fatigue, or anything that impairs safe driving.  
2. Drivers must obey traffic rules including giving way at pedestrian crossings, stopping for red lights, and driving correctly on service roads.  
3. Pedestrians must only crossroads when safe and must not cause hazards by entering drivers' paths unexpectedly.  
4. Drivers must operate vehicles safely considering road conditions, weather, visibility, vehicle status, traffic, laws, and personal condition.  
5. Vehicle loads must be properly secured to prevent falling, projecting dangerously, or causing instability.  
</RULE>

<INTERPRET>
1. Check if the driver is distracted by animals, devices, fatigue, or other distractions.  
2. Assess if the driver is in compliance with traffic signs, pedestrian right-of-way, and lane rules.  
3. Determine if pedestrians are crossing safely without creating hazards.  
4. Evaluate if driving conditions and environment require caution and if they are met.  
5. Verify if the vehicle loads are not properly secured and compromising safety.  
</INTERPRET>

<PERCEPTION>
Observables: Driver holding steering wheel
Non-Observables: Vehicles, traffic signs, or pedestrian crossings; Pedestrians; Road condition and weather; Loads on vehicle's rear or roof
</PERCEPTION>

<EVIDENCE>
1. The image shows a driver is holding steering wheel and focused on driving.  
2. Vehicles, traffic signs, or pedestrian crossings are not shown in the image.
3. Pedestrians are not shown in the image.
4. Road condition or weather are not shown in the image.  
5. Loads on vehicle's rear or roof are not shown in the image.
</EVIDENCE>

<REASONING>
1. The driver appears alert and visually engaged, with no distractions like animals, mobile device usage, fatigue, or other distractions, indicating compliance with distraction rules. 
2. Without traffic elements visible, traffic rule compliance cannot be assessed.  
3. Without pedestrian elements visible, pedestrian crossing rule compliance cannot be assessed.  
4. Without environmental elements visible, road condition rule compliance cannot be assessed. 
5. Without cargo elements visible, vehicle load rule compliance cannot be assessed. 
</REASONING>

<DECISION>
{
  ""Driving Distraction"": ""Complied"",
  ""Traffic Rules"": ""Not Applicable"",
  ""Pedestrian Crossing"": ""Not Applicable"",
  ""Road Condition"": ""Not Applicable"",
  ""Vehicle Load"": ""Not Applicable""
}
</DECISION>"
4,Traffic,https://media.istockphoto.com/id/2166802770/photo/businessman-driving-car-in-the-city-during-daylight.jpg?s=612x612&w=0&k=20&c=7h0T6chBtdn9EpY8lOxdO3WDk7a3cPIFz_FM2Bt27Vk=,Complied,Driving Distraction,Driving_Distraction_0,28,data/processed_images/traffic/Driving_Distraction_0/0000028.jpg,"<RULE>
1. Drivers must avoid distractions such as animals on laps, portable devices, fatigue, or anything that impairs safe driving.  
2. Drivers must obey traffic rules including giving way at pedestrian crossings, stopping for red lights, and driving correctly on service roads.  
3. Pedestrians must only crossroads when safe and must not cause hazards by entering drivers' paths unexpectedly.  
4. Drivers must operate vehicles safely considering road conditions, weather, visibility, vehicle status, traffic, laws, and personal condition.  
5. Vehicle loads must be properly secured to prevent falling, projecting dangerously, or causing instability.  
</RULE>

<INTERPRET>
1. Check if the driver is distracted by animals, devices, fatigue, or other distractions.  
2. Assess if the driver is in compliance with traffic signs, pedestrian right-of-way, and lane rules.  
3. Determine if pedestrians are crossing safely without creating hazards.  
4. Evaluate if driving conditions and environment require caution and if they are met.  
5. Verify if the vehicle loads are not properly secured and compromising safety.  
</INTERPRET>

<PERCEPTION>
Observables: Driver holding steering wheel
Non-Observables: Vehicles, traffic signs, or pedestrian crossings; Pedestrians; Road condition and weather; Loads on vehicle's rear or roof
</PERCEPTION>

<EVIDENCE>
1. The image shows a driver is holding steering wheel and focused on driving.  
2. Vehicles, traffic signs, or pedestrian crossings are not shown in the image.
3. Pedestrians are not shown in the image.
4. Road condition or weather are not shown in the image.  
5. Loads on vehicle's rear or roof are not shown in the image.
</EVIDENCE>

<REASONING>
1. The driver appears alert and visually engaged, with no distractions like animals, mobile device usage, fatigue, or other distractions, indicating compliance with distraction rules. 
2. Without traffic elements visible, traffic rule compliance cannot be assessed.  
3. Without pedestrian elements visible, pedestrian crossing rule compliance cannot be assessed.  
4. Without environmental elements visible, road condition rule compliance cannot be assessed. 
5. Without cargo elements visible, vehicle load rule compliance cannot be assessed. 
</REASONING>

<DECISION>
{
  ""Driving Distraction"": ""Complied"",
  ""Traffic Rules"": ""Not Applicable"",
  ""Pedestrian Crossing"": ""Not Applicable"",
  ""Road Condition"": ""Not Applicable"",
  ""Vehicle Load"": ""Not Applicable""
}
</DECISION>"
5,Traffic,https://media.istockphoto.com/id/1155021405/photo/rural-interstate-driving-in-the-usa.jpg?s=612x612&w=0&k=20&c=DsvvsUZgjXydnnbffkvnAseNPYMwg_kZNTcWwgHKAWQ=,Complied,Driving Distraction,Driving_Distraction_0,23,data/processed_images/traffic/Driving_Distraction_0/0000023.jpg,"<RULE>
1. Drivers must avoid distractions such as animals on laps, portable devices, fatigue, or anything that impairs safe driving.  
2. Drivers must obey traffic rules including giving way at pedestrian crossings, stopping for red lights, and driving correctly on service roads.  
3. Pedestrians must only crossroads when safe and must not cause hazards by entering drivers' paths unexpectedly.  
4. Drivers must operate vehicles safely considering road conditions, weather, visibility, vehicle status, traffic, laws, and personal condition.  
5. Vehicle loads must be properly secured to prevent falling, projecting dangerously, or causing instability.  
</RULE>

<INTERPRET>
1. Check if the driver is distracted by animals, devices, fatigue, or other distractions.  
2. Assess if the driver is in compliance with traffic signs, pedestrian right-of-way, and lane rules.  
3. Determine if pedestrians are crossing safely without creating hazards.  
4. Evaluate if driving conditions and environment require caution and if they are met.  
5. Verify if the vehicle loads are not properly secured and compromising safety.  
</INTERPRET>

<PERCEPTION>
Observables: Driver holding steering wheel; Normal road condition and clear weather; Vehicles visible in distance
Non-Observables: Traffic signs, or pedestrian crossings; Pedestrians; Loads on vehicle's rear or roof
</PERCEPTION>

<EVIDENCE>
1. The image shows a driver is holding steering wheel and focused on driving. 
2. The image shows vehicles traveling normally along the road. 
3. Pedestrians are not shown in the image.
4. The image shows normal road condition and clear weather.  
5. Loads on vehicle's rear or roof are not shown in the image.
</EVIDENCE>

<REASONING>
1. The driver appears alert and visually engaged, with no distractions like animals, mobile device usage, fatigue, or other distractions, indicating compliance with distraction rules. 
2. The vehicle is traveling normally along the road, indicating compliance with traffic rules.
3. Without pedestrian elements visible, pedestrian crossing rule compliance cannot be assessed.  
4. The road condition and weather appear normal, indicating compliance with road condition rules. 
5. Without cargo elements visible, vehicle load rule compliance cannot be assessed. 
</REASONING>

<DECISION>
{
  ""Driving Distraction"": ""Complied"",
  ""Traffic Rules"": ""Complied"",
  ""Pedestrian Crossing"": ""Not Applicable"",
  ""Road Condition"": ""Complied"",
  ""Vehicle Load"": ""Not Applicable""
}
</DECISION>"
6,Traffic,https://media.istockphoto.com/id/1253803240/photo/go-wherever-your-wheels-take-you.jpg?s=612x612&w=0&k=20&c=lxKV5r_N145eS23SbxUOV4pJuHN9GINR60guttRujFk=,Complied,Driving Distraction,Driving_Distraction_0,35,data/processed_images/traffic/Driving_Distraction_0/0000035.jpg,"<RULE>
1. Drivers must avoid distractions such as animals on laps, portable devices, fatigue, or anything that impairs safe driving.  
2. Drivers must obey traffic rules including giving way at pedestrian crossings, stopping for red lights, and driving correctly on service roads.  
3. Pedestrians must only crossroads when safe and must not cause hazards by entering drivers' paths unexpectedly.  
4. Drivers must operate vehicles safely considering road conditions, weather, visibility, vehicle status, traffic, laws, and personal condition.  
5. Vehicle loads must be properly secured to prevent falling, projecting dangerously, or causing instability.  
</RULE>

<INTERPRET>
1. Check if the driver is distracted by animals, devices, fatigue, or other distractions.  
2. Assess if the driver is in compliance with traffic signs, pedestrian right-of-way, and lane rules.  
3. Determine if pedestrians are crossing safely without creating hazards.  
4. Evaluate if driving conditions and environment require caution and if they are met.  
5. Verify if the vehicle loads are not properly secured and compromising safety.  
</INTERPRET>

<PERCEPTION>
Observables: Driver holding steering wheel
Non-Observables: Vehicles, traffic signs, or pedestrian crossings; Pedestrians; Loads on vehicle's rear or roof
</PERCEPTION>

<EVIDENCE>
1. The image shows a driver is holding steering wheel and focused on driving.  
2. Vehicles, traffic signs, or pedestrian crossings are not shown in the image.
3. Pedestrians are not shown in the image.
4. Road condition or weather are not shown in the image.  
5. Loads on vehicle's rear or roof are not shown in the image.
</EVIDENCE>

<REASONING>
1. The driver appears alert and visually engaged, with no distractions like animals, mobile device usage, fatigue, or other distractions, indicating compliance with distraction rules. 
2. Without traffic elements visible, traffic rule compliance cannot be assessed.  
3. Without pedestrian elements visible, pedestrian crossing rule compliance cannot be assessed.  
4. Without environmental elements visible, road condition rule compliance cannot be assessed. 
5. Without cargo elements visible, vehicle load rule compliance cannot be assessed. 
</REASONING>

<DECISION>
{
  ""Driving Distraction"": ""Complied"",
  ""Traffic Rules"": ""Not Applicable"",
  ""Pedestrian Crossing"": ""Not Applicable"",
  ""Road Condition"": ""Not Applicable"",
  ""Vehicle Load"": ""Not Applicable""
}
</DECISION>"
7,Traffic,https://cdn.prod.website-files.com/5e7fdf360c4ef47490fa4124/6171cb0cf9c636590b73dd7b_0002503.jpg,Complied,Driving Distraction,Driving_Distraction_0,8,data/processed_images/traffic/Driving_Distraction_0/0000008.jpg,"<RULE>
1. Drivers must avoid distractions such as animals on laps, portable devices, fatigue, or anything that impairs safe driving.  
2. Drivers must obey traffic rules including giving way at pedestrian crossings, stopping for red lights, and driving correctly on service roads.  
3. Pedestrians must only crossroads when safe and must not cause hazards by entering drivers' paths unexpectedly.  
4. Drivers must operate vehicles safely considering road conditions, weather, visibility, vehicle status, traffic, laws, and personal condition.  
5. Vehicle loads must be properly secured to prevent falling, projecting dangerously, or causing instability.  
</RULE>

<INTERPRET>
1. Check if the driver is distracted by animals, devices, fatigue, or other distractions.  
2. Assess if the driver is in compliance with traffic signs, pedestrian right-of-way, and lane rules.  
3. Determine if pedestrians are crossing safely without creating hazards.  
4. Evaluate if driving conditions and environment require caution and if they are met.  
5. Verify if the vehicle loads are not properly secured and compromising safety.  
</INTERPRET>

<PERCEPTION>
Observables: Driver holding steering wheel
Non-Observables: Vehicles, traffic signs, or pedestrian crossings; Pedestrians; Road condition and weather; Loads on vehicle's rear or roof
</PERCEPTION>

<EVIDENCE>
1. The image shows a driver is holding steering wheel and focused on driving.  
2. Vehicles, traffic signs, or pedestrian crossings are not shown in the image.
3. Pedestrians are not shown in the image.
4. Road condition or weather are not shown in the image.  
5. Loads on vehicle's rear or roof are not shown in the image.
</EVIDENCE>

<REASONING>
1. The driver appears alert and visually engaged, with no distractions like animals, mobile device usage, fatigue, or other distractions, indicating compliance with distraction rules. 
2. Without traffic elements visible, traffic rule compliance cannot be assessed.  
3. Without pedestrian elements visible, pedestrian crossing rule compliance cannot be assessed.  
4. Without environmental elements visible, road condition rule compliance cannot be assessed. 
5. Without cargo elements visible, vehicle load rule compliance cannot be assessed. 
</REASONING>

<DECISION>
{
  ""Driving Distraction"": ""Complied"",
  ""Traffic Rules"": ""Not Applicable"",
  ""Pedestrian Crossing"": ""Not Applicable"",
  ""Road Condition"": ""Not Applicable"",
  ""Vehicle Load"": ""Not Applicable""
}
</DECISION>"
8,Traffic,https://media.istockphoto.com/id/1319192546/photo/businessman-driving.jpg?s=612x612&w=0&k=20&c=lJm3XhN8ceVA5mTcJcRPXu35ayBncmAx4cJUyP8q-08=,Complied,Driving Distraction,Driving_Distraction_0,46,data/processed_images/traffic/Driving_Distraction_0/0000046.jpg,"<RULE>
1. Drivers must avoid distractions such as animals on laps, portable devices, fatigue, or anything that impairs safe driving.  
2. Drivers must obey traffic rules including giving way at pedestrian crossings, stopping for red lights, and driving correctly on service roads.  
3. Pedestrians must only crossroads when safe and must not cause hazards by entering drivers' paths unexpectedly.  
4. Drivers must operate vehicles safely considering road conditions, weather, visibility, vehicle status, traffic, laws, and personal condition.  
5. Vehicle loads must be properly secured to prevent falling, projecting dangerously, or causing instability.  
</RULE>

<INTERPRET>
1. Check if the driver is distracted by animals, devices, fatigue, or other distractions.  
2. Assess if the driver is in compliance with traffic signs, pedestrian right-of-way, and lane rules.  
3. Determine if pedestrians are crossing safely without creating hazards.  
4. Evaluate if driving conditions and environment require caution and if they are met.  
5. Verify if the vehicle loads are not properly secured and compromising safety.  
</INTERPRET>

<PERCEPTION>
Observables: Driver holding steering wheel
Non-Observables: Vehicles, traffic signs, or pedestrian crossings; Pedestrians; Road condition and weather; Loads on vehicle's rear or roof
</PERCEPTION>

<EVIDENCE>
1. The image shows a driver is holding steering wheel and focused on driving.  
2. Vehicles, traffic signs, or pedestrian crossings are not shown in the image.
3. Pedestrians are not shown in the image.
4. Road condition or weather are not shown in the image.  
5. Loads on vehicle's rear or roof are not shown in the image.
</EVIDENCE>

<REASONING>
1. The driver appears alert and visually engaged, with no distractions like animals, mobile device usage, fatigue, or other distractions, indicating compliance with distraction rules. 
2. Without traffic elements visible, traffic rule compliance cannot be assessed.  
3. Without pedestrian elements visible, pedestrian crossing rule compliance cannot be assessed.  
4. Without environmental elements visible, road condition rule compliance cannot be assessed. 
5. Without cargo elements visible, vehicle load rule compliance cannot be assessed. 
</REASONING>

<DECISION>
{
  ""Driving Distraction"": ""Complied"",
  ""Traffic Rules"": ""Not Applicable"",
  ""Pedestrian Crossing"": ""Not Applicable"",
  ""Road Condition"": ""Not Applicable"",
  ""Vehicle Load"": ""Not Applicable""
}
</DECISION>"
9,Traffic,https://media.istockphoto.com/id/1582802930/photo/happy-man-driving-his-car.jpg?s=612x612&w=0&k=20&c=DC_5lCEay1nJPd7kXqleftuEnj_V9KuXG9TyIN4LZhg=,Complied,Driving Distraction,Driving_Distraction_0,13,data/processed_images/traffic/Driving_Distraction_0/0000013.jpg,"<RULE>
1. Drivers must avoid distractions such as animals on laps, portable devices, fatigue, or anything that impairs safe driving.  
2. Drivers must obey traffic rules including giving way at pedestrian crossings, stopping for red lights, and driving correctly on service roads.  
3. Pedestrians must only crossroads when safe and must not cause hazards by entering drivers' paths unexpectedly.  
4. Drivers must operate vehicles safely considering road conditions, weather, visibility, vehicle status, traffic, laws, and personal condition.  
5. Vehicle loads must be properly secured to prevent falling, projecting dangerously, or causing instability.  
</RULE>

<INTERPRET>
1. Check if the driver is distracted by animals, devices, fatigue, or other distractions.  
2. Assess if the driver is in compliance with traffic signs, pedestrian right-of-way, and lane rules.  
3. Determine if pedestrians are crossing safely without creating hazards.  
4. Evaluate if driving conditions and environment require caution and if they are met.  
5. Verify if the vehicle loads are not properly secured and compromising safety.  
</INTERPRET>

<PERCEPTION>
Observables: Driver holding steering wheel
Non-Observables: Vehicles, traffic signs, or pedestrian crossings; Pedestrians; Road condition and weather; Loads on vehicle's rear or roof
</PERCEPTION>

<EVIDENCE>
1. The image shows a driver is holding steering wheel and focused on driving.  
2. Vehicles, traffic signs, or pedestrian crossings are not shown in the image.
3. Pedestrians are not shown in the image.
4. Road condition or weather are not shown in the image.  
5. Loads on vehicle's rear or roof are not shown in the image.
</EVIDENCE>

<REASONING>
1. The driver appears alert and visually engaged, with no distractions like animals, mobile device usage, fatigue, or other distractions, indicating compliance with distraction rules. 
2. Without traffic elements visible, traffic rule compliance cannot be assessed.  
3. Without pedestrian elements visible, pedestrian crossing rule compliance cannot be assessed.  
4. Without environmental elements visible, road condition rule compliance cannot be assessed. 
5. Without cargo elements visible, vehicle load rule compliance cannot be assessed. 
</REASONING>

<DECISION>
{
  ""Driving Distraction"": ""Complied"",
  ""Traffic Rules"": ""Not Applicable"",
  ""Pedestrian Crossing"": ""Not Applicable"",
  ""Road Condition"": ""Not Applicable"",
  ""Vehicle Load"": ""Not Applicable""
}
</DECISION>"
10,Traffic,https://static.vecteezy.com/system/resources/previews/045/478/110/large_2x/young-woman-using-mobile-phone-while-driving-car-on-highway-road-during-sunset-womandriver-has-accident-calling-with-smartphone-for-help-business-woman-busy-driving-concept-photo.jpg,Violated,Driving Distraction,Driving_Distraction_1,1,data/processed_images/traffic/Driving_Distraction_1/0000001.jpg,"<RULE>
1. Drivers must avoid distractions such as animals on laps, portable devices, fatigue, or anything that impairs safe driving.  
2. Drivers must obey traffic rules including giving way at pedestrian crossings, stopping for red lights, and driving correctly on service roads.  
3. Pedestrians must only crossroads when safe and must not cause hazards by entering drivers' paths unexpectedly.  
4. Drivers must operate vehicles safely considering road conditions, weather, visibility, vehicle status, traffic, laws, and personal condition.  
5. Vehicle loads must be properly secured to prevent falling, projecting dangerously, or causing instability.  
</RULE>

<INTERPRET>
1. Check if the driver is distracted by animals, devices, fatigue, or other distractions.  
2. Assess if the driver is in compliance with traffic signs, pedestrian right-of-way, and lane rules.  
3. Determine if pedestrians are crossing safely without creating hazards.  
4. Evaluate if driving conditions and environment require caution and if they are met.  
5. Verify if the vehicle loads are not properly secured and compromising safety.  
</INTERPRET>

<PERCEPTION>
Observables: Driver holding a mobile device while driving
Non-Observables: Vehicles, traffic signs, or pedestrian crossings; Pedestrians; Road condition and weather; Loads on vehicle's rear or roof
</PERCEPTION>

<EVIDENCE>
1. The image shows a driver is holding a mobile device while driving.  
2. Vehicles, traffic signs, or pedestrian crossings are not shown in the image.
3. Pedestrians are not shown in the image.
4. Road condition or weather are not shown in the image.  
5. Loads on vehicle's rear or roof are not shown in the image.
</EVIDENCE>

<REASONING>
1. The driver appears to be on the phone while driving which constitutes a distraction and violates driving distraction rules. 
2. Without traffic elements visible, traffic rule compliance cannot be assessed.  
3. Without pedestrian elements visible, pedestrian crossing rule compliance cannot be assessed.  
4. Without environmental elements visible, road condition rule compliance cannot be assessed. 
5. Without cargo elements visible, vehicle load rule compliance cannot be assessed. 
</REASONING>

<DECISION>
{
  ""Driving Distraction"": ""Violated"",
  ""Traffic Rules"": ""Not Applicable"",
  ""Pedestrian Crossing"": ""Not Applicable"",
  ""Road Condition"": ""Not Applicable"",
  ""Vehicle Load"": ""Not Applicable""
}
</DECISION>"
11,Traffic,https://media.istockphoto.com/id/2157480611/photo/mother-and-son-behind-the-wheel-of-the-vehicle-and-speed-face-transportation-and-family.jpg?s=1024x1024&w=is&k=20&c=4FTXONZ1lRzx3lgQeb3SDCIGUYzprDQUe6PmXshTd1w=,Violated,Driving Distraction,Driving_Distraction_1,6,data/processed_images/traffic/Driving_Distraction_1/0000006.jpg,"<RULE>
1. Drivers must avoid distractions such as animals on laps, portable devices, fatigue, or anything that impairs safe driving.  
2. Drivers must obey traffic rules including giving way at pedestrian crossings, stopping for red lights, and driving correctly on service roads.  
3. Pedestrians must only crossroads when safe and must not cause hazards by entering drivers' paths unexpectedly.  
4. Drivers must operate vehicles safely considering road conditions, weather, visibility, vehicle status, traffic, laws, and personal condition.  
5. Vehicle loads must be properly secured to prevent falling, projecting dangerously, or causing instability.  
</RULE>

<INTERPRET>
1. Check if the driver is distracted by animals, devices, fatigue, or other distractions.  
2. Assess if the driver is in compliance with traffic signs, pedestrian right-of-way, and lane rules.  
3. Determine if pedestrians are crossing safely without creating hazards.  
4. Evaluate if driving conditions and environment require caution and if they are met.  
5. Verify if the vehicle loads are not properly secured and compromising safety.  
</INTERPRET>

<PERCEPTION>
Observables: Driver holding steering wheel; A child is sitting on the driver's lap
Non-Observables: Vehicles, traffic signs, or pedestrian crossings; Pedestrians; Road condition and weather; Loads on vehicle's rear or roof
</PERCEPTION>

<EVIDENCE>
1. The image shows a driver is holding steering wheel with a child sitting on her lap.  
2. Vehicles, traffic signs, or pedestrian crossings are not shown in the image.
3. Pedestrians are not shown in the image.
4. Road condition or weather are not shown in the image.  
5. Loads on vehicle's rear or roof are not shown in the image.
</EVIDENCE>

<REASONING>
1. The driver appears to have a child sitting on her lap which constitutes a distraction and violates driving distraction rules. 
2. Without traffic elements visible, traffic rule compliance cannot be assessed.  
3. Without pedestrian elements visible, pedestrian crossing rule compliance cannot be assessed.  
4. Without environmental elements visible, road condition rule compliance cannot be assessed. 
5. Without cargo elements visible, vehicle load rule compliance cannot be assessed. 
</REASONING>

<DECISION>
{
  ""Driving Distraction"": ""Violated"",
  ""Traffic Rules"": ""Not Applicable"",
  ""Pedestrian Crossing"": ""Not Applicable"",
  ""Road Condition"": ""Not Applicable"",
  ""Vehicle Load"": ""Not Applicable""
}
</DECISION>"
12,Traffic,https://st3.depositphotos.com/13146722/33934/i/380/depositphotos_339345688-stock-photo-adult-male-caucasian-person-eating.jpg,Violated,Driving Distraction,Driving_Distraction_1,31,data/processed_images/traffic/Driving_Distraction_1/0000031.jpg,"<RULE>
1. Drivers must avoid distractions such as animals on laps, portable devices, fatigue, or anything that impairs safe driving.  
2. Drivers must obey traffic rules including giving way at pedestrian crossings, stopping for red lights, and driving correctly on service roads.  
3. Pedestrians must only crossroads when safe and must not cause hazards by entering drivers' paths unexpectedly.  
4. Drivers must operate vehicles safely considering road conditions, weather, visibility, vehicle status, traffic, laws, and personal condition.  
5. Vehicle loads must be properly secured to prevent falling, projecting dangerously, or causing instability.  
</RULE>

<INTERPRET>
1. Check if the driver is distracted by animals, devices, fatigue, or other distractions.  
2. Assess if the driver is in compliance with traffic signs, pedestrian right-of-way, and lane rules.  
3. Determine if pedestrians are crossing safely without creating hazards.  
4. Evaluate if driving conditions and environment require caution and if they are met.  
5. Verify if the vehicle loads are not properly secured and compromising safety.  
</INTERPRET>

<PERCEPTION>
Observables: Driver holding a food
Non-Observables: Vehicles, traffic signs, or pedestrian crossings; Pedestrians; Road condition and weather; Loads on vehicle's rear or roof
</PERCEPTION>

<EVIDENCE>
1. The image shows a driver eating while driving.  
2. Vehicles, traffic signs, or pedestrian crossings are not shown in the image.
3. Pedestrians are not shown in the image.
4. Road condition or weather are not shown in the image.  
5. Loads on vehicle's rear or roof are not shown in the image.
</EVIDENCE>

<REASONING>
1. The driver appears to be eating while driving which constitutes a distraction and violates driving distraction rules. 
2. Without traffic elements visible, traffic rule compliance cannot be assessed.  
3. Without pedestrian elements visible, pedestrian crossing rule compliance cannot be assessed.  
4. Without environmental elements visible, road condition rule compliance cannot be assessed. 
5. Without cargo elements visible, vehicle load rule compliance cannot be assessed. 
</REASONING>

<DECISION>
{
  ""Driving Distraction"": ""Violated"",
  ""Traffic Rules"": ""Not Applicable"",
  ""Pedestrian Crossing"": ""Not Applicable"",
  ""Road Condition"": ""Not Applicable"",
  ""Vehicle Load"": ""Not Applicable""
}
</DECISION>"
13,Traffic,https://encrypted-tbn0.gstatic.com/images?q=tbn:ANd9GcQHT8CiwIYQlBMMMwkmE2Gk0G77PMfEoeJcAaZVgyFGtq33nRDSqYR5_6aYe4kZyUAVqNQ&usqp=CAU,Violated,Driving Distraction,Driving_Distraction_1,14,data/processed_images/traffic/Driving_Distraction_1/0000014.jpg,"<RULE>
1. Drivers must avoid distractions such as animals on laps, portable devices, fatigue, or anything that impairs safe driving.  
2. Drivers must obey traffic rules including giving way at pedestrian crossings, stopping for red lights, and driving correctly on service roads.  
3. Pedestrians must only crossroads when safe and must not cause hazards by entering drivers' paths unexpectedly.  
4. Drivers must operate vehicles safely considering road conditions, weather, visibility, vehicle status, traffic, laws, and personal condition.  
5. Vehicle loads must be properly secured to prevent falling, projecting dangerously, or causing instability.  
</RULE>

<INTERPRET>
1. Check if the driver is distracted by animals, devices, fatigue, or other distractions.  
2. Assess if the driver is in compliance with traffic signs, pedestrian right-of-way, and lane rules.  
3. Determine if pedestrians are crossing safely without creating hazards.  
4. Evaluate if driving conditions and environment require caution and if they are met.  
5. Verify if the vehicle loads are not properly secured and compromising safety.  
</INTERPRET>

<PERCEPTION>
Observables: Driver holding a drink and a mobile device
Non-Observables: Vehicles, traffic signs, or pedestrian crossings; Pedestrians; Road condition and weather; Loads on vehicle's rear or roof
</PERCEPTION>

<EVIDENCE>
1. The image shows a driver drinking and using a mobile device while driving.  
2. Vehicles, traffic signs, or pedestrian crossings are not shown in the image.
3. Pedestrians are not shown in the image.
4. Road condition or weather are not shown in the image.  
5. Loads on vehicle's rear or roof are not shown in the image.
</EVIDENCE>

<REASONING>
1. The driver appears to be drinking and using a mobile device while driving which constitutes a distraction and violates driving distraction rules. 
2. Without traffic elements visible, traffic rule compliance cannot be assessed.  
3. Without pedestrian elements visible, pedestrian crossing rule compliance cannot be assessed.  
4. Without environmental elements visible, road condition rule compliance cannot be assessed. 
5. Without cargo elements visible, vehicle load rule compliance cannot be assessed. 
</REASONING>

<DECISION>
{
  ""Driving Distraction"": ""Violated"",
  ""Traffic Rules"": ""Not Applicable"",
  ""Pedestrian Crossing"": ""Not Applicable"",
  ""Road Condition"": ""Not Applicable"",
  ""Vehicle Load"": ""Not Applicable""
}
</DECISION>"
14,Traffic,https://st5.depositphotos.com/4395427/66280/i/380/depositphotos_662804030-stock-photo-asian-woman-bad-eating-habits.jpg,Violated,Driving Distraction,Driving_Distraction_1,35,data/processed_images/traffic/Driving_Distraction_1/0000035.jpg,"<RULE>
1. Drivers must avoid distractions such as animals on laps, portable devices, fatigue, or anything that impairs safe driving.  
2. Drivers must obey traffic rules including giving way at pedestrian crossings, stopping for red lights, and driving correctly on service roads.  
3. Pedestrians must only crossroads when safe and must not cause hazards by entering drivers' paths unexpectedly.  
4. Drivers must operate vehicles safely considering road conditions, weather, visibility, vehicle status, traffic, laws, and personal condition.  
5. Vehicle loads must be properly secured to prevent falling, projecting dangerously, or causing instability.  
</RULE>

<INTERPRET>
1. Check if the driver is distracted by animals, devices, fatigue, or other distractions.  
2. Assess if the driver is in compliance with traffic signs, pedestrian right-of-way, and lane rules.  
3. Determine if pedestrians are crossing safely without creating hazards.  
4. Evaluate if driving conditions and environment require caution and if they are met.  
5. Verify if the vehicle loads are not properly secured and compromising safety.  
</INTERPRET>

<PERCEPTION>
Observables: Driver holding a food
Non-Observables: Vehicles, traffic signs, or pedestrian crossings; Pedestrians; Road condition and weather; Loads on vehicle's rear or roof
</PERCEPTION>

<EVIDENCE>
1. The image shows a driver eating while driving.  
2. Vehicles, traffic signs, or pedestrian crossings are not shown in the image.
3. Pedestrians are not shown in the image.
4. Road condition or weather are not shown in the image.  
5. Loads on vehicle's rear or roof are not shown in the image.
</EVIDENCE>

<REASONING>
1. The driver appears to be eating while driving which constitutes a distraction and violates driving distraction rules. 
2. Without traffic elements visible, traffic rule compliance cannot be assessed.  
3. Without pedestrian elements visible, pedestrian crossing rule compliance cannot be assessed.  
4. Without environmental elements visible, road condition rule compliance cannot be assessed. 
5. Without cargo elements visible, vehicle load rule compliance cannot be assessed. 
</REASONING>

<DECISION>
{
  ""Driving Distraction"": ""Violated"",
  ""Traffic Rules"": ""Not Applicable"",
  ""Pedestrian Crossing"": ""Not Applicable"",
  ""Road Condition"": ""Not Applicable"",
  ""Vehicle Load"": ""Not Applicable""
}
</DECISION>"
15,Traffic,https://media.istockphoto.com/id/1073413506/photo/traveling-with-my-best-friend.jpg?b=1&s=612x612&w=0&k=20&c=lvzmPaFUveIQUT6lNYrK1IIdLct2ZQZRvGrusOrcP7s=,Violated,Driving Distraction,Driving_Distraction_1,56,data/processed_images/traffic/Driving_Distraction_1/0000056.jpg,"<RULE>
1. Drivers must avoid distractions such as animals on laps, portable devices, fatigue, or anything that impairs safe driving.  
2. Drivers must obey traffic rules including giving way at pedestrian crossings, stopping for red lights, and driving correctly on service roads.  
3. Pedestrians must only crossroads when safe and must not cause hazards by entering drivers' paths unexpectedly.  
4. Drivers must operate vehicles safely considering road conditions, weather, visibility, vehicle status, traffic, laws, and personal condition.  
5. Vehicle loads must be properly secured to prevent falling, projecting dangerously, or causing instability.  
</RULE>

<INTERPRET>
1. Check if the driver is distracted by animals, devices, fatigue, or other distractions.  
2. Assess if the driver is in compliance with traffic signs, pedestrian right-of-way, and lane rules.  
3. Determine if pedestrians are crossing safely without creating hazards.  
4. Evaluate if driving conditions and environment require caution and if they are met.  
5. Verify if the vehicle loads are not properly secured and compromising safety.  
</INTERPRET>

<PERCEPTION>
Observables: Driver holding steering wheel looking at his dog; A dog sitting next to the driver
Non-Observables: Vehicles, traffic signs, or pedestrian crossings; Pedestrians; Road condition and weather; Loads on vehicle's rear or roof
</PERCEPTION>

<EVIDENCE>
1. The image shows a driver looking at his dog while driving.  
2. Vehicles, traffic signs, or pedestrian crossings are not shown in the image.
3. Pedestrians are not shown in the image.
4. Road condition or weather are not shown in the image.  
5. Loads on vehicle's rear or roof are not shown in the image.
</EVIDENCE>

<REASONING>
1. The driver appears to be looking at his dog while driving which constitutes a distraction and violates driving distraction rules. 
2. Without traffic elements visible, traffic rule compliance cannot be assessed.  
3. Without pedestrian elements visible, pedestrian crossing rule compliance cannot be assessed.  
4. Without environmental elements visible, road condition rule compliance cannot be assessed. 
5. Without cargo elements visible, vehicle load rule compliance cannot be assessed. 
</REASONING>

<DECISION>
{
  ""Driving Distraction"": ""Violated"",
  ""Traffic Rules"": ""Not Applicable"",
  ""Pedestrian Crossing"": ""Not Applicable"",
  ""Road Condition"": ""Not Applicable"",
  ""Vehicle Load"": ""Not Applicable""
}
</DECISION>"
16,Traffic,https://st2.depositphotos.com/1236925/8010/i/380/depositphotos_80101804-stock-photo-young-man-driving-his-car.jpg,Violated,Driving Distraction,Driving_Distraction_1,28,data/processed_images/traffic/Driving_Distraction_1/0000028.jpg,"<RULE>
1. Drivers must avoid distractions such as animals on laps, portable devices, fatigue, or anything that impairs safe driving.  
2. Drivers must obey traffic rules including giving way at pedestrian crossings, stopping for red lights, and driving correctly on service roads.  
3. Pedestrians must only crossroads when safe and must not cause hazards by entering drivers' paths unexpectedly.  
4. Drivers must operate vehicles safely considering road conditions, weather, visibility, vehicle status, traffic, laws, and personal condition.  
5. Vehicle loads must be properly secured to prevent falling, projecting dangerously, or causing instability.  
</RULE>

<INTERPRET>
1. Check if the driver is distracted by animals, devices, fatigue, or other distractions.  
2. Assess if the driver is in compliance with traffic signs, pedestrian right-of-way, and lane rules.  
3. Determine if pedestrians are crossing safely without creating hazards.  
4. Evaluate if driving conditions and environment require caution and if they are met.  
5. Verify if the vehicle loads are not properly secured and compromising safety.  
</INTERPRET>

<PERCEPTION>
Observables: Driver holding a food
Non-Observables: Vehicles, traffic signs, or pedestrian crossings; Pedestrians; Road condition and weather; Loads on vehicle's rear or roof
</PERCEPTION>

<EVIDENCE>
1. The image shows a driver eating while driving.  
2. Vehicles, traffic signs, or pedestrian crossings are not shown in the image.
3. Pedestrians are not shown in the image.
4. Road condition or weather are not shown in the image.  
5. Loads on vehicle's rear or roof are not shown in the image.
</EVIDENCE>

<REASONING>
1. The driver appears to be eating while driving which constitutes a distraction and violates driving distraction rules. 
2. Without traffic elements visible, traffic rule compliance cannot be assessed.  
3. Without pedestrian elements visible, pedestrian crossing rule compliance cannot be assessed.  
4. Without environmental elements visible, road condition rule compliance cannot be assessed. 
5. Without cargo elements visible, vehicle load rule compliance cannot be assessed. 
</REASONING>

<DECISION>
{
  ""Driving Distraction"": ""Violated"",
  ""Traffic Rules"": ""Not Applicable"",
  ""Pedestrian Crossing"": ""Not Applicable"",
  ""Road Condition"": """"Not Applicable"",
  ""Vehicle Load"": ""Not Applicable""
}
</DECISION>"
17,Traffic,https://st4.depositphotos.com/1635543/41922/i/380/depositphotos_419223430-stock-photo-asian-woman-eating-food-fastfood.jpg,Violated,Driving Distraction,Driving_Distraction_1,32,data/processed_images/traffic/Driving_Distraction_1/0000032.jpg,"<RULE>
1. Drivers must avoid distractions such as animals on laps, portable devices, fatigue, or anything that impairs safe driving.  
2. Drivers must obey traffic rules including giving way at pedestrian crossings, stopping for red lights, and driving correctly on service roads.  
3. Pedestrians must only crossroads when safe and must not cause hazards by entering drivers' paths unexpectedly.  
4. Drivers must operate vehicles safely considering road conditions, weather, visibility, vehicle status, traffic, laws, and personal condition.  
5. Vehicle loads must be properly secured to prevent falling, projecting dangerously, or causing instability.  
</RULE>

<INTERPRET>
1. Check if the driver is distracted by animals, devices, fatigue, or other distractions.  
2. Assess if the driver is in compliance with traffic signs, pedestrian right-of-way, and lane rules.  
3. Determine if pedestrians are crossing safely without creating hazards.  
4. Evaluate if driving conditions and environment require caution and if they are met.  
5. Verify if the vehicle loads are not properly secured and compromising safety.  
</INTERPRET>

<PERCEPTION>
Observables: Driver holding a food and a drink
Non-Observables: Vehicles, traffic signs, or pedestrian crossings; Pedestrians; Road condition and weather; Loads on vehicle's rear or roof
</PERCEPTION>

<EVIDENCE>
1. The image shows a driver eating and drinking while driving.  
2. Vehicles, traffic signs, or pedestrian crossings are not shown in the image.
3. Pedestrians are not shown in the image.
4. Road condition or weather are not shown in the image.  
5. Loads on vehicle's rear or roof are not shown in the image.
</EVIDENCE>

<REASONING>
1. The driver appears to be eating and drinking while driving which constitutes a distraction and violates driving distraction rules. 
2. Without traffic elements visible, traffic rule compliance cannot be assessed.  
3. Without pedestrian elements visible, pedestrian crossing rule compliance cannot be assessed.  
4. Without environmental elements visible, road condition rule compliance cannot be assessed. 
5. Without cargo elements visible, vehicle load rule compliance cannot be assessed. 
</REASONING>

<DECISION>
{
  ""Driving Distraction"": ""Violated"",
  ""Traffic Rules"": ""Not Applicable"",
  ""Pedestrian Crossing"": ""Not Applicable"",
  ""Road Condition"": ""Not Applicable"",
  ""Vehicle Load"": ""Not Applicable""
}
</DECISION>"
18,Traffic,https://st2.depositphotos.com/1735158/6602/i/380/depositphotos_66027449-stock-photo-girl-doing-make-up-while.jpg,Violated,Driving Distraction,Driving_Distraction_1,46,data/processed_images/traffic/Driving_Distraction_1/0000046.jpg,"<RULE>
1. Drivers must avoid distractions such as animals on laps, portable devices, fatigue, or anything that impairs safe driving.  
2. Drivers must obey traffic rules including giving way at pedestrian crossings, stopping for red lights, and driving correctly on service roads.  
3. Pedestrians must only crossroads when safe and must not cause hazards by entering drivers' paths unexpectedly.  
4. Drivers must operate vehicles safely considering road conditions, weather, visibility, vehicle status, traffic, laws, and personal condition.  
5. Vehicle loads must be properly secured to prevent falling, projecting dangerously, or causing instability.  
</RULE>

<INTERPRET>
1. Check if the driver is distracted by animals, devices, fatigue, or other distractions.  
2. Assess if the driver is in compliance with traffic signs, pedestrian right-of-way, and lane rules.  
3. Determine if pedestrians are crossing safely without creating hazards.  
4. Evaluate if driving conditions and environment require caution and if they are met.  
5. Verify if the vehicle loads are not properly secured and compromising safety.  
</INTERPRET>

<PERCEPTION>
Observables: Driver applying lipstick
Non-Observables: Vehicles, traffic signs, or pedestrian crossings; Pedestrians; Road condition and weather; Loads on vehicle's rear or roof
</PERCEPTION>

<EVIDENCE>
1. The image shows a driver applying lipstick while driving.  
2. Vehicles, traffic signs, or pedestrian crossings are not shown in the image.
3. Pedestrians are not shown in the image.
4. Road condition or weather are not shown in the image.  
5. Loads on vehicle's rear or roof are not shown in the image.
</EVIDENCE>

<REASONING>
1. The driver appears to be applying lipstick while driving which constitutes a distraction and violates driving distraction rules. 
2. Without traffic elements visible, traffic rule compliance cannot be assessed.  
3. Without pedestrian elements visible, pedestrian crossing rule compliance cannot be assessed.  
4. Without environmental elements visible, road condition rule compliance cannot be assessed. 
5. Without cargo elements visible, vehicle load rule compliance cannot be assessed. 
</REASONING>

<DECISION>
{
  ""Driving Distraction"": ""Violated"",
  ""Traffic Rules"": ""Not Applicable"",
  ""Pedestrian Crossing"": ""Not Applicable"",
  ""Road Condition"": ""Not Applicable"",
  ""Vehicle Load"": ""Not Applicable""
}
</DECISION>"
19,Traffic,https://www.iii.org/sites/default/files/p_woman_lipstick_drive_453162261.jpg,Violated,Driving Distraction,Driving_Distraction_1,13,data/processed_images/traffic/Driving_Distraction_1/0000013.jpg,"<RULE>
1. Drivers must avoid distractions such as animals on laps, portable devices, fatigue, or anything that impairs safe driving.  
2. Drivers must obey traffic rules including giving way at pedestrian crossings, stopping for red lights, and driving correctly on service roads.  
3. Pedestrians must only crossroads when safe and must not cause hazards by entering drivers' paths unexpectedly.  
4. Drivers must operate vehicles safely considering road conditions, weather, visibility, vehicle status, traffic, laws, and personal condition.  
5. Vehicle loads must be properly secured to prevent falling, projecting dangerously, or causing instability.  
</RULE>

<INTERPRET>
1. Check if the driver is distracted by animals, devices, fatigue, or other distractions.  
2. Assess if the driver is in compliance with traffic signs, pedestrian right-of-way, and lane rules.  
3. Determine if pedestrians are crossing safely without creating hazards.  
4. Evaluate if driving conditions and environment require caution and if they are met.  
5. Verify if the vehicle loads are not properly secured and compromising safety.  
</INTERPRET>

<PERCEPTION>
Observables: Driver applying lipstick
Non-Observables: Vehicles, traffic signs, or pedestrian crossings; Pedestrians; Road condition and weather; Loads on vehicle's rear or roof
</PERCEPTION>

<EVIDENCE>
1. The image shows a driver applying lipstick while driving.  
2. Vehicles, traffic signs, or pedestrian crossings are not shown in the image.
3. Pedestrians are not shown in the image.
4. Road condition or weather are not shown in the image.  
5. Loads on vehicle's rear or roof are not shown in the image.
</EVIDENCE>

<REASONING>
1. The driver appears to be applying lipstick while driving which constitutes a distraction and violates driving distraction rules. 
2. Without traffic elements visible, traffic rule compliance cannot be assessed.  
3. Without pedestrian elements visible, pedestrian crossing rule compliance cannot be assessed.  
4. Without environmental elements visible, road condition rule compliance cannot be assessed. 
5. Without cargo elements visible, vehicle load rule compliance cannot be assessed. 
</REASONING>

<DECISION>
{
  ""Driving Distraction"": ""Violated"",
  ""Traffic Rules"": ""Not Applicable"",
  ""Pedestrian Crossing"": ""Not Applicable"",
  ""Road Condition"": ""Not Applicable"",
  ""Vehicle Load"": ""Not Applicable""
}
</DECISION>"
20,Traffic,https://c8.alamy.com/comp/B55NHF/cars-failing-to-stop-at-a-pedestrian-crossing-B55NHF.jpg,Complied,Pedestrian Crossing,Pedestrian_Crossing_0,4,data/processed_images/traffic/Pedestrian_Crossing_0/0000004.jpg,"<RULE>
1. Drivers must avoid distractions such as animals on laps, portable devices, fatigue, or anything that impairs safe driving.  
2. Drivers must obey traffic rules including giving way at pedestrian crossings, stopping for red lights, and driving correctly on service roads.  
3. Pedestrians must only crossroads when safe and must not cause hazards by entering drivers' paths unexpectedly.  
4. Drivers must operate vehicles safely considering road conditions, weather, visibility, vehicle status, traffic, laws, and personal condition.  
5. Vehicle loads must be properly secured to prevent falling, projecting dangerously, or causing instability.  
</RULE>

<INTERPRET>
1. Check if the driver is distracted by animals, devices, fatigue, or other distractions.  
2. Assess if the driver is in compliance with traffic signs, pedestrian right-of-way, and lane rules.  
3. Determine if pedestrians are crossing safely without creating hazards.  
4. Evaluate if driving conditions and environment require caution and if they are met.  
5. Verify if the vehicle loads are not properly secured and compromising safety.  
</INTERPRET>

<PERCEPTION>
Observables: Pedestrian crossing a street at a designated pedestrian crossing; A green vehicle stopped before the pedestrian crossing; A grey car is positioned within the pedestrian crossing; Normal road condition and clear weather
Non-Observables: Driver or interior conditions; Traffic signs; Loads on vehicle's rear or roof
</PERCEPTION>

<EVIDENCE>
1. Driver or interior conditions are not shown in the image.   
2. The image shows a green vehicle stopped before the pedestrian crossing, yielding to a pedestrian, while a grey car ahead is positioned within the crossing.
3. The image shows a pedestrian using the crosswalk appropriately.
4. The image shows normal road condition and clear weather.
5. Loads on vehicle's rear or roof are not shown in the image.
</EVIDENCE>

<REASONING>
1. Without driver or interior conditions elements visible, driving distraction compliance cannot be assessed. 
2. The grey car is positioned within the crossing indicating a failure to yield and violates traffic rules.  
3. The pedestrian is using the crosswalk appropriately, indicating compliance with pedestrian crossing rules.  
4. The road condition and weather appear normal, indicating compliance with road condition rules. 
5. Without cargo elements visible, vehicle load rule compliance cannot be assessed. 
</REASONING>

<DECISION>
{
  ""Driving Distraction"": ""Not Applicable"",
  ""Traffic Rules"": ""Violated"",
  ""Pedestrian Crossing"": ""Complied"",
  ""Road Condition"": ""Complied"",
  ""Vehicle Load"": ""Not Applicable""
}
</DECISION>"
21,Traffic,https://images.unsplash.com/photo-1610210734809-1beaf51099c5?w=500&auto=format&fit=crop&q=60&ixlib=rb-4.1.0&ixid=M3wxMjA3fDB8MHxzZWFyY2h8NzF8fHBlZGVzdHJpYW4lMjB3YWxraW5nJTIwZ3JlZW4lMjBsaWdodHxlbnwwfHwwfHx8MA%3D%3D,Complied,Pedestrian Crossing,Pedestrian_Crossing_0,32,data/processed_images/traffic/Pedestrian_Crossing_0/0000032.jpg,"<RULE>
1. Drivers must avoid distractions such as animals on laps, portable devices, fatigue, or anything that impairs safe driving.  
2. Drivers must obey traffic rules including giving way at pedestrian crossings, stopping for red lights, and driving correctly on service roads.  
3. Pedestrians must only crossroads when safe and must not cause hazards by entering drivers' paths unexpectedly.  
4. Drivers must operate vehicles safely considering road conditions, weather, visibility, vehicle status, traffic, laws, and personal condition.  
5. Vehicle loads must be properly secured to prevent falling, projecting dangerously, or causing instability.  
</RULE>

<INTERPRET>
1. Check if the driver is distracted by animals, devices, fatigue, or other distractions.  
2. Assess if the driver is in compliance with traffic signs, pedestrian right-of-way, and lane rules.  
3. Determine if pedestrians are crossing safely without creating hazards.  
4. Evaluate if driving conditions and environment require caution and if they are met.  
5. Verify if the vehicle loads are not properly secured and compromising safety.  
</INTERPRET>

<PERCEPTION>
Observables: Pedestrian standing on a sidewalk waiting to cross; Traffic light indicates red for pedestrian; Normal road condition and clear weather
Non-Observables: Driver or interior conditions; Vehicles or traffic signs for vehicles; Loads on vehicle's rear or roof
</PERCEPTION>

<EVIDENCE>
1. Driver or interior conditions are not shown in the image.   
2. Vehicles or traffic signs for vehicles are not shown in the image.
3. The image shows a pedestrian standing on a sidewalk waiting to cross.
4. The image shows normal road condition and clear weather.
5. Loads on vehicle's rear or roof are not shown in the image.
</EVIDENCE>

<REASONING>
1. Without driver or interior conditions elements visible, driving distraction compliance cannot be assessed. 
2. Without traffic elements visible, traffic rule compliance cannot be assessed.  
3. The pedestrian is waiting at the signal, demonstrating compliance with pedestrian crossing rules.
4. The road condition and weather appear normal, indicating compliance with road condition rules. 
5. Without cargo elements visible, vehicle load rule compliance cannot be assessed. 
</REASONING>

<DECISION>
{
  ""Driving Distraction"": ""Not Applicable"",
  ""Traffic Rules"": ""Not Applicable"",
  ""Pedestrian Crossing"": ""Complied"",
  ""Road Condition"": ""Complied"",
  ""Vehicle Load"": ""Not Applicable""
}
</DECISION>"
22,Traffic,https://st2.depositphotos.com/1609055/7563/i/380/depositphotos_75638913-stock-photo-woman-crossing-street-at-pedestrian.jpg,Complied,Pedestrian Crossing,Pedestrian_Crossing_0,25,data/processed_images/traffic/Pedestrian_Crossing_0/0000025.jpg,"<RULE>
1. Drivers must avoid distractions such as animals on laps, portable devices, fatigue, or anything that impairs safe driving.  
2. Drivers must obey traffic rules including giving way at pedestrian crossings, stopping for red lights, and driving correctly on service roads.  
3. Pedestrians must only crossroads when safe and must not cause hazards by entering drivers' paths unexpectedly.  
4. Drivers must operate vehicles safely considering road conditions, weather, visibility, vehicle status, traffic, laws, and personal condition.  
5. Vehicle loads must be properly secured to prevent falling, projecting dangerously, or causing instability.  
</RULE>

<INTERPRET>
1. Check if the driver is distracted by animals, devices, fatigue, or other distractions.  
2. Assess if the driver is in compliance with traffic signs, pedestrian right-of-way, and lane rules.  
3. Determine if pedestrians are crossing safely without creating hazards.  
4. Evaluate if driving conditions and environment require caution and if they are met.  
5. Verify if the vehicle loads are not properly secured and compromising safety.  
</INTERPRET>

<PERCEPTION>
Observables: Pedestrian crossing a street at a designated pedestrian crossing; Vehicles stopped before the pedestrian crossing; Normal road condition and clear weather
Non-Observables: Driver or interior conditions; Traffic signs; Loads on vehicle's rear or roof
</PERCEPTION>

<EVIDENCE>
1. Driver or interior conditions are not shown in the image.   
2. The image shows vehicles stopped before the pedestrian crossing, yielding to a pedestrian.
3. The image shows a pedestrian using the crosswalk appropriately.
4. The image shows normal road condition and clear weather.
5. Loads on vehicle's rear or roof are not shown in the image.
</EVIDENCE>

<REASONING>
1. Without driver or interior conditions elements visible, driving distraction compliance cannot be assessed. 
2. All vehicles stopped before the pedestrian crossing, indicating compliance with traffic rules.  
3. The pedestrian is using the crosswalk appropriately, indicating compliance with pedestrian crossing rules.  
4. The road condition and weather appear normal, indicating compliance with road condition rules. 
5. Without cargo elements visible, vehicle load rule compliance cannot be assessed. 
</REASONING>

<DECISION>
{
  ""Driving Distraction"": ""Not Applicable"",
  ""Traffic Rules"": ""Complied"",
  ""Pedestrian Crossing"": ""Complied"",
  ""Road Condition"": ""Complied"",
  ""Vehicle Load"": ""Not Applicable""
}
</DECISION>"
23,Traffic,https://c8.alamy.com/comp/HNYN5C/frankfurt-germany-march-20-2009-children-crossing-street-with-guiding-HNYN5C.jpg,Complied,Pedestrian Crossing,Pedestrian_Crossing_0,5,data/processed_images/traffic/Pedestrian_Crossing_0/0000005.jpg,"<RULE>
1. Drivers must avoid distractions such as animals on laps, portable devices, fatigue, or anything that impairs safe driving.  
2. Drivers must obey traffic rules including giving way at pedestrian crossings, stopping for red lights, and driving correctly on service roads.  
3. Pedestrians must only crossroads when safe and must not cause hazards by entering drivers' paths unexpectedly.  
4. Drivers must operate vehicles safely considering road conditions, weather, visibility, vehicle status, traffic, laws, and personal condition.  
5. Vehicle loads must be properly secured to prevent falling, projecting dangerously, or causing instability.  
</RULE>

<INTERPRET>
1. Check if the driver is distracted by animals, devices, fatigue, or other distractions.  
2. Assess if the driver is in compliance with traffic signs, pedestrian right-of-way, and lane rules.  
3. Determine if pedestrians are crossing safely without creating hazards.  
4. Evaluate if driving conditions and environment require caution and if they are met.  
5. Verify if the vehicle loads are not properly secured and compromising safety.  
</INTERPRET>

<PERCEPTION>
Observables: Pedestrians crossing a street at a designated pedestrian crossing; Vehicles stopped before the pedestrian crossing; Normal road condition and clear weather
Non-Observables: Driver or interior conditions; traffic signs; Loads on vehicle's rear or roof
</PERCEPTION>

<EVIDENCE>
1. Driver or interior conditions are not shown in the image.   
2. The image shows vehicles stopped before the pedestrian crossing, yielding to a pedestrian.
3. The image shows a pedestrian using the crosswalk appropriately.
4. The image shows normal road condition and clear weather.
5. Loads on vehicle's rear or roof are not shown in the image.
</EVIDENCE>

<REASONING>
1. Without driver or interior conditions elements visible, driving distraction compliance cannot be assessed. 
2. All vehicles stopped before the pedestrian crossing, indicating compliance with traffic rules.  
3. The pedestrians are using the crosswalk appropriately, indicating compliance with pedestrian crossing rules.  
4. The road condition and weather appear normal, indicating compliance with road condition rules. 
5. Without cargo elements visible, vehicle load rule compliance cannot be assessed. 
</REASONING>

<DECISION>
{
  ""Driving Distraction"": ""Not Applicable"",
  ""Traffic Rules"": ""Complied"",
  ""Pedestrian Crossing"": ""Complied"",
  ""Road Condition"": ""Complied"",
  ""Vehicle Load"": ""Not Applicable""
}
</DECISION>"
24,Traffic,https://media.istockphoto.com/id/1482838658/photo/father-and-children-crossing-road-on-pedestrian-crosswalk.jpg?s=612x612&w=0&k=20&c=DgHIEw_HLqnrq6hl_dSdhHLIHhuZzHHEthwcDo7yMyc=,Complied,Pedestrian Crossing,Pedestrian_Crossing_0,40,data/processed_images/traffic/Pedestrian_Crossing_0/0000040.jpg,"<RULE>
1. Drivers must avoid distractions such as animals on laps, portable devices, fatigue, or anything that impairs safe driving.  
2. Drivers must obey traffic rules including giving way at pedestrian crossings, stopping for red lights, and driving correctly on service roads.  
3. Pedestrians must only crossroads when safe and must not cause hazards by entering drivers' paths unexpectedly.  
4. Drivers must operate vehicles safely considering road conditions, weather, visibility, vehicle status, traffic, laws, and personal condition.  
5. Vehicle loads must be properly secured to prevent falling, projecting dangerously, or causing instability.  
</RULE>

<INTERPRET>
1. Check if the driver is distracted by animals, devices, fatigue, or other distractions.  
2. Assess if the driver is in compliance with traffic signs, pedestrian right-of-way, and lane rules.  
3. Determine if pedestrians are crossing safely without creating hazards.  
4. Evaluate if driving conditions and environment require caution and if they are met.  
5. Verify if the vehicle loads are not properly secured and compromising safety.  
</INTERPRET>

<PERCEPTION>
Observables: Pedestrian crossing a street at a designated pedestrian crossing; Vehicles stopped before the pedestrian crossing; Normal road condition and clear weather
Non-Observables: Driver or interior conditions; Traffic signs; Loads on vehicle's rear or roof
</PERCEPTION>

<EVIDENCE>
1. Driver or interior conditions are not shown in the image.   
2. The image shows vehicles stopped before the pedestrian crossing, yielding to a pedestrian.
3. The image shows a pedestrian using the crosswalk appropriately.
4. The image shows normal road condition and clear weather.
5. Loads on vehicle's rear or roof are not shown in the image.
</EVIDENCE>

<REASONING>
1. Without driver or interior conditions elements visible, driving distraction compliance cannot be assessed. 
2. All vehicles stopped before the pedestrian crossing, indicating compliance with traffic rules.  
3. The pedestrian is using the crosswalk appropriately, indicating compliance with pedestrian crossing rules.  
4. The road condition and weather appear normal, indicating compliance with road condition rules. 
5. Without cargo elements visible, vehicle load rule compliance cannot be assessed. 
</REASONING>

<DECISION>
{
  ""Driving Distraction"": ""Not Applicable"",
  ""Traffic Rules"": ""Complied"",
  ""Pedestrian Crossing"": ""Complied"",
  ""Road Condition"": ""Complied"",
  ""Vehicle Load"": ""Not Applicable""
}
</DECISION>"
25,Traffic,https://media.istockphoto.com/id/1138882521/photo/crossing-the-street-in-san-franciscos-mission-district.jpg?s=612x612&w=0&k=20&c=lAvxWIESjRZfzBYfaVFqwCJQyqZAy8Go3ajhsvovsW0=,Complied,Pedestrian Crossing,Pedestrian_Crossing_0,15,data/processed_images/traffic/Pedestrian_Crossing_0/0000015.jpg,"<RULE>
1. Drivers must avoid distractions such as animals on laps, portable devices, fatigue, or anything that impairs safe driving.  
2. Drivers must obey traffic rules including giving way at pedestrian crossings, stopping for red lights, and driving correctly on service roads.  
3. Pedestrians must only crossroads when safe and must not cause hazards by entering drivers' paths unexpectedly.  
4. Drivers must operate vehicles safely considering road conditions, weather, visibility, vehicle status, traffic, laws, and personal condition.  
5. Vehicle loads must be properly secured to prevent falling, projecting dangerously, or causing instability.  
</RULE>

<INTERPRET>
1. Check if the driver is distracted by animals, devices, fatigue, or other distractions.  
2. Assess if the driver is in compliance with traffic signs, pedestrian right-of-way, and lane rules.  
3. Determine if pedestrians are crossing safely without creating hazards.  
4. Evaluate if driving conditions and environment require caution and if they are met.  
5. Verify if the vehicle loads are not properly secured and compromising safety.  
</INTERPRET>

<PERCEPTION>
Observables: Pedestrian crossing a street at a designated pedestrian crossing; Normal road condition and clear weather
Non-Observables: Driver or interior conditions; Vehicles or traffic signs; Loads on vehicle's rear or roof
</PERCEPTION>

<EVIDENCE>
1. Driver or interior conditions are not shown in the image.   
2. Vehicles, traffic signs, or pedestrian crossings are not shown in the image.
3. The image shows a pedestrian using the crosswalk appropriately.
4. The image shows normal road condition and clear weather.
5. Loads on vehicle's rear or roof are not shown in the image.
</EVIDENCE>

<REASONING>
1. Without driver or interior conditions elements visible, driving distraction compliance cannot be assessed. 
2. Without traffic elements visible, traffic rule compliance cannot be assessed.  
3. The pedestrian is using the crosswalk appropriately, indicating compliance with pedestrian crossing rules.  
4. The road condition and weather appear normal, indicating compliance with road condition rules. 
5. Without cargo elements visible, vehicle load rule compliance cannot be assessed. 
</REASONING>

<DECISION>
{
  ""Driving Distraction"": ""Not Applicable"",
  ""Traffic Rules"": ""Not Applicable"",
  ""Pedestrian Crossing"": ""Complied"",
  ""Road Condition"": ""Complied"",
  ""Vehicle Load"": ""Not Applicable""
}
</DECISION>"
26,Traffic,https://media.istockphoto.com/id/949120374/photo/young-women-in-budapest-crossing-the-street-at-the-pedestrian-walkway.jpg?s=612x612&w=0&k=20&c=Eqv_zuhb2eaTgperi0vhOJzYCKDTHijdO3gbLvzR70Q=,Complied,Pedestrian Crossing,Pedestrian_Crossing_0,50,data/processed_images/traffic/Pedestrian_Crossing_0/0000049.jpg,"<RULE>
1. Drivers must avoid distractions such as animals on laps, portable devices, fatigue, or anything that impairs safe driving.  
2. Drivers must obey traffic rules including giving way at pedestrian crossings, stopping for red lights, and driving correctly on service roads.  
3. Pedestrians must only crossroads when safe and must not cause hazards by entering drivers' paths unexpectedly.  
4. Drivers must operate vehicles safely considering road conditions, weather, visibility, vehicle status, traffic, laws, and personal condition.  
5. Vehicle loads must be properly secured to prevent falling, projecting dangerously, or causing instability.  
</RULE>

<INTERPRET>
1. Check if the driver is distracted by animals, devices, fatigue, or other distractions.  
2. Assess if the driver is in compliance with traffic signs, pedestrian right-of-way, and lane rules.  
3. Determine if pedestrians are crossing safely without creating hazards.  
4. Evaluate if driving conditions and environment require caution and if they are met.  
5. Verify if the vehicle loads are not properly secured and compromising safety.  
</INTERPRET>

<PERCEPTION>
Observables: Pedestrian crossing a street at a designated pedestrian crossing; A vehicle stopped before the pedestrian crossing; Traffic light indicates red for vehicles; Normal road condition and clear weather
Non-Observables: Driver or interior conditions; Loads on vehicle's rear or roof
</PERCEPTION>

<EVIDENCE>
1. Driver or interior conditions are not shown in the image.   
2. The image shows a vehicle stopped before the pedestrian crossing and red traffc light, yielding to a pedestrian.
3. The image shows a pedestrian using the crosswalk appropriately.
4. The image shows normal road condition and clear weather.
5. Loads on vehicle's rear or roof are not shown in the image.
</EVIDENCE>

<REASONING>
1. Without driver or interior conditions elements visible, driving distraction compliance cannot be assessed. 
2. The vehicle stopped before the pedestrian crossing and red traffc light, indicating compliance with traffic rules.  
3. The pedestrian is using the crosswalk appropriately, indicating compliance with pedestrian crossing rules.  
4. The road condition and weather appear normal, indicating compliance with road condition rules. 
5. Without cargo elements visible, vehicle load rule compliance cannot be assessed. 
</REASONING>

<DECISION>
{
  ""Driving Distraction"": ""Not Applicable"",
  ""Traffic Rules"": ""Complied"",
  ""Pedestrian Crossing"": ""Complied"",
  ""Road Condition"": ""Complied"",
  ""Vehicle Load"": ""Not Applicable""
}
</DECISION>"
27,Traffic,https://plus.unsplash.com/premium_photo-1661671983641-8ec2c3fcd8cb?w=500&auto=format&fit=crop&q=60&ixlib=rb-4.1.0&ixid=M3wxMjA3fDB8MHxzZWFyY2h8NjF8fHBlZGVzdHJpYW4lMjB3YWxraW5nJTIwZ3JlZW4lMjBsaWdodHxlbnwwfHwwfHx8MA%3D%3D,Complied,Pedestrian Crossing,Pedestrian_Crossing_0,30,data/processed_images/traffic/Pedestrian_Crossing_0/0000030.jpg,"<RULE>
1. Drivers must avoid distractions such as animals on laps, portable devices, fatigue, or anything that impairs safe driving.  
2. Drivers must obey traffic rules including giving way at pedestrian crossings, stopping for red lights, and driving correctly on service roads.  
3. Pedestrians must only crossroads when safe and must not cause hazards by entering drivers' paths unexpectedly.  
4. Drivers must operate vehicles safely considering road conditions, weather, visibility, vehicle status, traffic, laws, and personal condition.  
5. Vehicle loads must be properly secured to prevent falling, projecting dangerously, or causing instability.  
</RULE>

<INTERPRET>
1. Check if the driver is distracted by animals, devices, fatigue, or other distractions.  
2. Assess if the driver is in compliance with traffic signs, pedestrian right-of-way, and lane rules.  
3. Determine if pedestrians are crossing safely without creating hazards.  
4. Evaluate if driving conditions and environment require caution and if they are met.  
5. Verify if the vehicle loads are not properly secured and compromising safety.  
</INTERPRET>

<PERCEPTION>
Observables: Pedestrians crossing a street at a designated pedestrian crossing; Traffic light indicates green for pedestrians and red for vehicles; Normal road condition and clear weather
Non-Observables: Driver or interior conditions; Vehicles; Loads on vehicle's rear or roof
</PERCEPTION>

<EVIDENCE>
1. Driver or interior conditions are not shown in the image.   
2. Vehicles are not shown in the image.
3. The image shows pedestrians using the crosswalk appropriately.
4. The image shows normal road condition and clear weather.
5. Loads on vehicle's rear or roof are not shown in the image.
</EVIDENCE>

<REASONING>
1. Without driver or interior conditions elements visible, driving distraction compliance cannot be assessed. 
2. Without traffic elements visible, traffic rule compliance cannot be assessed.  
3. The pedestrians are using the crosswalk appropriately, indicating compliance with pedestrian crossing rules.  
4. The road condition and weather appear normal, indicating compliance with road condition rules. 
5. Without cargo elements visible, vehicle load rule compliance cannot be assessed. 
</REASONING>

<DECISION>
{
  ""Driving Distraction"": ""Not Applicable"",
  ""Traffic Rules"": ""Not Applicable"",
  ""Pedestrian Crossing"": ""Complied"",
  ""Road Condition"": ""Complied"",
  ""Vehicle Load"": ""Not Applicable""
}
</DECISION>"
28,Traffic,https://freight.cargo.site/t/original/i/34bf443e9c7940adf00d264f4b3c422233e1dc9ef4ffcb2a31eb1adeff92be95/Stands_Cover.jpg,Complied,Pedestrian Crossing,Pedestrian_Crossing_0,9,data/processed_images/traffic/Pedestrian_Crossing_0/0000009.jpg,"<RULE>
1. Drivers must avoid distractions such as animals on laps, portable devices, fatigue, or anything that impairs safe driving.  
2. Drivers must obey traffic rules including giving way at pedestrian crossings, stopping for red lights, and driving correctly on service roads.  
3. Pedestrians must only crossroads when safe and must not cause hazards by entering drivers' paths unexpectedly.  
4. Drivers must operate vehicles safely considering road conditions, weather, visibility, vehicle status, traffic, laws, and personal condition.  
5. Vehicle loads must be properly secured to prevent falling, projecting dangerously, or causing instability.  
</RULE>

<INTERPRET>
1. Check if the driver is distracted by animals, devices, fatigue, or other distractions.  
2. Assess if the driver is in compliance with traffic signs, pedestrian right-of-way, and lane rules.  
3. Determine if pedestrians are crossing safely without creating hazards.  
4. Evaluate if driving conditions and environment require caution and if they are met.  
5. Verify if the vehicle loads are not properly secured and compromising safety.  
</INTERPRET>

<PERCEPTION>
Observables: Pedestrians standing on a sidewalk waiting to cross; A vehicle positioned past the pedestrian crossing; Normal road condition and clear weather
Non-Observables: Driver or interior conditions; Traffic signs; Loads on vehicle's rear or roof
</PERCEPTION>

<EVIDENCE>
1. Driver or interior conditions are not shown in the image.   
2. The image shows a vehicle positioned past the pedestrian crossing, making it irrelevant to the pedestrians who are about to cross.
3. The image shows pedestrians standing on a sidewalk waiting to cross.
4. The image shows normal road condition and clear weather.
5. Loads on vehicle's rear or roof are not shown in the image.
</EVIDENCE>

<REASONING>
1. Without driver or interior conditions elements visible, driving distraction compliance cannot be assessed. 
2. Without traffic elements visible, traffic rule compliance cannot be assessed.  
3. The pedestrians are using the crosswalk appropriately, indicating compliance with pedestrian crossing rules.  
4. The road condition and weather appear normal, indicating compliance with road condition rules. 
5. Without cargo elements visible, vehicle load rule compliance cannot be assessed. 
</REASONING>

<DECISION>
{
  ""Driving Distraction"": ""Not Applicable"",
  ""Traffic Rules"": ""Not Applicable"",
  ""Pedestrian Crossing"": ""Complied"",
  ""Road Condition"": ""Complied"",
  ""Vehicle Load"": ""Not Applicable""
}
</DECISION>"
29,Traffic,https://c8.alamy.com/comp/2B7MNR0/berlin-germany-januari-1-2020-people-stand-on-a-pedestrian-crossing-the-green-light-on-the-traffic-light-2B7MNR0.jpg,Complied,Pedestrian Crossing,Pedestrian_Crossing_0,10,data/processed_images/traffic/Pedestrian_Crossing_0/0000010.jpg,"<RULE>
1. Drivers must avoid distractions such as animals on laps, portable devices, fatigue, or anything that impairs safe driving.  
2. Drivers must obey traffic rules including giving way at pedestrian crossings, stopping for red lights, and driving correctly on service roads.  
3. Pedestrians must only crossroads when safe and must not cause hazards by entering drivers' paths unexpectedly.  
4. Drivers must operate vehicles safely considering road conditions, weather, visibility, vehicle status, traffic, laws, and personal condition.  
5. Vehicle loads must be properly secured to prevent falling, projecting dangerously, or causing instability.  
</RULE>

<INTERPRET>
1. Check if the driver is distracted by animals, devices, fatigue, or other distractions.  
2. Assess if the driver is in compliance with traffic signs, pedestrian right-of-way, and lane rules.  
3. Determine if pedestrians are crossing safely without creating hazards.  
4. Evaluate if driving conditions and environment require caution and if they are met.  
5. Verify if the vehicle loads are not properly secured and compromising safety.  
</INTERPRET>

<PERCEPTION>
Observables: Pedestrians crossing a street at a designated pedestrian crossing; Traffic light indicates green for pedestrians; Normal road condition and clear weather
Non-Observables: Driver or interior conditions; Vehicles or traffic signs for vehicles; Loads on vehicle's rear or roof
</PERCEPTION>

<EVIDENCE>
1. Driver or interior conditions are not shown in the image.   
2. Vehicles are not shown in the image.
3. The image shows pedestrians using the crosswalk appropriately.
4. The image shows normal road condition and clear weather.
5. Loads on vehicle's rear or roof are not shown in the image.
</EVIDENCE>

<REASONING>
1. Without driver or interior conditions elements visible, driving distraction compliance cannot be assessed. 
2. Without traffic elements visible, traffic rule compliance cannot be assessed.  
3. The pedestrians are using the crosswalk appropriately, indicating compliance with pedestrian crossing rules.  
4. The road condition and weather appear normal, indicating compliance with road condition rules. 
5. Without cargo elements visible, vehicle load rule compliance cannot be assessed. 
</REASONING>

<DECISION>
{
  ""Driving Distraction"": ""Not Applicable"",
  ""Traffic Rules"": ""Not Applicable"",
  ""Pedestrian Crossing"": ""Complied"",
  ""Road Condition"": ""Complied"",
  ""Vehicle Load"": ""Not Applicable""
}
</DECISION>"
30,Traffic,,Violated,Pedestrian Crossing,Pedestrian_Crossing_1,53,data/processed_images/traffic/Pedestrian_Crossing_1/0000051.jpg,"<RULE>
1. Drivers must avoid distractions such as animals on laps, portable devices, fatigue, or anything that impairs safe driving.  
2. Drivers must obey traffic rules including giving way at pedestrian crossings, stopping for red lights, and driving correctly on service roads.  
3. Pedestrians must only crossroads when safe and must not cause hazards by entering drivers' paths unexpectedly.  
4. Drivers must operate vehicles safely considering road conditions, weather, visibility, vehicle status, traffic, laws, and personal condition.  
5. Vehicle loads must be properly secured to prevent falling, projecting dangerously, or causing instability.  
</RULE>

<INTERPRET>
1. Check if the driver is distracted by animals, devices, fatigue, or other distractions.  
2. Assess if the driver is in compliance with traffic signs, pedestrian right-of-way, and lane rules.  
3. Determine if pedestrians are crossing safely without creating hazards.  
4. Evaluate if driving conditions and environment require caution and if they are met.  
5. Verify if the vehicle loads are not properly secured and compromising safety.  
</INTERPRET>

<PERCEPTION>
Observables: Pedestrians crossing a street at a designated pedestrian crossing; Traffic light indicates red for pedestrians; A vehicle positioned past the pedestrian crossing; Normal road condition and clear weather
Non-Observables: Driver or interior conditions; Traffic signs for vehicles; Loads on vehicle's rear or roof
</PERCEPTION>

<EVIDENCE>
1. Driver or interior conditions are not shown in the image.   
2. The image shows a vehicle positioned past the pedestrian crossing, making it irrelevant to the pedestrians who are about to cross.
3. The image shows pedestrians using the crosswalk while the pedestrian traffic light is red.
4. The image shows normal road condition and clear weather.
5. Loads on vehicle's rear or roof are not shown in the image.
</EVIDENCE>

<REASONING>
1. Without driver or interior conditions elements visible, driving distraction compliance cannot be assessed. 
2. Without traffic elements visible, traffic rule compliance cannot be assessed.  
3. The pedestrians are crossing against the red pedestrian signal, indicating a violation of pedestrian crossing rules.
4. The road condition and weather appear normal, indicating compliance with road condition rules. 
5. Without cargo elements visible, vehicle load rule compliance cannot be assessed. 
</REASONING>

<DECISION>
{
  ""Driving Distraction"": ""Not Applicable"",
  ""Traffic Rules"": ""Not Applicable"",
  ""Pedestrian Crossing"": ""Violated"",
  ""Road Condition"": ""Complied"",
  ""Vehicle Load"": ""Not Applicable""
}
</DECISION>"
31,Traffic,https://media.istockphoto.com/id/533502443/photo/teenager-text-messaging.jpg?s=612x612&w=0&k=20&c=23UqlketfkmdrrOPTvDhwz_8n6JL3xoKRpJRBVTzFLU=,Violated,Pedestrian Crossing,Pedestrian_Crossing_1,20,data/processed_images/traffic/Pedestrian_Crossing_1/0000020.jpg,"<RULE>
1. Drivers must avoid distractions such as animals on laps, portable devices, fatigue, or anything that impairs safe driving.  
2. Drivers must obey traffic rules including giving way at pedestrian crossings, stopping for red lights, and driving correctly on service roads.  
3. Pedestrians must only crossroads when safe and must not cause hazards by entering drivers' paths unexpectedly.  
4. Drivers must operate vehicles safely considering road conditions, weather, visibility, vehicle status, traffic, laws, and personal condition.  
5. Vehicle loads must be properly secured to prevent falling, projecting dangerously, or causing instability.  
</RULE>

<INTERPRET>
1. Check if the driver is distracted by animals, devices, fatigue, or other distractions.  
2. Assess if the driver is in compliance with traffic signs, pedestrian right-of-way, and lane rules.  
3. Determine if pedestrians are crossing safely without creating hazards.  
4. Evaluate if driving conditions and environment require caution and if they are met.  
5. Verify if the vehicle loads are not properly secured and compromising safety.  
</INTERPRET>

<PERCEPTION>
Observables: Pedestrian looking at a mobile device while crossing a street at a designated pedestrian crossing; Normal road condition and clear weather
Non-Observables: Driver or interior conditions; Vehicles or traffic signs for vehicles; Loads on vehicle's rear or roof
</PERCEPTION>

<EVIDENCE>
1. Driver or interior conditions are not shown in the image.   
2. Vehicles or traffic signs for vehicles are not shown in the image.
3. The image shows a pedestrian looking at a mobile device while using the crosswalk.
4. The image shows normal road condition and clear weather.
5. Loads on vehicle's rear or roof are not shown in the image.
</EVIDENCE>

<REASONING>
1. Without driver or interior conditions elements visible, driving distraction compliance cannot be assessed. 
2. Without traffic elements visible, traffic rule compliance cannot be assessed.  
3.The pedestrian is looking at a mobile device while using the crosswalk, indicating inattentiveness and a violation of pedestrian crossing rules.
4. The road condition and weather appear normal, indicating compliance with road condition rules. 
5. Without cargo elements visible, vehicle load rule compliance cannot be assessed. 
</REASONING>

<DECISION>
{
  ""Driving Distraction"": ""Not Applicable"",
  ""Traffic Rules"": ""Not Applicable"",
  ""Pedestrian Crossing"": ""Violated"",
  ""Road Condition"": ""Complied"",
  ""Vehicle Load"": ""Not Applicable""
}
</DECISION>"
32,Traffic,https://encrypted-tbn0.gstatic.com/images?q=tbn:ANd9GcT9w1XHvVMUjqRe5CdatLuU4tvf4m4-uFFCAQ&s,Violated,Pedestrian Crossing,Pedestrian_Crossing_1,36,data/processed_images/traffic/Pedestrian_Crossing_1/0000035.jpg,"<RULE>
1. Drivers must avoid distractions such as animals on laps, portable devices, fatigue, or anything that impairs safe driving.  
2. Drivers must obey traffic rules including giving way at pedestrian crossings, stopping for red lights, and driving correctly on service roads.  
3. Pedestrians must only crossroads when safe and must not cause hazards by entering drivers' paths unexpectedly.  
4. Drivers must operate vehicles safely considering road conditions, weather, visibility, vehicle status, traffic, laws, and personal condition.  
5. Vehicle loads must be properly secured to prevent falling, projecting dangerously, or causing instability.  
</RULE>

<INTERPRET>
1. Check if the driver is distracted by animals, devices, fatigue, or other distractions.  
2. Assess if the driver is in compliance with traffic signs, pedestrian right-of-way, and lane rules.  
3. Determine if pedestrians are crossing safely without creating hazards.  
4. Evaluate if driving conditions and environment require caution and if they are met.  
5. Verify if the vehicle loads are not properly secured and compromising safety.  
</INTERPRET>

<PERCEPTION>
Observables: Pedestrians crossing a street at a designated pedestrian crossing; Traffic light indicates red for pedestrians; Normal road condition and clear weather
Non-Observables: Driver or interior conditions; Vehicles or traffic signs for vehicles; Loads on vehicle's rear or roof
</PERCEPTION>

<EVIDENCE>
1. Driver or interior conditions are not shown in the image.   
2. Vehicles or traffic signs for vehicles are not shown in the image.
3. The image shows pedestrians using the crosswalk while the pedestrian traffic light is red.
4. The image shows normal road condition and clear weather.
5. Loads on vehicle's rear or roof are not shown in the image.
</EVIDENCE>

<REASONING>
1. Without driver or interior conditions elements visible, driving distraction compliance cannot be assessed. 
2. Without traffic elements visible, traffic rule compliance cannot be assessed.  
3. The pedestrians are crossing against the red pedestrian signal, indicating a violation of pedestrian crossing rules.
4. The road condition and weather appear normal, indicating compliance with road condition rules. 
5. Without cargo elements visible, vehicle load rule compliance cannot be assessed. 
</REASONING>

<DECISION>
{
  ""Driving Distraction"": ""Not Applicable"",
  ""Traffic Rules"": ""Not Applicable"",
  ""Pedestrian Crossing"": ""Violated"",
  ""Road Condition"": ""Complied"",
  ""Vehicle Load"": ""Not Applicable""
}
</DECISION>"
33,Traffic,https://st4.depositphotos.com/21607914/23781/i/380/depositphotos_237813492-stock-photo-chinese-jaywalkers-walk-road-nanjing.jpg,Violated,Pedestrian Crossing,Pedestrian_Crossing_1,44,data/processed_images/traffic/Pedestrian_Crossing_1/0000042.jpg,"<RULE>
1. Drivers must avoid distractions such as animals on laps, portable devices, fatigue, or anything that impairs safe driving.  
2. Drivers must obey traffic rules including giving way at pedestrian crossings, stopping for red lights, and driving correctly on service roads.  
3. Pedestrians must only crossroads when safe and must not cause hazards by entering drivers' paths unexpectedly.  
4. Drivers must operate vehicles safely considering road conditions, weather, visibility, vehicle status, traffic, laws, and personal condition.  
5. Vehicle loads must be properly secured to prevent falling, projecting dangerously, or causing instability.  
</RULE>

<INTERPRET>
1. Check if the driver is distracted by animals, devices, fatigue, or other distractions.  
2. Assess if the driver is in compliance with traffic signs, pedestrian right-of-way, and lane rules.  
3. Determine if pedestrians are crossing safely without creating hazards.  
4. Evaluate if driving conditions and environment require caution and if they are met.  
5. Verify if the vehicle loads are not properly secured and compromising safety.  
</INTERPRET>

<PERCEPTION>
Observables: Pedestrians crossing a street at a designated pedestrian crossing; Normal road condition and clear weather
Non-Observables: Driver or interior conditions; Vehicles or traffic signs for vehicles; Loads on vehicle's rear or roof
</PERCEPTION>

<EVIDENCE>
1. Driver or interior conditions are not shown in the image.   
2. Vehicles or traffic signs for vehicles are not shown in the image.
3. The image shows a pedestrian looking at a mobile device while using the crosswalk.
4. The image shows normal road condition and clear weather.
5. Loads on vehicle's rear or roof are not shown in the image.
</EVIDENCE>

<REASONING>
1. Without driver or interior conditions elements visible, driving distraction compliance cannot be assessed. 
2. Without traffic elements visible, traffic rule compliance cannot be assessed.  
3. The pedestrian is looking at a mobile device while using the crosswalk, indicating inattentiveness and a violation of pedestrian crossing rules.
4. The road condition and weather appear normal, indicating compliance with road condition rules. 
5. Without cargo elements visible, vehicle load rule compliance cannot be assessed. 
</REASONING>

<DECISION>
{
  ""Driving Distraction"": ""Not Applicable"",
  ""Traffic Rules"": ""Not Applicable"",
  ""Pedestrian Crossing"": ""Violated"",
  ""Road Condition"": ""Complied"",
  ""Vehicle Load"": ""Not Applicable""
}
</DECISION>"
34,Traffic,https://media.istockphoto.com/id/2156838764/photo/woman-eating-ice-cream-in-urban-setting.jpg?s=612x612&w=0&k=20&c=xav-nGRyWU4Q4oIdN6TD0w1pSkbPLdK8sLiRuXyBiak=,Violated,Pedestrian Crossing,Pedestrian_Crossing_1,23,data/processed_images/traffic/Pedestrian_Crossing_1/0000023.jpg,"<RULE>
1. Drivers must avoid distractions such as animals on laps, portable devices, fatigue, or anything that impairs safe driving.  
2. Drivers must obey traffic rules including giving way at pedestrian crossings, stopping for red lights, and driving correctly on service roads.  
3. Pedestrians must only crossroads when safe and must not cause hazards by entering drivers' paths unexpectedly.  
4. Drivers must operate vehicles safely considering road conditions, weather, visibility, vehicle status, traffic, laws, and personal condition.  
5. Vehicle loads must be properly secured to prevent falling, projecting dangerously, or causing instability.  
</RULE>

<INTERPRET>
1. Check if the driver is distracted by animals, devices, fatigue, or other distractions.  
2. Assess if the driver is in compliance with traffic signs, pedestrian right-of-way, and lane rules.  
3. Determine if pedestrians are crossing safely without creating hazards.  
4. Evaluate if driving conditions and environment require caution and if they are met.  
5. Verify if the vehicle loads are not properly secured and compromising safety.  
</INTERPRET>

<PERCEPTION>
Observables: Pedestrian holding an ice-cream cone and talking on a mobile device while crossing the street at a designated pedestrian crossing; Vehicles positioned past the pedestrian crossing; Normal road condition and clear weather
Non-Observables: Driver or interior conditions; Traffic signs for vehicles; Loads on vehicle's rear or roof
</PERCEPTION>

<EVIDENCE>
1. Driver or interior conditions are not shown in the image.   
2. The image shows a vehicle positioned past the pedestrian crossing, making it irrelevant to the pedestrians who are about to cross.
3. The image shows a pedestrian holding an ice-cream cone and talking on a mobile device while using the crosswalk.
4. The image shows normal road condition and clear weather.
5. Loads on vehicle's rear or roof are not shown in the image.
</EVIDENCE>

<REASONING>
1. Without driver or interior conditions elements visible, driving distraction compliance cannot be assessed. 
2. Without traffic elements visible, traffic rule compliance cannot be assessed.  
3. The pedestrian is holding an ice-cream cone and talking on a mobile device while using the crosswalk, indicating inattentiveness and a violation of pedestrian crossing rules.
4. The road condition and weather appear normal, indicating compliance with road condition rules. 
5. Without cargo elements visible, vehicle load rule compliance cannot be assessed. 
</REASONING>

<DECISION>
{
  ""Driving Distraction"": ""Not Applicable"",
  ""Traffic Rules"": ""Not Applicable"",
  ""Pedestrian Crossing"": ""Violated"",
  ""Road Condition"": ""Complied"",
  ""Vehicle Load"": ""Not Applicable""
}
</DECISION>"
35,Traffic,https://st4.depositphotos.com/21607914/23781/i/380/depositphotos_237818180-stock-photo-file-chinese-jaywalkers-walk-road.jpg,Violated,Pedestrian Crossing,Pedestrian_Crossing_1,45,data/processed_images/traffic/Pedestrian_Crossing_1/0000043.jpg,"<RULE>
1. Drivers must avoid distractions such as animals on laps, portable devices, fatigue, or anything that impairs safe driving.  
2. Drivers must obey traffic rules including giving way at pedestrian crossings, stopping for red lights, and driving correctly on service roads.  
3. Pedestrians must only crossroads when safe and must not cause hazards by entering drivers' paths unexpectedly.  
4. Drivers must operate vehicles safely considering road conditions, weather, visibility, vehicle status, traffic, laws, and personal condition.  
5. Vehicle loads must be properly secured to prevent falling, projecting dangerously, or causing instability.  
</RULE>

<INTERPRET>
1. Check if the driver is distracted by animals, devices, fatigue, or other distractions.  
2. Assess if the driver is in compliance with traffic signs, pedestrian right-of-way, and lane rules.  
3. Determine if pedestrians are crossing safely without creating hazards.  
4. Evaluate if driving conditions and environment require caution and if they are met.  
5. Verify if the vehicle loads are not properly secured and compromising safety.  
</INTERPRET>

<PERCEPTION>
Observables: Pedestrian looking on a mobile device while crossing the street at a designated pedestrian crossing; Vehicles positioned past the pedestrian crossing; Normal road condition and clear weather
Non-Observables: Driver or interior conditions; Traffic signs for vehicles; Loads on vehicle's rear or roof
</PERCEPTION>

<EVIDENCE>
1. Driver or interior conditions are not shown in the image.   
2. The image shows a vehicle positioned past the pedestrian crossing, making it irrelevant to the pedestrians who are about to cross.
3. The image shows a pedestrian looking on a mobile device while using the crosswalk.
4. The image shows normal road condition and clear weather.
5. Loads on vehicle's rear or roof are not shown in the image.
</EVIDENCE>

<REASONING>
1. Without driver or interior conditions elements visible, driving distraction compliance cannot be assessed. 
2. Without traffic elements visible, traffic rule compliance cannot be assessed.  
3. The pedestrian is looking on a mobile device while using the crosswalk, indicating inattentiveness and a violation of pedestrian crossing rules.
4. The road condition and weather appear normal, indicating compliance with road condition rules. 
5. Without cargo elements visible, vehicle load rule compliance cannot be assessed. 
</REASONING>

<DECISION>
{
  ""Driving Distraction"": ""Not Applicable"",
  ""Traffic Rules"": ""Not Applicable"",
  ""Pedestrian Crossing"": ""Violated"",
  ""Road Condition"": ""Complied"",
  ""Vehicle Load"": ""Not Applicable""
}
</DECISION>"
36,Traffic,https://media.istockphoto.com/id/1278097812/photo/girl-crossing-the-street-while-the-stoplight-is-showing-the-red-man-pedestrian-jaywalking.jpg?s=612x612&w=0&k=20&c=PhNm6vhD91IkWs2A37aGiCFeD7wO_nf5W2rD3W3zuQ0=,Violated,Pedestrian Crossing,Pedestrian_Crossing_1,30,data/processed_images/traffic/Pedestrian_Crossing_1/0000029.jpg,"<RULE>
1. Drivers must avoid distractions such as animals on laps, portable devices, fatigue, or anything that impairs safe driving.  
2. Drivers must obey traffic rules including giving way at pedestrian crossings, stopping for red lights, and driving correctly on service roads.  
3. Pedestrians must only crossroads when safe and must not cause hazards by entering drivers' paths unexpectedly.  
4. Drivers must operate vehicles safely considering road conditions, weather, visibility, vehicle status, traffic, laws, and personal condition.  
5. Vehicle loads must be properly secured to prevent falling, projecting dangerously, or causing instability.  
</RULE>

<INTERPRET>
1. Check if the driver is distracted by animals, devices, fatigue, or other distractions.  
2. Assess if the driver is in compliance with traffic signs, pedestrian right-of-way, and lane rules.  
3. Determine if pedestrians are crossing safely without creating hazards.  
4. Evaluate if driving conditions and environment require caution and if they are met.  
5. Verify if the vehicle loads are not properly secured and compromising safety.  
</INTERPRET>

<PERCEPTION>
Observables: Pedestrians crossing a street at a designated pedestrian crossing; Traffic light indicates red for pedestrians; Normal road condition and clear weather
Non-Observables: Driver or interior conditions; Vehicles or traffic signs for vehicles; Loads on vehicle's rear or roof
</PERCEPTION>

<EVIDENCE>
1. Driver or interior conditions are not shown in the image.   
2. Vehicles or traffic signs for vehicles are not shown in the image.
3. The image shows pedestrians using the crosswalk while the pedestrian traffic light is red.
4. The image shows normal road condition and clear weather.
5. Loads on vehicle's rear or roof are not shown in the image.
</EVIDENCE>

<REASONING>
1. Without driver or interior conditions elements visible, driving distraction compliance cannot be assessed. 
2. Without traffic elements visible, traffic rule compliance cannot be assessed.  
3. The pedestrians are crossing against the red pedestrian signal, indicating a violation of pedestrian crossing rules.
4. The road condition and weather appear normal, indicating compliance with road condition rules. 
5. Without cargo elements visible, vehicle load rule compliance cannot be assessed. 
</REASONING>

<DECISION>
{
  ""Driving Distraction"": ""Not Applicable"",
  ""Traffic Rules"": ""Not Applicable"",
  ""Pedestrian Crossing"": ""Violated"",
  ""Road Condition"": ""Complied"",
  ""Vehicle Load"": ""Not Applicable""
}
</DECISION>"
37,Traffic,https://media.istockphoto.com/id/2156838758/photo/woman-strolls-with-phone-and-ice-cream.jpg?s=612x612&w=0&k=20&c=2wloP8A1JOFCsm2VAQRmqhfzWmblhpDTw8D5uGFtTcI=,Violated,Pedestrian Crossing,Pedestrian_Crossing_1,19,data/processed_images/traffic/Pedestrian_Crossing_1/0000019.jpg,"<RULE>
1. Drivers must avoid distractions such as animals on laps, portable devices, fatigue, or anything that impairs safe driving.  
2. Drivers must obey traffic rules including giving way at pedestrian crossings, stopping for red lights, and driving correctly on service roads.  
3. Pedestrians must only crossroads when safe and must not cause hazards by entering drivers' paths unexpectedly.  
4. Drivers must operate vehicles safely considering road conditions, weather, visibility, vehicle status, traffic, laws, and personal condition.  
5. Vehicle loads must be properly secured to prevent falling, projecting dangerously, or causing instability.  
</RULE>

<INTERPRET>
1. Check if the driver is distracted by animals, devices, fatigue, or other distractions.  
2. Assess if the driver is in compliance with traffic signs, pedestrian right-of-way, and lane rules.  
3. Determine if pedestrians are crossing safely without creating hazards.  
4. Evaluate if driving conditions and environment require caution and if they are met.  
5. Verify if the vehicle loads are not properly secured and compromising safety.  
</INTERPRET>

<PERCEPTION>
Observables: Pedestrian holding an ice-cream cone and looking on a mobile device while crossing the street at a designated pedestrian crossing; Normal road condition and clear weather
Non-Observables: Driver or interior conditions; Vehicles or traffic signs for vehicles; Loads on vehicle's rear or roof
</PERCEPTION>

<EVIDENCE>
1. Driver or interior conditions are not shown in the image.   
2. Vehicles or traffic signs for vehicles are not shown in the image.
3. The image shows a pedestrian holding an ice-cream cone and looking on a mobile device while using the crosswalk.
4. The image shows normal road condition and clear weather.
5. Loads on vehicle's rear or roof are not shown in the image.
</EVIDENCE>

<REASONING>
1. Without driver or interior conditions elements visible, driving distraction compliance cannot be assessed. 
2. Without traffic elements visible, traffic rule compliance cannot be assessed.  
3. The pedestrian is holding an ice-cream cone and looking on a mobile device while using the crosswalk, indicating inattentiveness and a violation of pedestrian crossing rules.
4. The road condition and weather appear normal, indicating compliance with road condition rules. 
5. Without cargo elements visible, vehicle load rule compliance cannot be assessed. 
</REASONING>

<DECISION>
{
  ""Driving Distraction"": ""Not Applicable"",
  ""Traffic Rules"": ""Not Applicable"",
  ""Pedestrian Crossing"": ""Violated"",
  ""Road Condition"": ""Complied"",
  ""Vehicle Load"": ""Not Applicable""
}
</DECISION>"
38,Traffic,https://media.istockphoto.com/id/1181241726/photo/young-man-walking-at-crosswalk-on-a-sao-paulos-street.jpg?s=612x612&w=0&k=20&c=BbYxvaMZazg6gppfk1l9Rj5Q25f6hsaA3NbBcmPdGsM=,Violated,Pedestrian Crossing,Pedestrian_Crossing_1,12,data/processed_images/traffic/Pedestrian_Crossing_1/0000012.jpg,"<RULE>
1. Drivers must avoid distractions such as animals on laps, portable devices, fatigue, or anything that impairs safe driving.  
2. Drivers must obey traffic rules including giving way at pedestrian crossings, stopping for red lights, and driving correctly on service roads.  
3. Pedestrians must only crossroads when safe and must not cause hazards by entering drivers' paths unexpectedly.  
4. Drivers must operate vehicles safely considering road conditions, weather, visibility, vehicle status, traffic, laws, and personal condition.  
5. Vehicle loads must be properly secured to prevent falling, projecting dangerously, or causing instability.  
</RULE>

<INTERPRET>
1. Check if the driver is distracted by animals, devices, fatigue, or other distractions.  
2. Assess if the driver is in compliance with traffic signs, pedestrian right-of-way, and lane rules.  
3. Determine if pedestrians are crossing safely without creating hazards.  
4. Evaluate if driving conditions and environment require caution and if they are met.  
5. Verify if the vehicle loads are not properly secured and compromising safety.  
</INTERPRET>

<PERCEPTION>
Observables: Pedestrian looking on a mobile device while crossing the street at a designated pedestrian crossing; Normal road condition and clear weather
Non-Observables: Driver or interior conditions; Vehicles or traffic signs for vehicles; Loads on vehicle's rear or roof
</PERCEPTION>

<EVIDENCE>
1. Driver or interior conditions are not shown in the image.   
2. Vehicles or traffic signs for vehicles are not shown in the image.
3. The image shows a pedestrian looking on a mobile device while using the crosswalk.
4. The image shows normal road condition and clear weather.
5. Loads on vehicle's rear or roof are not shown in the image.
</EVIDENCE>

<REASONING>
1. Without driver or interior conditions elements visible, driving distraction compliance cannot be assessed. 
2. Without traffic elements visible, traffic rule compliance cannot be assessed.  
3.The pedestrian is looking on a mobile device while using the crosswalk, indicating inattentiveness and a violation of pedestrian crossing rules.
4. The road condition and weather appear normal, indicating compliance with road condition rules. 
5. Without cargo elements visible, vehicle load rule compliance cannot be assessed. 
</REASONING>

<DECISION>
{
  ""Driving Distraction"": ""Not Applicable"",
  ""Traffic Rules"": ""Not Applicable"",
  ""Pedestrian Crossing"": ""Violated"",
  ""Road Condition"": ""Complied"",
  ""Vehicle Load"": ""Not Applicable""
}
</DECISION>"
39,Traffic,https://media.istockphoto.com/id/1181901428/photo/motivated-for-fitness.webp?b=1&s=612x612&w=0&k=20&c=QMrEKAdmVOs3ncJIkRnqQrg92br3Xq2uFutgToGkR80=,Violated,Pedestrian Crossing,Pedestrian_Crossing_1,26,data/processed_images/traffic/Pedestrian_Crossing_1/0000025.jpg,"<RULE>
1. Drivers must avoid distractions such as animals on laps, portable devices, fatigue, or anything that impairs safe driving.  
2. Drivers must obey traffic rules including giving way at pedestrian crossings, stopping for red lights, and driving correctly on service roads.  
3. Pedestrians must only crossroads when safe and must not cause hazards by entering drivers' paths unexpectedly.  
4. Drivers must operate vehicles safely considering road conditions, weather, visibility, vehicle status, traffic, laws, and personal condition.  
5. Vehicle loads must be properly secured to prevent falling, projecting dangerously, or causing instability.  
</RULE>

<INTERPRET>
1. Check if the driver is distracted by animals, devices, fatigue, or other distractions.  
2. Assess if the driver is in compliance with traffic signs, pedestrian right-of-way, and lane rules.  
3. Determine if pedestrians are crossing safely without creating hazards.  
4. Evaluate if driving conditions and environment require caution and if they are met.  
5. Verify if the vehicle loads are not properly secured and compromising safety.  
</INTERPRET>

<PERCEPTION>
Observables: Pedestrians looking on a mobile device while crossing the street at a designated pedestrian crossing; Normal road condition and clear weather
Non-Observables: Driver or interior conditions; Vehicles or traffic signs for vehicles; Loads on vehicle's rear or roof
</PERCEPTION>

<EVIDENCE>
1. Driver or interior conditions are not shown in the image.   
2. Vehicles or traffic signs for vehicles are not shown in the image.
3. The image shows a pedestrians are looking on a mobile device while using the crosswalk.
4. The image shows normal road condition and clear weather.
5. Loads on vehicle's rear or roof are not shown in the image.
</EVIDENCE>

<REASONING>
1. Without driver or interior conditions elements visible, driving distraction compliance cannot be assessed. 
2. Without traffic elements visible, traffic rule compliance cannot be assessed.  
3.The pedestrians are looking on a mobile device while using the crosswalk, indicating inattentiveness and a violation of pedestrian crossing rules.
4. The road condition and weather appear normal, indicating compliance with road condition rules. 
5. Without cargo elements visible, vehicle load rule compliance cannot be assessed. 
</REASONING>

<DECISION>
{
  ""Driving Distraction"": ""Not Applicable"",
  ""Traffic Rules"": ""Not Applicable"",
  ""Pedestrian Crossing"": ""Violated"",
  ""Road Condition"": ""Complied"",
  ""Vehicle Load"": ""Not Applicable""
}
</DECISION>"
40,Traffic,https://media.istockphoto.com/id/1226412091/photo/circular-quay-ferry-terminal-emptied.jpg?s=612x612&w=0&k=20&c=megYWF8JZ1wUV0Yu9WuT1TA9CwBuKkYL8cmJV8A6heg=,Complied,Road Condition,Road_Condition_0,24,data/processed_images/traffic/Road_Condition_0/0000024.jpg,"<RULE>
1. Drivers must avoid distractions such as animals on laps, portable devices, fatigue, or anything that impairs safe driving.  
2. Drivers must obey traffic rules including giving way at pedestrian crossings, stopping for red lights, and driving correctly on service roads.  
3. Pedestrians must only crossroads when safe and must not cause hazards by entering drivers' paths unexpectedly.  
4. Drivers must operate vehicles safely considering road conditions, weather, visibility, vehicle status, traffic, laws, and personal condition.  
5. Vehicle loads must be properly secured to prevent falling, projecting dangerously, or causing instability.  
</RULE>

<INTERPRET>
1. Check if the driver is distracted by animals, devices, fatigue, or other distractions.  
2. Assess if the driver is in compliance with traffic signs, pedestrian right-of-way, and lane rules.  
3. Determine if pedestrians are crossing safely without creating hazards.  
4. Evaluate if driving conditions and environment require caution and if they are met.  
5. Verify if the vehicle loads are not properly secured and compromising safety.  
</INTERPRET>

<PERCEPTION>
Observables: Normal road condition and clear weather
Non-Observables: Driver or interior conditions; Vehicles or traffic signs for vehicles; Pedestrians; Loads on vehicle's rear or roof
</PERCEPTION>

<EVIDENCE>
1. Driver or interior conditions are not shown in the image.   
2. Vehicles or traffic signs for vehicles are not shown in the image.
3. Pedestrians are not shown in the image.
4. The image shows normal road condition and clear weather.
5. Loads on vehicle's rear or roof are not shown in the image.
</EVIDENCE>

<REASONING>
1. Without driver or interior conditions elements visible, driving distraction compliance cannot be assessed. 
2. Without traffic elements visible, traffic rule compliance cannot be assessed.  
3. Without pedestrian elements visible, pedestrian crossing rule compliance cannot be assessed.  
4. The road condition and weather appear normal, indicating compliance with road condition rules. 
5. Without cargo elements visible, vehicle load rule compliance cannot be assessed. 
</REASONING>

<DECISION>
{
  ""Driving Distraction"": ""Not Applicable"",
  ""Traffic Rules"": ""Not Applicable"",
  ""Pedestrian Crossing"": ""Not Applicable"",
  ""Road Condition"": ""Complied"",
  ""Vehicle Load"": ""Not Applicable""
}
</DECISION>"
41,Traffic,https://st.depositphotos.com/6570854/53660/i/450/depositphotos_536607132-stock-photo-roads-australia-victoria-suburb-melbourne.jpg,Complied,Road Condition,Road_Condition_0,29,data/processed_images/traffic/Road_Condition_0/0000029.jpg,"<RULE>
1. Drivers must avoid distractions such as animals on laps, portable devices, fatigue, or anything that impairs safe driving.  
2. Drivers must obey traffic rules including giving way at pedestrian crossings, stopping for red lights, and driving correctly on service roads.  
3. Pedestrians must only crossroads when safe and must not cause hazards by entering drivers' paths unexpectedly.  
4. Drivers must operate vehicles safely considering road conditions, weather, visibility, vehicle status, traffic, laws, and personal condition.  
5. Vehicle loads must be properly secured to prevent falling, projecting dangerously, or causing instability.  
</RULE>

<INTERPRET>
1. Check if the driver is distracted by animals, devices, fatigue, or other distractions.  
2. Assess if the driver is in compliance with traffic signs, pedestrian right-of-way, and lane rules.  
3. Determine if pedestrians are crossing safely without creating hazards.  
4. Evaluate if driving conditions and environment require caution and if they are met.  
5. Verify if the vehicle loads are not properly secured and compromising safety.  
</INTERPRET>

<PERCEPTION>
Observables: A vehicle traveling normally along the road; Normal road condition and clear weather
Non-Observables: Driver or interior conditions; Traffic signs for vehicles; Pedestrians; Loads on vehicle's rear or roof
</PERCEPTION>

<EVIDENCE>
1. Driver or interior conditions are not shown in the image.   
2. The image shows a vehicle traveling normally along the road.
3. Pedestrians are not shown in the image.
4. The image shows normal road condition and clear weather.
5. Loads on vehicle's rear or roof are not shown in the image.
</EVIDENCE>

<REASONING>
1. Without driver or interior conditions elements visible, driving distraction compliance cannot be assessed. 
2. The vehicle is traveling normally along the road, indicating compliance with traffic rules,
3. Without pedestrian elements visible, pedestrian crossing rule compliance cannot be assessed.  
4. The road condition and weather appear normal, indicating compliance with road condition rules. 
5. Without cargo elements visible, vehicle load rule compliance cannot be assessed. 
</REASONING>

<DECISION>
{
  ""Driving Distraction"": ""Not Applicable"",
  ""Traffic Rules"": ""Complied"",
  ""Pedestrian Crossing"": ""Not Applicable"",
  ""Road Condition"": ""Complied"",
  ""Vehicle Load"": ""Not Applicable""
}
</DECISION>"
42,Traffic,https://worksafetci.com/wp-content/uploads/shutterstock_2177448265.jpg,Complied,Road Condition,Road_Condition_0,1,data/processed_images/traffic/Road_Condition_0/0000001.jpg,"<RULE>
1. Drivers must avoid distractions such as animals on laps, portable devices, fatigue, or anything that impairs safe driving.  
2. Drivers must obey traffic rules including giving way at pedestrian crossings, stopping for red lights, and driving correctly on service roads.  
3. Pedestrians must only crossroads when safe and must not cause hazards by entering drivers' paths unexpectedly.  
4. Drivers must operate vehicles safely considering road conditions, weather, visibility, vehicle status, traffic, laws, and personal condition.  
5. Vehicle loads must be properly secured to prevent falling, projecting dangerously, or causing instability.  
</RULE>

<INTERPRET>
1. Check if the driver is distracted by animals, devices, fatigue, or other distractions.  
2. Assess if the driver is in compliance with traffic signs, pedestrian right-of-way, and lane rules.  
3. Determine if pedestrians are crossing safely without creating hazards.  
4. Evaluate if driving conditions and environment require caution and if they are met.  
5. Verify if the vehicle loads are not properly secured and compromising safety.  
</INTERPRET>

<PERCEPTION>
Observables: Normal road condition and clear weather
Non-Observables: Driver or interior conditions; Vehicles or traffic signs for vehicles; Pedestrians; Loads on vehicle's rear or roof
</PERCEPTION>

<EVIDENCE>
1. Driver or interior conditions are not shown in the image.   
2. Vehicles or traffic signs for vehicles are not shown in the image.
3. Pedestrians are not shown in the image.
4. The image shows normal road condition and clear weather.
5. Loads on vehicle's rear or roof are not shown in the image.
</EVIDENCE>

<REASONING>
1. Without driver or interior conditions elements visible, driving distraction compliance cannot be assessed. 
2. Without traffic elements visible, traffic rule compliance cannot be assessed.  
3. Without pedestrian elements visible, pedestrian crossing rule compliance cannot be assessed.  
4. The road condition and weather appear normal, indicating compliance with road condition rules. 
5. Without cargo elements visible, vehicle load rule compliance cannot be assessed. 
</REASONING>

<DECISION>
{
  ""Driving Distraction"": ""Not Applicable"",
  ""Traffic Rules"": ""Not Applicable"",
  ""Pedestrian Crossing"": ""Not Applicable"",
  ""Road Condition"": ""Complied"",
  ""Vehicle Load"": ""Not Applicable""
}
</DECISION>"
43,Traffic,https://st4.depositphotos.com/2843107/25659/i/450/depositphotos_256595566-stock-photo-australia-wa-perth.jpg,Complied,Road Condition,Road_Condition_0,37,data/processed_images/traffic/Road_Condition_0/0000037.jpg,"<RULE>
1. Drivers must avoid distractions such as animals on laps, portable devices, fatigue, or anything that impairs safe driving.  
2. Drivers must obey traffic rules including giving way at pedestrian crossings, stopping for red lights, and driving correctly on service roads.  
3. Pedestrians must only crossroads when safe and must not cause hazards by entering drivers' paths unexpectedly.  
4. Drivers must operate vehicles safely considering road conditions, weather, visibility, vehicle status, traffic, laws, and personal condition.  
5. Vehicle loads must be properly secured to prevent falling, projecting dangerously, or causing instability.  
</RULE>

<INTERPRET>
1. Check if the driver is distracted by animals, devices, fatigue, or other distractions.  
2. Assess if the driver is in compliance with traffic signs, pedestrian right-of-way, and lane rules.  
3. Determine if pedestrians are crossing safely without creating hazards.  
4. Evaluate if driving conditions and environment require caution and if they are met.  
5. Verify if the vehicle loads are not properly secured and compromising safety.  
</INTERPRET>

<PERCEPTION>
Observables: Vehicles traveling normally along the road; Normal road condition and clear weather
Non-Observables: Driver or interior conditions; Traffic signs for vehicles; Pedestrians; Loads on vehicle's rear or roof
</PERCEPTION>

<EVIDENCE>
1. Driver or interior conditions are not shown in the image.   
2. The image shows vehicles traveling normally along the road.
3. Pedestrians are not shown in the image.
4. The image shows normal road condition and clear weather.
5. Loads on vehicle's rear or roof are not shown in the image.
</EVIDENCE>

<REASONING>
1. Without driver or interior conditions elements visible, driving distraction compliance cannot be assessed. 
2. All vehicles are traveling normally along the road, indicating compliance with traffic rules,
3. Without pedestrian elements visible, pedestrian crossing rule compliance cannot be assessed.  
4. The road condition and weather appear normal, indicating compliance with road condition rules. 
5. Without cargo elements visible, vehicle load rule compliance cannot be assessed. 
</REASONING>

<DECISION>
{
  ""Driving Distraction"": ""Not Applicable"",
  ""Traffic Rules"": ""Complied"",
  ""Pedestrian Crossing"": ""Not Applicable"",
  ""Road Condition"": ""Complied"",
  ""Vehicle Load"": ""Not Applicable""
}
</DECISION>"
44,Traffic,https://media.istockphoto.com/id/2151065259/photo/a-view-along-high-street-northcote-from-an-area-called-the-westgarth-village-towards-ruckers.jpg?s=612x612&w=0&k=20&c=5HT07wCCTtRj-V03Db8By3e85P2s4cMfgjfPzUM1-p4=,Complied,Road Condition,Road_Condition_0,15,data/processed_images/traffic/Road_Condition_0/0000015.jpg,"<RULE>
1. Drivers must avoid distractions such as animals on laps, portable devices, fatigue, or anything that impairs safe driving.  
2. Drivers must obey traffic rules including giving way at pedestrian crossings, stopping for red lights, and driving correctly on service roads.  
3. Pedestrians must only crossroads when safe and must not cause hazards by entering drivers' paths unexpectedly.  
4. Drivers must operate vehicles safely considering road conditions, weather, visibility, vehicle status, traffic, laws, and personal condition.  
5. Vehicle loads must be properly secured to prevent falling, projecting dangerously, or causing instability.  
</RULE>

<INTERPRET>
1. Check if the driver is distracted by animals, devices, fatigue, or other distractions.  
2. Assess if the driver is in compliance with traffic signs, pedestrian right-of-way, and lane rules.  
3. Determine if pedestrians are crossing safely without creating hazards.  
4. Evaluate if driving conditions and environment require caution and if they are met.  
5. Verify if the vehicle loads are not properly secured and compromising safety.  
</INTERPRET>

<PERCEPTION>
Observables: Vehicles traveling normally along the road; Normal road condition and clear weather
Non-Observables: Driver or interior conditions; Traffic signs for vehicles; Pedestrians; Loads on vehicle's rear or roof
</PERCEPTION>

<EVIDENCE>
1. Driver or interior conditions are not shown in the image.   
2. The image shows vehicles traveling normally along the road.
3. Pedestrians are not shown in the image.
4. The image shows normal road condition and clear weather.
5. Loads on vehicle's rear or roof are not shown in the image.
</EVIDENCE>

<REASONING>
1. Without driver or interior conditions elements visible, driving distraction compliance cannot be assessed. 
2. All vehicles are traveling normally along the road, indicating compliance with traffic rules,
3. Without pedestrian elements visible, pedestrian crossing rule compliance cannot be assessed.  
4. The road condition and weather appear normal, indicating compliance with road condition rules. 
5. Without cargo elements visible, vehicle load rule compliance cannot be assessed. 
</REASONING>

<DECISION>
{
  ""Driving Distraction"": ""Not Applicable"",
  ""Traffic Rules"": ""Complied"",
  ""Pedestrian Crossing"": ""Not Applicable"",
  ""Road Condition"": ""Complied"",
  ""Vehicle Load"": ""Not Applicable""
}
</DECISION>"
45,Traffic,https://media.istockphoto.com/id/2178353298/photo/a-road-with-a-white-line-down-the-middle-and-a-yellow-line-on-the-side.jpg?s=612x612&w=0&k=20&c=pqIhn96bLGu2jqyVNpkw8TtaEyDR2_L1cow82kwIf3s=,Complied,Road Condition,Road_Condition_0,19,data/processed_images/traffic/Road_Condition_0/0000019.jpg,"<RULE>
1. Drivers must avoid distractions such as animals on laps, portable devices, fatigue, or anything that impairs safe driving.  
2. Drivers must obey traffic rules including giving way at pedestrian crossings, stopping for red lights, and driving correctly on service roads.  
3. Pedestrians must only crossroads when safe and must not cause hazards by entering drivers' paths unexpectedly.  
4. Drivers must operate vehicles safely considering road conditions, weather, visibility, vehicle status, traffic, laws, and personal condition.  
5. Vehicle loads must be properly secured to prevent falling, projecting dangerously, or causing instability.  
</RULE>

<INTERPRET>
1. Check if the driver is distracted by animals, devices, fatigue, or other distractions.  
2. Assess if the driver is in compliance with traffic signs, pedestrian right-of-way, and lane rules.  
3. Determine if pedestrians are crossing safely without creating hazards.  
4. Evaluate if driving conditions and environment require caution and if they are met.  
5. Verify if the vehicle loads are not properly secured and compromising safety.  
</INTERPRET>

<PERCEPTION>
Observables: Normal road condition and clear weather
Non-Observables: Driver or interior conditions; Vehicles or traffic signs for vehicles; Pedestrians; Loads on vehicle's rear or roof
</PERCEPTION>

<EVIDENCE>
1. Driver or interior conditions are not shown in the image.   
2. Vehicles or traffic signs for vehicles are not shown in the image.
3. Pedestrians are not shown in the image.
4. The image shows normal road condition and clear weather.
5. Loads on vehicle's rear or roof are not shown in the image.
</EVIDENCE>

<REASONING>
1. Without driver or interior conditions elements visible, driving distraction compliance cannot be assessed. 
2. Without traffic elements visible, traffic rule compliance cannot be assessed.  
3. Without pedestrian elements visible, pedestrian crossing rule compliance cannot be assessed.  
4. The road condition and weather appear normal, indicating compliance with road condition rules. 
5. Without cargo elements visible, vehicle load rule compliance cannot be assessed. 
</REASONING>

<DECISION>
{
  ""Driving Distraction"": ""Not Applicable"",
  ""Traffic Rules"": ""Not Applicable"",
  ""Pedestrian Crossing"": ""Not Applicable"",
  ""Road Condition"": ""Complied"",
  ""Vehicle Load"": ""Not Applicable""
}
</DECISION>"
46,Traffic,https://images.unsplash.com/photo-1589828155685-83225f7d91f3?fm=jpg&q=60&w=3000&ixlib=rb-4.1.0&ixid=M3wxMjA3fDB8MHxzZWFyY2h8Mnx8cm9hZCUyMHdpdGglMjBjYXJzfGVufDB8fDB8fHww,Complied,Road Condition,Road_Condition_0,5,data/processed_images/traffic/Road_Condition_0/0000005.jpg,"<RULE>
1. Drivers must avoid distractions such as animals on laps, portable devices, fatigue, or anything that impairs safe driving.  
2. Drivers must obey traffic rules including giving way at pedestrian crossings, stopping for red lights, and driving correctly on service roads.  
3. Pedestrians must only crossroads when safe and must not cause hazards by entering drivers' paths unexpectedly.  
4. Drivers must operate vehicles safely considering road conditions, weather, visibility, vehicle status, traffic, laws, and personal condition.  
5. Vehicle loads must be properly secured to prevent falling, projecting dangerously, or causing instability.  
</RULE>

<INTERPRET>
1. Check if the driver is distracted by animals, devices, fatigue, or other distractions.  
2. Assess if the driver is in compliance with traffic signs, pedestrian right-of-way, and lane rules.  
3. Determine if pedestrians are crossing safely without creating hazards.  
4. Evaluate if driving conditions and environment require caution and if they are met.  
5. Verify if the vehicle loads are not properly secured and compromising safety.  
</INTERPRET>

<PERCEPTION>
Observables: Vehicles traveling normally along the road; Normal road condition and clear weather
Non-Observables: Driver or interior conditions; Traffic signs for vehicles; Pedestrians; Loads on vehicle's rear or roof
</PERCEPTION>

<EVIDENCE>
1. Driver or interior conditions are not shown in the image.   
2. The image shows vehicles traveling normally along the road.
3. Pedestrians are not shown in the image.
4. The image shows normal road condition and clear weather.
5. Loads on vehicle's rear or roof are not shown in the image.
</EVIDENCE>

<REASONING>
1. Without driver or interior conditions elements visible, driving distraction compliance cannot be assessed. 
2. All vehicles are traveling normally along the road, indicating compliance with traffic rules,
3. Without pedestrian elements visible, pedestrian crossing rule compliance cannot be assessed.  
4. The road condition and weather appear normal, indicating compliance with road condition rules. 
5. Without cargo elements visible, vehicle load rule compliance cannot be assessed. 
</REASONING>

<DECISION>
{
  ""Driving Distraction"": ""Not Applicable"",
  ""Traffic Rules"": ""Complied"",
  ""Pedestrian Crossing"": ""Not Applicable"",
  ""Road Condition"": ""Complied"",
  ""Vehicle Load"": ""Not Applicable""
}
</DECISION>"
47,Traffic,https://static01.nyt.com/images/2012/04/13/arts/13JPDRIVE1/13JPDRIVE1-superJumbo.jpg,Complied,Road Condition,Road_Condition_0,4,data/processed_images/traffic/Road_Condition_0/0000004.jpg,"<RULE>
1. Drivers must avoid distractions such as animals on laps, portable devices, fatigue, or anything that impairs safe driving.  
2. Drivers must obey traffic rules including giving way at pedestrian crossings, stopping for red lights, and driving correctly on service roads.  
3. Pedestrians must only crossroads when safe and must not cause hazards by entering drivers' paths unexpectedly.  
4. Drivers must operate vehicles safely considering road conditions, weather, visibility, vehicle status, traffic, laws, and personal condition.  
5. Vehicle loads must be properly secured to prevent falling, projecting dangerously, or causing instability.  
</RULE>

<INTERPRET>
1. Check if the driver is distracted by animals, devices, fatigue, or other distractions.  
2. Assess if the driver is in compliance with traffic signs, pedestrian right-of-way, and lane rules.  
3. Determine if pedestrians are crossing safely without creating hazards.  
4. Evaluate if driving conditions and environment require caution and if they are met.  
5. Verify if the vehicle loads are not properly secured and compromising safety.  
</INTERPRET>

<PERCEPTION>
Observables: Vehicles traveling normally along the road; Normal road condition and clear weather
Non-Observables: Driver or interior conditions; Traffic signs for vehicles; Pedestrians; Loads on vehicle's rear or roof
</PERCEPTION>

<EVIDENCE>
1. Driver or interior conditions are not shown in the image.   
2. The image shows vehicles traveling normally along the road.
3. Pedestrians are not shown in the image.
4. The image shows normal road condition and clear weather.
5. Loads on vehicle's rear or roof are not shown in the image.
</EVIDENCE>

<REASONING>
1. Without driver or interior conditions elements visible, driving distraction compliance cannot be assessed. 
2. All vehicles are traveling normally along the road, indicating compliance with traffic rules,
3. Without pedestrian elements visible, pedestrian crossing rule compliance cannot be assessed.  
4. The road condition and weather appear normal, indicating compliance with road condition rules. 
5. Without cargo elements visible, vehicle load rule compliance cannot be assessed. 
</REASONING>

<DECISION>
{
  ""Driving Distraction"": ""Not Applicable"",
  ""Traffic Rules"": ""Complied"",
  ""Pedestrian Crossing"": ""Not Applicable"",
  ""Road Condition"": ""Complied"",
  ""Vehicle Load"": ""Not Applicable""
}
</DECISION>"
48,Traffic,https://media.istockphoto.com/id/1147785858/photo/road.jpg?s=612x612&w=0&k=20&c=gFx0MjOKF5vTbIO43QnfcjrSH5rkl9ZUpk8nvjRPGFk=,Complied,Road Condition,Road_Condition_0,45,data/processed_images/traffic/Road_Condition_0/0000045.jpg,"<RULE>
1. Drivers must avoid distractions such as animals on laps, portable devices, fatigue, or anything that impairs safe driving.  
2. Drivers must obey traffic rules including giving way at pedestrian crossings, stopping for red lights, and driving correctly on service roads.  
3. Pedestrians must only crossroads when safe and must not cause hazards by entering drivers' paths unexpectedly.  
4. Drivers must operate vehicles safely considering road conditions, weather, visibility, vehicle status, traffic, laws, and personal condition.  
5. Vehicle loads must be properly secured to prevent falling, projecting dangerously, or causing instability.  
</RULE>

<INTERPRET>
1. Check if the driver is distracted by animals, devices, fatigue, or other distractions.  
2. Assess if the driver is in compliance with traffic signs, pedestrian right-of-way, and lane rules.  
3. Determine if pedestrians are crossing safely without creating hazards.  
4. Evaluate if driving conditions and environment require caution and if they are met.  
5. Verify if the vehicle loads are not properly secured and compromising safety.  
</INTERPRET>

<PERCEPTION>
Observables: Normal road condition and clear weather
Non-Observables: Driver or interior conditions; Vehicles or traffic signs for vehicles; Pedestrians; Loads on vehicle's rear or roof
</PERCEPTION>

<EVIDENCE>
1. Driver or interior conditions are not shown in the image.   
2. Vehicles or traffic signs for vehicles are not shown in the image.
3. Pedestrians are not shown in the image.
4. The image shows normal road condition and clear weather.
5. Loads on vehicle's rear or roof are not shown in the image.
</EVIDENCE>

<REASONING>
1. Without driver or interior conditions elements visible, driving distraction compliance cannot be assessed. 
2. Without traffic elements visible, traffic rule compliance cannot be assessed.  
3. Without pedestrian elements visible, pedestrian crossing rule compliance cannot be assessed.  
4. The road condition and weather appear normal, indicating compliance with road condition rules. 
5. Without cargo elements visible, vehicle load rule compliance cannot be assessed. 
</REASONING>

<DECISION>
{
  ""Driving Distraction"": ""Not Applicable"",
  ""Traffic Rules"": ""Not Applicable"",
  ""Pedestrian Crossing"": ""Not Applicable"",
  ""Road Condition"": ""Complied"",
  ""Vehicle Load"": ""Not Applicable""
}
</DECISION>"
49,Traffic,https://media.istockphoto.com/id/1248118439/photo/road-on-the-island-of-tasmania.jpg?s=612x612&w=0&k=20&c=KwIdpCoW3bZYUlMIgxJbTDLnK-qjy2QNdk1djLN32Oc=,Complied,Road Condition,Road_Condition_0,14,data/processed_images/traffic/Road_Condition_0/0000014.jpg,"<RULE>
1. Drivers must avoid distractions such as animals on laps, portable devices, fatigue, or anything that impairs safe driving.  
2. Drivers must obey traffic rules including giving way at pedestrian crossings, stopping for red lights, and driving correctly on service roads.  
3. Pedestrians must only crossroads when safe and must not cause hazards by entering drivers' paths unexpectedly.  
4. Drivers must operate vehicles safely considering road conditions, weather, visibility, vehicle status, traffic, laws, and personal condition.  
5. Vehicle loads must be properly secured to prevent falling, projecting dangerously, or causing instability.  
</RULE>

<INTERPRET>
1. Check if the driver is distracted by animals, devices, fatigue, or other distractions.  
2. Assess if the driver is in compliance with traffic signs, pedestrian right-of-way, and lane rules.  
3. Determine if pedestrians are crossing safely without creating hazards.  
4. Evaluate if driving conditions and environment require caution and if they are met.  
5. Verify if the vehicle loads are not properly secured and compromising safety.  
</INTERPRET>

<PERCEPTION>
Observables: Normal road condition and clear weather
Non-Observables: Driver or interior conditions; Vehicles or traffic signs for vehicles; Pedestrians; Loads on vehicle's rear or roof
</PERCEPTION>

<EVIDENCE>
1. Driver or interior conditions are not shown in the image.   
2. Vehicles or traffic signs for vehicles are not shown in the image.
3. Pedestrians are not shown in the image.
4. The image shows normal road condition and clear weather.
5. Loads on vehicle's rear or roof are not shown in the image.
</EVIDENCE>

<REASONING>
1. Without driver or interior conditions elements visible, driving distraction compliance cannot be assessed. 
2. Without traffic elements visible, traffic rule compliance cannot be assessed.  
3. Without pedestrian elements visible, pedestrian crossing rule compliance cannot be assessed.  
4. The road condition and weather appear normal, indicating compliance with road condition rules. 
5. Without cargo elements visible, vehicle load rule compliance cannot be assessed. 
</REASONING>

<DECISION>
{
  ""Driving Distraction"": ""Not Applicable"",
  ""Traffic Rules"": ""Not Applicable"",
  ""Pedestrian Crossing"": ""Not Applicable"",
  ""Road Condition"": ""Complied"",
  ""Vehicle Load"": ""Not Applicable""
}
</DECISION>"
50,Traffic,https://media.istockphoto.com/id/154919588/photo/road-and-flood.jpg?s=612x612&w=0&k=20&c=q0Kiik8wDntv_P2sLL9Ic-r6yqF8um6ivzwZ-xW6rNc=,Violated,Road Condition,Road_Condition_1,57,data/processed_images/traffic/Road_Condition_1/0000057.jpg,"<RULE>
1. Drivers must avoid distractions such as animals on laps, portable devices, fatigue, or anything that impairs safe driving.  
2. Drivers must obey traffic rules including giving way at pedestrian crossings, stopping for red lights, and driving correctly on service roads.  
3. Pedestrians must only crossroads when safe and must not cause hazards by entering drivers' paths unexpectedly.  
4. Drivers must operate vehicles safely considering road conditions, weather, visibility, vehicle status, traffic, laws, and personal condition.  
5. Vehicle loads must be properly secured to prevent falling, projecting dangerously, or causing instability.  
</RULE>

<INTERPRET>
1. Check if the driver is distracted by animals, devices, fatigue, or other distractions.  
2. Assess if the driver is in compliance with traffic signs, pedestrian right-of-way, and lane rules.  
3. Determine if pedestrians are crossing safely without creating hazards.  
4. Evaluate if driving conditions and environment require caution and if they are met.  
5. Verify if the vehicle loads are not properly secured and compromising safety.  
</INTERPRET>

<PERCEPTION>
Observables: A flooded street with water covering the road
Non-Observables: Driver or interior conditions; Vehicles or traffic signs for vehicles; Pedestrians; Loads on vehicle's rear or roof
</PERCEPTION>

<EVIDENCE>
1. Driver or interior conditions are not shown in the image.   
2. Vehicles or traffic signs for vehicles are not shown in the image.
3. Pedestrians are not shown in the image.
4. The image shows a flooded street with water covering the road.
5. Loads on vehicle's rear or roof are not shown in the image.
</EVIDENCE>

<REASONING>
1. Without driver or interior conditions elements visible, driving distraction compliance cannot be assessed. 
2. Without traffic elements visible, traffic rule compliance cannot be assessed.  
3. Without pedestrian elements visible, pedestrian crossing rule compliance cannot be assessed.  
4. The flooded street presents a hazard and a violation with road condition rules. 
5. Without cargo elements visible, vehicle load rule compliance cannot be assessed. 
</REASONING>

<DECISION>
{
  ""Driving Distraction"": ""Not Applicable"",
  ""Traffic Rules"": ""Not Applicable"",
  ""Pedestrian Crossing"": ""Not Applicable"",
  ""Road Condition"": ""Violated"",
  ""Vehicle Load"": ""Not Applicable""
}
</DECISION>"
51,Traffic,https://static6.depositphotos.com/1003512/579/i/380/depositphotos_5792291-stock-photo-calves-on-the-road.jpg,Violated,Road Condition,Road_Condition_1,41,data/processed_images/traffic/Road_Condition_1/0000041.jpg,"<RULE>
1. Drivers must avoid distractions such as animals on laps, portable devices, fatigue, or anything that impairs safe driving.  
2. Drivers must obey traffic rules including giving way at pedestrian crossings, stopping for red lights, and driving correctly on service roads.  
3. Pedestrians must only crossroads when safe and must not cause hazards by entering drivers' paths unexpectedly.  
4. Drivers must operate vehicles safely considering road conditions, weather, visibility, vehicle status, traffic, laws, and personal condition.  
5. Vehicle loads must be properly secured to prevent falling, projecting dangerously, or causing instability.  
</RULE>

<INTERPRET>
1. Check if the driver is distracted by animals, devices, fatigue, or other distractions.  
2. Assess if the driver is in compliance with traffic signs, pedestrian right-of-way, and lane rules.  
3. Determine if pedestrians are crossing safely without creating hazards.  
4. Evaluate if driving conditions and environment require caution and if they are met.  
5. Verify if the vehicle loads are not properly secured and compromising safety.  
</INTERPRET>

<PERCEPTION>
Observables: A calf standing in the middle of a road
Non-Observables: Driver or interior conditions; Vehicles or traffic signs for vehicles; Pedestrians; Loads on vehicle's rear or roof
</PERCEPTION>

<EVIDENCE>
1. Driver or interior conditions are not shown in the image. 
2. Vehicles or traffic signs for vehicles are not shown in the image.
3. Pedestrians are not shown in the image.
4. The image shows a calf standing in the middle of a road.
5. Loads on vehicle's rear or roof are not shown in the image.
</EVIDENCE>

<REASONING>
1. Without driver or interior conditions elements visible, driving distraction compliance cannot be assessed. 
2. Without traffic elements visible, traffic rule compliance cannot be assessed.  
3. Without pedestrian elements visible, pedestrian crossing rule compliance cannot be assessed.  
4. A calf standing in the middle of the road presents a hazard and a violation with road condition rules. 
5. Without cargo elements visible, vehicle load rule compliance cannot be assessed. 
</REASONING>

<DECISION>
{
  ""Driving Distraction"": ""Not Applicable"",
  ""Traffic Rules"": ""Not Applicable"",
  ""Pedestrian Crossing"": ""Not Applicable"",
  ""Road Condition"": ""Violated"",
  ""Vehicle Load"": ""Not Applicable""
}
</DECISION>"
52,Traffic,https://media.istockphoto.com/id/1148691627/photo/macropus-giganteus-eastern-grey-kangaroo-in-tasmania-in-australia-maria-island-tasmania.jpg?s=612x612&w=0&k=20&c=qIgIqpr4ULtE1ByOI9UWNW3AbLJKuA21fmOwXQCwHeM=,Violated,Road Condition,Road_Condition_1,52,data/processed_images/traffic/Road_Condition_1/0000052.jpg,"<RULE>
1. Drivers must avoid distractions such as animals on laps, portable devices, fatigue, or anything that impairs safe driving.  
2. Drivers must obey traffic rules including giving way at pedestrian crossings, stopping for red lights, and driving correctly on service roads.  
3. Pedestrians must only crossroads when safe and must not cause hazards by entering drivers' paths unexpectedly.  
4. Drivers must operate vehicles safely considering road conditions, weather, visibility, vehicle status, traffic, laws, and personal condition.  
5. Vehicle loads must be properly secured to prevent falling, projecting dangerously, or causing instability.  
</RULE>

<INTERPRET>
1. Check if the driver is distracted by animals, devices, fatigue, or other distractions.  
2. Assess if the driver is in compliance with traffic signs, pedestrian right-of-way, and lane rules.  
3. Determine if pedestrians are crossing safely without creating hazards.  
4. Evaluate if driving conditions and environment require caution and if they are met.  
5. Verify if the vehicle loads are not properly secured and compromising safety.  
</INTERPRET>

<PERCEPTION>
Observables: Kangaroos standing in the middle of a road
Non-Observables: Driver or interior conditions; Vehicles or traffic signs for vehicles; Pedestrians; Loads on vehicle's rear or roof
</PERCEPTION>

<EVIDENCE>
1. Driver or interior conditions are not shown in the image.   
2. Vehicles or traffic signs for vehicles are not shown in the image.
3. Pedestrians are not shown in the image.
4. The image shows kangaroos standing in the middle of the road.
5. Loads on vehicle's rear or roof are not shown in the image.
</EVIDENCE>

<REASONING>
1. Without driver or interior conditions elements visible, driving distraction compliance cannot be assessed. 
2. Without traffic elements visible, traffic rule compliance cannot be assessed.  
3. Without pedestrian elements visible, pedestrian crossing rule compliance cannot be assessed.  
4. Kangaroos standing in the middle of the road presents a hazard and a violation with road condition rules. 
5. Without cargo elements visible, vehicle load rule compliance cannot be assessed. 
</REASONING>

<DECISION>
{
  ""Driving Distraction"": ""Not Applicable"",
  ""Traffic Rules"": ""Not Applicable"",
  ""Pedestrian Crossing"": ""Not Applicable"",
  ""Road Condition"": ""Violated"",
  ""Vehicle Load"": ""Not Applicable""
}
</DECISION>"
53,Traffic,https://st4.depositphotos.com/27201292/37854/i/380/depositphotos_378541584-stock-photo-deer-passing-street-surrounded-people.jpg,Violated,Road Condition,Road_Condition_1,43,data/processed_images/traffic/Road_Condition_1/0000043.jpg,"<RULE>
1. Drivers must avoid distractions such as animals on laps, portable devices, fatigue, or anything that impairs safe driving.  
2. Drivers must obey traffic rules including giving way at pedestrian crossings, stopping for red lights, and driving correctly on service roads.  
3. Pedestrians must only crossroads when safe and must not cause hazards by entering drivers' paths unexpectedly.  
4. Drivers must operate vehicles safely considering road conditions, weather, visibility, vehicle status, traffic, laws, and personal condition.  
5. Vehicle loads must be properly secured to prevent falling, projecting dangerously, or causing instability.  
</RULE>

<INTERPRET>
1. Check if the driver is distracted by animals, devices, fatigue, or other distractions.  
2. Assess if the driver is in compliance with traffic signs, pedestrian right-of-way, and lane rules.  
3. Determine if pedestrians are crossing safely without creating hazards.  
4. Evaluate if driving conditions and environment require caution and if they are met.  
5. Verify if the vehicle loads are not properly secured and compromising safety.  
</INTERPRET>

<PERCEPTION>
Observables: A calf standing in the middle of a road
Non-Observables: Driver or interior conditions; Vehicles or traffic signs for vehicles; Pedestrians; Loads on vehicle's rear or roof
</PERCEPTION>

<EVIDENCE>
1. Driver or interior conditions are not shown in the image.   
2. Vehicles or traffic signs for vehicles are not shown in the image.
3. Pedestrians are not shown in the image.
4. The image shows a calf standing in the middle of the road.
5. Loads on vehicle's rear or roof are not shown in the image.
</EVIDENCE>

<REASONING>
1. Without driver or interior conditions elements visible, driving distraction compliance cannot be assessed. 
2. Without traffic elements visible, traffic rule compliance cannot be assessed.  
3. Without pedestrian elements visible, pedestrian crossing rule compliance cannot be assessed.  
4. A calf standing in the middle of the road presents a hazard and a violation with road condition rules. 
5. Without cargo elements visible, vehicle load rule compliance cannot be assessed. 
</REASONING>

<DECISION>
{
  ""Driving Distraction"": ""Not Applicable"",
  ""Traffic Rules"": ""Not Applicable"",
  ""Pedestrian Crossing"": ""Not Applicable"",
  ""Road Condition"": ""Violated"",
  ""Vehicle Load"": ""Not Applicable""
}
</DECISION>"
54,Traffic,https://st.depositphotos.com/1449225/2506/i/380/depositphotos_25067809-stock-photo-cars-crashed.jpg,Violated,Road Condition,Road_Condition_1,34,data/processed_images/traffic/Road_Condition_1/0000034.jpg,"<RULE>
1. Drivers must avoid distractions such as animals on laps, portable devices, fatigue, or anything that impairs safe driving.  
2. Drivers must obey traffic rules including giving way at pedestrian crossings, stopping for red lights, and driving correctly on service roads.  
3. Pedestrians must only crossroads when safe and must not cause hazards by entering drivers' paths unexpectedly.  
4. Drivers must operate vehicles safely considering road conditions, weather, visibility, vehicle status, traffic, laws, and personal condition.  
5. Vehicle loads must be properly secured to prevent falling, projecting dangerously, or causing instability.  
</RULE>

<INTERPRET>
1. Check if the driver is distracted by animals, devices, fatigue, or other distractions.  
2. Assess if the driver is in compliance with traffic signs, pedestrian right-of-way, and lane rules.  
3. Determine if pedestrians are crossing safely without creating hazards.  
4. Evaluate if driving conditions and environment require caution and if they are met.  
5. Verify if the vehicle loads are not properly secured and compromising safety.  
</INTERPRET>

<PERCEPTION>
Observables: A two-car accident with debris scattered on a road; Vehicles are damaged
Non-Observables: Driver or interior conditions; Traffic signs for vehicles; Pedestrians; Loads on vehicle's rear or roof
</PERCEPTION>

<EVIDENCE>
1. Driver or interior conditions are not shown in the image.   
2. The image shows damaged vehicles.
3. Pedestrians are not shown in the image.
4. The image shows a two-car accident with debris scattered on a road.
5. Loads on vehicle's rear or roof are not shown in the image.
</EVIDENCE>

<REASONING>
1. Without driver or interior conditions elements visible, driving distraction compliance cannot be assessed. 
2. The presence of a vehicle collision suggests a traffic rule violation or unsafe driving behavior.   
3. Without pedestrian elements visible, pedestrian crossing rule compliance cannot be assessed.  
4. Debris scattered presents a hazard and a violation with road condition rules. 
5. Without cargo elements visible, vehicle load rule compliance cannot be assessed. 
</REASONING>

<DECISION>
{
  ""Driving Distraction"": ""Not Applicable"",
  ""Traffic Rules"": ""Violated"",
  ""Pedestrian Crossing"": ""Not Applicable"",
  ""Road Condition"": ""Violated"",
  ""Vehicle Load"": ""Not Applicable""
}
</DECISION>"
55,Traffic,https://static3.depositphotos.com/1004489/180/i/380/depositphotos_1803795-stock-photo-car-accident-on-a-highway.jpg,Violated,Road Condition,Road_Condition_1,35,data/processed_images/traffic/Road_Condition_1/0000035.jpg,"<RULE>
1. Drivers must avoid distractions such as animals on laps, portable devices, fatigue, or anything that impairs safe driving.  
2. Drivers must obey traffic rules including giving way at pedestrian crossings, stopping for red lights, and driving correctly on service roads.  
3. Pedestrians must only crossroads when safe and must not cause hazards by entering drivers' paths unexpectedly.  
4. Drivers must operate vehicles safely considering road conditions, weather, visibility, vehicle status, traffic, laws, and personal condition.  
5. Vehicle loads must be properly secured to prevent falling, projecting dangerously, or causing instability.  
</RULE>

<INTERPRET>
1. Check if the driver is distracted by animals, devices, fatigue, or other distractions.  
2. Assess if the driver is in compliance with traffic signs, pedestrian right-of-way, and lane rules.  
3. Determine if pedestrians are crossing safely without creating hazards.  
4. Evaluate if driving conditions and environment require caution and if they are met.  
5. Verify if the vehicle loads are not properly secured and compromising safety.  
</INTERPRET>

<PERCEPTION>
Observables: A two-car accident with debris scattered on a road; Vehicles are damaged
Non-Observables: Driver or interior conditions; Traffic signs for vehicles; Pedestrians; Loads on vehicle's rear or roof
</PERCEPTION>

<EVIDENCE>
1. Driver or interior conditions are not shown in the image.   
2. The image shows damaged vehicles.
3. Pedestrians are not shown in the image.
4. The image shows a two-car accident with debris scattered on a road.
5. Loads on vehicle's rear or roof are not shown in the image.
</EVIDENCE>

<REASONING>
1. Without driver or interior conditions elements visible, driving distraction compliance cannot be assessed. 
2. The presence of a vehicle collision suggests a traffic rule violation or unsafe driving behavior.   
3. Without pedestrian elements visible, pedestrian crossing rule compliance cannot be assessed.  
4. Debris scattered presents a hazard and a violation with road condition rules. 
5. Without cargo elements visible, vehicle load rule compliance cannot be assessed. 
</REASONING>

<DECISION>
{
  ""Driving Distraction"": ""Not Applicable"",
  ""Traffic Rules"": ""Violated"",
  ""Pedestrian Crossing"": ""Not Applicable"",
  ""Road Condition"": ""Violated"",
  ""Vehicle Load"": ""Not Applicable""
}
</DECISION>"
56,Traffic,https://st.depositphotos.com/1730665/1369/i/380/depositphotos_13697119-stock-photo-the-echidna-tachyglossus-aculeatus-crosses.jpg,Violated,Road Condition,Road_Condition_1,45,data/processed_images/traffic/Road_Condition_1/0000045.jpg,"<RULE>
1. Drivers must avoid distractions such as animals on laps, portable devices, fatigue, or anything that impairs safe driving.  
2. Drivers must obey traffic rules including giving way at pedestrian crossings, stopping for red lights, and driving correctly on service roads.  
3. Pedestrians must only crossroads when safe and must not cause hazards by entering drivers' paths unexpectedly.  
4. Drivers must operate vehicles safely considering road conditions, weather, visibility, vehicle status, traffic, laws, and personal condition.  
5. Vehicle loads must be properly secured to prevent falling, projecting dangerously, or causing instability.  
</RULE>

<INTERPRET>
1. Check if the driver is distracted by animals, devices, fatigue, or other distractions.  
2. Assess if the driver is in compliance with traffic signs, pedestrian right-of-way, and lane rules.  
3. Determine if pedestrians are crossing safely without creating hazards.  
4. Evaluate if driving conditions and environment require caution and if they are met.  
5. Verify if the vehicle loads are not properly secured and compromising safety.  
</INTERPRET>

<PERCEPTION>
Observables: An echidna crossing a road
Non-Observables: Driver or interior conditions; Traffic signs for vehicles; Pedestrians; Loads on vehicle's rear or roof
</PERCEPTION>

<EVIDENCE>
1. Driver or interior conditions are not shown in the image.   
2. Vehicles or traffic signs for vehicles are not shown in the image.
3. Pedestrians are not shown in the image.
4. The image shows an echidna crossing a road.
5. Loads on vehicle's rear or roof are not shown in the image.
</EVIDENCE>

<REASONING>
1. Without driver or interior conditions elements visible, driving distraction compliance cannot be assessed. 
2. Without traffic elements visible, traffic rule compliance cannot be assessed.  
3. Without pedestrian elements visible, pedestrian crossing rule compliance cannot be assessed.  
4. An echidna crossing a road presents a hazard and a violation with road condition rules. 
5. Without cargo elements visible, vehicle load rule compliance cannot be assessed. 
</REASONING>

<DECISION>
{
  ""Driving Distraction"": ""Not Applicable"",
  ""Traffic Rules"": ""Not Applicable"",
  ""Pedestrian Crossing"": ""Not Applicable"",
  ""Road Condition"": ""Violated"",
  ""Vehicle Load"": ""Not Applicable""
}
</DECISION>"
57,Traffic,https://st3.depositphotos.com/9773578/16580/i/380/depositphotos_165803016-stock-photo-dead-wallaby-roadkill-in-australia.jpg,Violated,Road Condition,Road_Condition_1,47,data/processed_images/traffic/Road_Condition_1/0000047.jpg,"<RULE>
1. Drivers must avoid distractions such as animals on laps, portable devices, fatigue, or anything that impairs safe driving.  
2. Drivers must obey traffic rules including giving way at pedestrian crossings, stopping for red lights, and driving correctly on service roads.  
3. Pedestrians must only crossroads when safe and must not cause hazards by entering drivers' paths unexpectedly.  
4. Drivers must operate vehicles safely considering road conditions, weather, visibility, vehicle status, traffic, laws, and personal condition.  
5. Vehicle loads must be properly secured to prevent falling, projecting dangerously, or causing instability.  
</RULE>

<INTERPRET>
1. Check if the driver is distracted by animals, devices, fatigue, or other distractions.  
2. Assess if the driver is in compliance with traffic signs, pedestrian right-of-way, and lane rules.  
3. Determine if pedestrians are crossing safely without creating hazards.  
4. Evaluate if driving conditions and environment require caution and if they are met.  
5. Verify if the vehicle loads are not properly secured and compromising safety.  
</INTERPRET>

<PERCEPTION>
Observables: An animal lying on the side of a road
Non-Observables: Driver or interior conditions; Traffic signs for vehicles; Pedestrians; Loads on vehicle's rear or roof
</PERCEPTION>

<EVIDENCE>
1. Driver or interior conditions are not shown in the image.   
2. Vehicles or traffic signs for vehicles are not shown in the image.
3. Pedestrians are not shown in the image.
4. The image shows an animal lying on the side of a road.
5. Loads on vehicle's rear or roof are not shown in the image.
</EVIDENCE>

<REASONING>
1. Without driver or interior conditions elements visible, driving distraction compliance cannot be assessed. 
2. Without traffic elements visible, traffic rule compliance cannot be assessed.  
3. Without pedestrian elements visible, pedestrian crossing rule compliance cannot be assessed.  
4. An animal lying on the side of a road presents a hazard and a violation with road condition rules. 
5. Without cargo elements visible, vehicle load rule compliance cannot be assessed. 
</REASONING>

<DECISION>
{
  ""Driving Distraction"": ""Not Applicable"",
  ""Traffic Rules"": ""Not Applicable"",
  ""Pedestrian Crossing"": ""Not Applicable"",
  ""Road Condition"": ""Violated"",
  ""Vehicle Load"": ""Not Applicable""
}
</DECISION>"
58,Traffic,https://media.istockphoto.com/id/173845298/photo/crash.jpg?s=612x612&w=0&k=20&c=uLdLReLUkAFEOkCy7p8n5nq0OOjAwqdP8g3vpltp8EQ=,Violated,Road Condition,Road_Condition_1,38,data/processed_images/traffic/Road_Condition_1/0000038.jpg,"<RULE>
1. Drivers must avoid distractions such as animals on laps, portable devices, fatigue, or anything that impairs safe driving.  
2. Drivers must obey traffic rules including giving way at pedestrian crossings, stopping for red lights, and driving correctly on service roads.  
3. Pedestrians must only crossroads when safe and must not cause hazards by entering drivers' paths unexpectedly.  
4. Drivers must operate vehicles safely considering road conditions, weather, visibility, vehicle status, traffic, laws, and personal condition.  
5. Vehicle loads must be properly secured to prevent falling, projecting dangerously, or causing instability.  
</RULE>

<INTERPRET>
1. Check if the driver is distracted by animals, devices, fatigue, or other distractions.  
2. Assess if the driver is in compliance with traffic signs, pedestrian right-of-way, and lane rules.  
3. Determine if pedestrians are crossing safely without creating hazards.  
4. Evaluate if driving conditions and environment require caution and if they are met.  
5. Verify if the vehicle loads are not properly secured and compromising safety.  
</INTERPRET>

<PERCEPTION>
Observables: A vehicle collided with a traffic light pole with scattered debris on the road
Non-Observables: Driver or interior conditions; Traffic signs for vehicles; Pedestrians; Loads on vehicle's rear or roof
</PERCEPTION>

<EVIDENCE>
1. Driver or interior conditions are not shown in the image.   
2. The image shows a vehicle collided with a traffic light pole.
3. Pedestrians are not shown in the image.
4. The image shows scattered debris on the road.
5. Loads on vehicle's rear or roof are not shown in the image.
</EVIDENCE>

<REASONING>
1. Without driver or interior conditions elements visible, driving distraction compliance cannot be assessed. 
2. The presence of a vehicle collision suggests a traffic rule violation or unsafe driving behavior.   
3. Without pedestrian elements visible, pedestrian crossing rule compliance cannot be assessed.  
4. Debris scattered presents a hazard and a violation with road condition rules. 
5. Without cargo elements visible, vehicle load rule compliance cannot be assessed. 
</REASONING>

<DECISION>
{
  ""Driving Distraction"": ""Not Applicable"",
  ""Traffic Rules"": ""Violated"",
  ""Pedestrian Crossing"": ""Not Applicable"",
  ""Road Condition"": ""Violated"",
  ""Vehicle Load"": ""Not Applicable""
}
</DECISION>"
59,Traffic,https://content.api.news/v3/images/bin/3b54220bb188309e82871d0c9311c2de,Violated,Road Condition,Road_Condition_1,6,data/processed_images/traffic/Road_Condition_1/0000006.jpg,"<RULE>
1. Drivers must avoid distractions such as animals on laps, portable devices, fatigue, or anything that impairs safe driving.  
2. Drivers must obey traffic rules including giving way at pedestrian crossings, stopping for red lights, and driving correctly on service roads.  
3. Pedestrians must only crossroads when safe and must not cause hazards by entering drivers' paths unexpectedly.  
4. Drivers must operate vehicles safely considering road conditions, weather, visibility, vehicle status, traffic, laws, and personal condition.  
5. Vehicle loads must be properly secured to prevent falling, projecting dangerously, or causing instability.  
</RULE>

<INTERPRET>
1. Check if the driver is distracted by animals, devices, fatigue, or other distractions.  
2. Assess if the driver is in compliance with traffic signs, pedestrian right-of-way, and lane rules.  
3. Determine if pedestrians are crossing safely without creating hazards.  
4. Evaluate if driving conditions and environment require caution and if they are met.  
5. Verify if the vehicle loads are not properly secured and compromising safety.  
</INTERPRET>

<PERCEPTION>
Observables: A road accident scene with debris scattered across the road
Non-Observables: Driver or interior conditions; Traffic signs for vehicles; Pedestrians; Loads on vehicle's rear or roof
</PERCEPTION>

<EVIDENCE>
1. Driver or interior conditions are not shown in the image.   
2. The image shows a road accident scene.
3. Pedestrians are not shown in the image.
4. The image shows scattered debris on the road.
5. Loads on vehicle's rear or roof are not shown in the image.
</EVIDENCE>

<REASONING>
1. Without driver or interior conditions elements visible, driving distraction compliance cannot be assessed. 
2. The presence of a vehicle collision suggests a traffic rule violation or unsafe driving behavior.   
3. Without pedestrian elements visible, pedestrian crossing rule compliance cannot be assessed.  
4. Debris scattered presents a hazard and a violation with road condition rules. 
5. Without cargo elements visible, vehicle load rule compliance cannot be assessed. 
</REASONING>

<DECISION>
{
  ""Driving Distraction"": ""Not Applicable"",
  ""Traffic Rules"": ""Violated"",
  ""Pedestrian Crossing"": ""Not Applicable"",
  ""Road Condition"": ""Violated"",
  ""Vehicle Load"": ""Not Applicable""
}
</DECISION>"
60,Traffic,https://images.unsplash.com/photo-1613650427984-be2f16df8075?w=500&auto=format&fit=crop&q=60&ixlib=rb-4.1.0&ixid=M3wxMjA3fDB8MHxwaG90by1yZWxhdGVkfDF8fHxlbnwwfHx8fHw%3D,Complied,Traffic Rules,Traffic_Rules_0,21,data/processed_images/traffic/Traffic_Rules_0/0000021.jpg,"<RULE>
1. Drivers must avoid distractions such as animals on laps, portable devices, fatigue, or anything that impairs safe driving.  
2. Drivers must obey traffic rules including giving way at pedestrian crossings, stopping for red lights, and driving correctly on service roads.  
3. Pedestrians must only crossroads when safe and must not cause hazards by entering drivers' paths unexpectedly.  
4. Drivers must operate vehicles safely considering road conditions, weather, visibility, vehicle status, traffic, laws, and personal condition.  
5. Vehicle loads must be properly secured to prevent falling, projecting dangerously, or causing instability.  
</RULE>

<INTERPRET>
1. Check if the driver is distracted by animals, devices, fatigue, or other distractions.  
2. Assess if the driver is in compliance with traffic signs, pedestrian right-of-way, and lane rules.  
3. Determine if pedestrians are crossing safely without creating hazards.  
4. Evaluate if driving conditions and environment require caution and if they are met.  
5. Verify if the vehicle loads are not properly secured and compromising safety.  
</INTERPRET>

<PERCEPTION>
Observables: A vehicle stopped before the red traffic light; Normal road condition and clear weather
Non-Observables: Driver or interior conditions; Pedestrians; Loads on vehicle's rear or roof
</PERCEPTION>

<EVIDENCE>
1. Driver or interior conditions are not shown in the image.   
2. The image shows a vehicle stopped before the red traffc light.
3. Pedestrians are not shown in the image.
4. The image shows normal road condition and clear weather.
5. Loads on vehicle's rear or roof are not shown in the image.
</EVIDENCE>

<REASONING>
1. Without driver or interior conditions elements visible, driving distraction compliance cannot be assessed. 
2. The vehicle stopped before the red traffc light, indicating compliance with traffic rules.  
3. Without pedestrian elements visible, pedestrian crossing rule compliance cannot be assessed.  
4. The road condition and weather appear normal, indicating compliance with road condition rules. 
5. Without cargo elements visible, vehicle load rule compliance cannot be assessed. 
</REASONING>

<DECISION>
{
  ""Driving Distraction"": ""Not Applicable"",
  ""Traffic Rules"": ""Complied"",
  ""Pedestrian Crossing"": ""Not Applicable"",
  ""Road Condition"": ""Complied"",
  ""Vehicle Load"": ""Not Applicable""
}
</DECISION>"
61,Traffic,https://images.unsplash.com/photo-1699447089563-7ca8dcc7cf93?w=500&auto=format&fit=crop&q=60&ixlib=rb-4.1.0&ixid=M3wxMjA3fDB8MHxzZWFyY2h8NDB8fGNhciUyMGF0JTIwcmVkJTIwbGlnaHR8ZW58MHx8MHx8fDA%3D,Complied,Traffic Rules,Traffic_Rules_0,23,data/processed_images/traffic/Traffic_Rules_0/0000023.jpg,"<RULE>
1. Drivers must avoid distractions such as animals on laps, portable devices, fatigue, or anything that impairs safe driving.  
2. Drivers must obey traffic rules including giving way at pedestrian crossings, stopping for red lights, and driving correctly on service roads.  
3. Pedestrians must only crossroads when safe and must not cause hazards by entering drivers' paths unexpectedly.  
4. Drivers must operate vehicles safely considering road conditions, weather, visibility, vehicle status, traffic, laws, and personal condition.  
5. Vehicle loads must be properly secured to prevent falling, projecting dangerously, or causing instability.  
</RULE>

<INTERPRET>
1. Check if the driver is distracted by animals, devices, fatigue, or other distractions.  
2. Assess if the driver is in compliance with traffic signs, pedestrian right-of-way, and lane rules.  
3. Determine if pedestrians are crossing safely without creating hazards.  
4. Evaluate if driving conditions and environment require caution and if they are met.  
5. Verify if the vehicle loads are not properly secured and compromising safety.  
</INTERPRET>

<PERCEPTION>
Observables: A motorcycle stopped before the red traffic light; Normal road condition and clear weather
Non-Observables: Driver or interior conditions; Pedestrians; Loads on vehicle's rear or roof
</PERCEPTION>

<EVIDENCE>
1. Driver or interior conditions are not shown in the image.   
2. The image shows a motorcycle stopped before the red traffc light.
3. Pedestrians are not shown in the image.
4. The image shows normal road condition and clear weather.
5. Loads on vehicle's rear or roof are not shown in the image.
</EVIDENCE>

<REASONING>
1. Without driver or interior conditions elements visible, driving distraction compliance cannot be assessed. 
2. The motorcycle stopped before the red traffc light, indicating compliance with traffic rules.  
3. Without pedestrian elements visible, pedestrian crossing rule compliance cannot be assessed.  
4. The road condition and weather appear normal, indicating compliance with road condition rules. 
5. Without cargo elements visible, vehicle load rule compliance cannot be assessed. 
</REASONING>

<DECISION>
{
  ""Driving Distraction"": ""Not Applicable"",
  ""Traffic Rules"": ""Complied"",
  ""Pedestrian Crossing"": ""Not Applicable"",
  ""Road Condition"": ""Complied"",
  ""Vehicle Load"": ""Not Applicable""
}
</DECISION>"
62,Traffic,https://c8.alamy.com/comp/W7P782/file-car-drivers-wait-to-give-way-to-pedestrians-on-a-crosswalk-in-beijing-china-9-july-2013-beijing-traffic-police-thursday-15-june-2017-be-W7P782.jpg,Complied,Traffic Rules,Traffic_Rules_0,2,data/processed_images/traffic/Traffic_Rules_0/0000002.jpg,"<RULE>
1. Drivers must avoid distractions such as animals on laps, portable devices, fatigue, or anything that impairs safe driving.  
2. Drivers must obey traffic rules including giving way at pedestrian crossings, stopping for red lights, and driving correctly on service roads.  
3. Pedestrians must only crossroads when safe and must not cause hazards by entering drivers' paths unexpectedly.  
4. Drivers must operate vehicles safely considering road conditions, weather, visibility, vehicle status, traffic, laws, and personal condition.  
5. Vehicle loads must be properly secured to prevent falling, projecting dangerously, or causing instability.  
</RULE>

<INTERPRET>
1. Check if the driver is distracted by animals, devices, fatigue, or other distractions.  
2. Assess if the driver is in compliance with traffic signs, pedestrian right-of-way, and lane rules.  
3. Determine if pedestrians are crossing safely without creating hazards.  
4. Evaluate if driving conditions and environment require caution and if they are met.  
5. Verify if the vehicle loads are not properly secured and compromising safety.  
</INTERPRET>

<PERCEPTION>
Observables: Vehicles stopped before the red traffic light; Pedestrian crossing a street at a designated pedestrian crossing; Road is wet with rainy weather but remains clean and in good condition
Non-Observables: Driver or interior conditions; Loads on vehicle's rear or roof
</PERCEPTION>

<EVIDENCE>
1. Driver or interior conditions are not shown in the image.   
2. The image shows vehicles stopped before the pedestrian crossing and red traffc light, yielding to a pedestrian.
3. The image shows pedestrians using the crosswalk appropriately.
4. The image shows road is wet with rainy weather but remains clean and in good condition.
5. Loads on vehicle's rear or roof are not shown in the image.
</EVIDENCE>

<REASONING>
1. Without driver or interior conditions elements visible, driving distraction compliance cannot be assessed. 
2. All vehicles stopped before the pedestrian crossing and red traffc light, indicating compliance with traffic rules.  
3. The pedestrians are using the crosswalk appropriately, indicating compliance with pedestrian crossing rules.  
4. The road condition road is wet with rainy weather but remains clean and in good condition, indicating compliance with road condition rules. 
5. Without cargo elements visible, vehicle load rule compliance cannot be assessed. 
</REASONING>

<DECISION>
{
  ""Driving Distraction"": ""Not Applicable"",
  ""Traffic Rules"": ""Complied"",
  ""Pedestrian Crossing"": ""Complied"",
  ""Road Condition"": ""Complied"",
  ""Vehicle Load"": ""Not Applicable""
}
</DECISION>"
63,Traffic,https://media.istockphoto.com/id/866354212/photo/city-life.jpg?s=612x612&w=0&k=20&c=-re3IHeoAuoojvLuvDkCYQTZoK_Nr3NjcY0eCt3Dy5Q=,Complied,Traffic Rules,Traffic_Rules_0,41,data/processed_images/traffic/Traffic_Rules_0/0000039.jpg,"<RULE>
1. Drivers must avoid distractions such as animals on laps, portable devices, fatigue, or anything that impairs safe driving.  
2. Drivers must obey traffic rules including giving way at pedestrian crossings, stopping for red lights, and driving correctly on service roads.  
3. Pedestrians must only crossroads when safe and must not cause hazards by entering drivers' paths unexpectedly.  
4. Drivers must operate vehicles safely considering road conditions, weather, visibility, vehicle status, traffic, laws, and personal condition.  
5. Vehicle loads must be properly secured to prevent falling, projecting dangerously, or causing instability.  
</RULE>

<INTERPRET>
1. Check if the driver is distracted by animals, devices, fatigue, or other distractions.  
2. Assess if the driver is in compliance with traffic signs, pedestrian right-of-way, and lane rules.  
3. Determine if pedestrians are crossing safely without creating hazards.  
4. Evaluate if driving conditions and environment require caution and if they are met.  
5. Verify if the vehicle loads are not properly secured and compromising safety.  
</INTERPRET>

<PERCEPTION>
Observables: Vehicles traveling normally along the road; Normal road condition and clear weather
Non-Observables: Driver or interior conditions; Traffic signs for vehicles; Pedestrians; Loads on vehicle's rear or roof
</PERCEPTION>

<EVIDENCE>
1. Driver or interior conditions are not shown in the image.   
2. The image shows vehicles traveling normally along the road.
3. Pedestrians are not shown in the image.
4. The image shows normal road condition and clear weather.
5. Loads on vehicle's rear or roof are not shown in the image.
</EVIDENCE>

<REASONING>
1. Without driver or interior conditions elements visible, driving distraction compliance cannot be assessed. 
2. All vehicles are traveling normally along the road, indicating compliance with traffic rules,
3. Without pedestrian elements visible, pedestrian crossing rule compliance cannot be assessed.  
4. The road condition and weather appear normal, indicating compliance with road condition rules. 
5. Without cargo elements visible, vehicle load rule compliance cannot be assessed. 
</REASONING>

<DECISION>
{
  ""Driving Distraction"": ""Not Applicable"",
  ""Traffic Rules"": ""Complied"",
  ""Pedestrian Crossing"": ""Not Applicable"",
  ""Road Condition"": ""Complied"",
  ""Vehicle Load"": ""Not Applicable""
}
</DECISION>"
64,Traffic,https://encrypted-tbn0.gstatic.com/images?q=tbn:ANd9GcTCoK21-zD8_Xq_oBvDlqg-Slo6Z0BcE3i49g&s,Complied,Traffic Rules,Traffic_Rules_0,13,data/processed_images/traffic/Traffic_Rules_0/0000013.jpg,"<RULE>
1. Drivers must avoid distractions such as animals on laps, portable devices, fatigue, or anything that impairs safe driving.  
2. Drivers must obey traffic rules including giving way at pedestrian crossings, stopping for red lights, and driving correctly on service roads.  
3. Pedestrians must only crossroads when safe and must not cause hazards by entering drivers' paths unexpectedly.  
4. Drivers must operate vehicles safely considering road conditions, weather, visibility, vehicle status, traffic, laws, and personal condition.  
5. Vehicle loads must be properly secured to prevent falling, projecting dangerously, or causing instability.  
</RULE>

<INTERPRET>
1. Check if the driver is distracted by animals, devices, fatigue, or other distractions.  
2. Assess if the driver is in compliance with traffic signs, pedestrian right-of-way, and lane rules.  
3. Determine if pedestrians are crossing safely without creating hazards.  
4. Evaluate if driving conditions and environment require caution and if they are met.  
5. Verify if the vehicle loads are not properly secured and compromising safety.  
</INTERPRET>

<PERCEPTION>
Observables: A vehicle traveling normally along the road
Non-Observables: Driver or interior conditions; Traffic signs, or pedestrian crossings; Pedestrians; Road condition and weather; Loads on vehicle's rear or roof
</PERCEPTION>

<EVIDENCE>
1. Driver or interior conditions are not shown in the image.   
2. The image shows a vehicle traveling normally along the road.
3. Pedestrians are not shown in the image.
4. Road condition or weather are not shown in the image.  
5. Loads on vehicle's rear or roof are not shown in the image.
</EVIDENCE>

<REASONING>
1. Without driver or interior conditions elements visible, driving distraction compliance cannot be assessed. 
2. The vehicle is traveling normally along the road, indicating compliance with traffic rules,
3. Without pedestrian elements visible, pedestrian crossing rule compliance cannot be assessed.  
4. Without environmental elements visible, road condition rule compliance cannot be assessed. 
5. Without cargo elements visible, vehicle load rule compliance cannot be assessed. 
</REASONING>

<DECISION>
{
  ""Driving Distraction"": ""Not Applicable"",
  ""Traffic Rules"": ""Complied"",
  ""Pedestrian Crossing"": ""Not Applicable"",
  ""Road Condition"": ""Not Applicable"",
  ""Vehicle Load"": ""Not Applicable""
}
</DECISION>"
65,Traffic,https://images.unsplash.com/photo-1689049844247-667754e34cda?w=500&auto=format&fit=crop&q=60&ixlib=rb-4.1.0&ixid=M3wxMjA3fDB8MHxzZWFyY2h8MTV8fGNhciUyMGF0JTIwcmVkJTIwbGlnaHR8ZW58MHx8MHx8fDA%3D,Complied,Traffic Rules,Traffic_Rules_0,19,data/processed_images/traffic/Traffic_Rules_0/0000019.jpg,"<RULE>
1. Drivers must avoid distractions such as animals on laps, portable devices, fatigue, or anything that impairs safe driving.  
2. Drivers must obey traffic rules including giving way at pedestrian crossings, stopping for red lights, and driving correctly on service roads.  
3. Pedestrians must only crossroads when safe and must not cause hazards by entering drivers' paths unexpectedly.  
4. Drivers must operate vehicles safely considering road conditions, weather, visibility, vehicle status, traffic, laws, and personal condition.  
5. Vehicle loads must be properly secured to prevent falling, projecting dangerously, or causing instability.  
</RULE>

<INTERPRET>
1. Check if the driver is distracted by animals, devices, fatigue, or other distractions.  
2. Assess if the driver is in compliance with traffic signs, pedestrian right-of-way, and lane rules.  
3. Determine if pedestrians are crossing safely without creating hazards.  
4. Evaluate if driving conditions and environment require caution and if they are met.  
5. Verify if the vehicle loads are not properly secured and compromising safety.  
</INTERPRET>

<PERCEPTION>
Observables: Vehicles traveling normally along the tunnel; Normal road condition
Non-Observables: Driver or interior conditions; Traffic signs for vehicles; Pedestrians; Weather; Loads on vehicle's rear or roof
</PERCEPTION>

<EVIDENCE>
1. Driver or interior conditions are not shown in the image.   
2. The image shows vehicles traveling normally along the road.
3. Pedestrians are not shown in the image.
4. The image shows normal road condition.
5. Loads on vehicle's rear or roof are not shown in the image.
</EVIDENCE>

<REASONING>
1. Without driver or interior conditions elements visible, driving distraction compliance cannot be assessed. 
2. All vehicles are traveling normally along the tunnel, indicating compliance with traffic rules,
3. Without pedestrian elements visible, pedestrian crossing rule compliance cannot be assessed.  
4. The road condition appears normal, indicating compliance with road condition rules. 
5. Without cargo elements visible, vehicle load rule compliance cannot be assessed. 
</REASONING>

<DECISION>
{
  ""Driving Distraction"": ""Not Applicable"",
  ""Traffic Rules"": ""Complied"",
  ""Pedestrian Crossing"": ""Not Applicable"",
  ""Road Condition"": ""Complied"",
  ""Vehicle Load"": ""Not Applicable""
}
</DECISION>"
66,Traffic,https://media.istockphoto.com/id/522564791/photo/winter-sun-on-sunday-motorway-traffic-essex-england.jpg?s=1024x1024&w=is&k=20&c=LX2usWbX5L7lIkT_62x8090Umn61U4iD-DEIScFRP88=,Complied,Traffic Rules,Traffic_Rules_0,4,data/processed_images/traffic/Traffic_Rules_0/0000004.jpg,"<RULE>
1. Drivers must avoid distractions such as animals on laps, portable devices, fatigue, or anything that impairs safe driving.  
2. Drivers must obey traffic rules including giving way at pedestrian crossings, stopping for red lights, and driving correctly on service roads.  
3. Pedestrians must only crossroads when safe and must not cause hazards by entering drivers' paths unexpectedly.  
4. Drivers must operate vehicles safely considering road conditions, weather, visibility, vehicle status, traffic, laws, and personal condition.  
5. Vehicle loads must be properly secured to prevent falling, projecting dangerously, or causing instability.  
</RULE>

<INTERPRET>
1. Check if the driver is distracted by animals, devices, fatigue, or other distractions.  
2. Assess if the driver is in compliance with traffic signs, pedestrian right-of-way, and lane rules.  
3. Determine if pedestrians are crossing safely without creating hazards.  
4. Evaluate if driving conditions and environment require caution and if they are met.  
5. Verify if the vehicle loads are not properly secured and compromising safety.  
</INTERPRET>

<PERCEPTION>
Observables: Vehicles traveling normally along the road; Normal road condition and clear weather
Non-Observables: Driver or interior conditions; Traffic signs for vehicles; Pedestrians; Loads on vehicle's rear or roof
</PERCEPTION>

<EVIDENCE>
1. Driver or interior conditions are not shown in the image.   
2. The image shows vehicles traveling normally along the road.
3. Pedestrians are not shown in the image.
4. The image shows normal road condition and clear weather.
5. Loads on vehicle's rear or roof are not shown in the image.
</EVIDENCE>

<REASONING>
1. Without driver or interior conditions elements visible, driving distraction compliance cannot be assessed. 
2. All vehicles are traveling normally along the road, indicating compliance with traffic rules,
3. Without pedestrian elements visible, pedestrian crossing rule compliance cannot be assessed.  
4. The road condition and weather appear normal, indicating compliance with road condition rules. 
5. Without cargo elements visible, vehicle load rule compliance cannot be assessed. 
</REASONING>

<DECISION>
{
  ""Driving Distraction"": ""Not Applicable"",
  ""Traffic Rules"": ""Complied"",
  ""Pedestrian Crossing"": ""Not Applicable"",
  ""Road Condition"": ""Complied"",
  ""Vehicle Load"": ""Not Applicable""
}
</DECISION>"
67,Traffic,https://media.istockphoto.com/id/1464681993/photo/man-riding-motorcycle-with-helmet.jpg?s=1024x1024&w=is&k=20&c=Ju-dugWp0nlHvZZGBh2rdCT0djRFuQTJ6QzDIsY8eSs=,Complied,Traffic Rules,Traffic_Rules_0,3,data/processed_images/traffic/Traffic_Rules_0/0000003.jpg,"<RULE>
1. Drivers must avoid distractions such as animals on laps, portable devices, fatigue, or anything that impairs safe driving.  
2. Drivers must obey traffic rules including giving way at pedestrian crossings, stopping for red lights, and driving correctly on service roads.  
3. Pedestrians must only crossroads when safe and must not cause hazards by entering drivers' paths unexpectedly.  
4. Drivers must operate vehicles safely considering road conditions, weather, visibility, vehicle status, traffic, laws, and personal condition.  
5. Vehicle loads must be properly secured to prevent falling, projecting dangerously, or causing instability.  
</RULE>

<INTERPRET>
1. Check if the driver is distracted by animals, devices, fatigue, or other distractions.  
2. Assess if the driver is in compliance with traffic signs, pedestrian right-of-way, and lane rules.  
3. Determine if pedestrians are crossing safely without creating hazards.  
4. Evaluate if driving conditions and environment require caution and if they are met.  
5. Verify if the vehicle loads are not properly secured and compromising safety.  
</INTERPRET>

<PERCEPTION>
Observables: Vehicles traveling normally along the road; Normal road condition and clear weather
Non-Observables: Driver or interior conditions; Traffic signs for vehicles; Pedestrians; Loads on vehicle's rear or roof
</PERCEPTION>

<EVIDENCE>
1. Driver or interior conditions are not shown in the image.   
2. The image shows vehicles traveling normally along the road.
3. Pedestrians are not shown in the image.
4. The image shows normal road condition and clear weather.
5. Loads on vehicle's rear or roof are not shown in the image.
</EVIDENCE>

<REASONING>
1. Without driver or interior conditions elements visible, driving distraction compliance cannot be assessed. 
2. All vehicles are traveling normally along the road, indicating compliance with traffic rules,
3. Without pedestrian elements visible, pedestrian crossing rule compliance cannot be assessed.  
4. The road condition and weather appears normal, indicating compliance with road condition rules. 
5. Without cargo elements visible, vehicle load rule compliance cannot be assessed. 
</REASONING>

<DECISION>
{
  ""Driving Distraction"": ""Not Applicable"",
  ""Traffic Rules"": ""Complied"",
  ""Pedestrian Crossing"": ""Not Applicable"",
  ""Road Condition"": ""Complied"",
  ""Vehicle Load"": ""Not Applicable""
}
</DECISION>"
68,Traffic,https://bikeeasy.org/wp-content/uploads/2020/08/Parking-protected-bike-lane-tulane-ave-scaled-1.jpg,Complied,Traffic Rules,Traffic_Rules_0,46,data/processed_images/traffic/Traffic_Rules_0/0000044.jpg,"<RULE>
1. Drivers must avoid distractions such as animals on laps, portable devices, fatigue, or anything that impairs safe driving.  
2. Drivers must obey traffic rules including giving way at pedestrian crossings, stopping for red lights, and driving correctly on service roads.  
3. Pedestrians must only crossroads when safe and must not cause hazards by entering drivers' paths unexpectedly.  
4. Drivers must operate vehicles safely considering road conditions, weather, visibility, vehicle status, traffic, laws, and personal condition.  
5. Vehicle loads must be properly secured to prevent falling, projecting dangerously, or causing instability.  
</RULE>

<INTERPRET>
1. Check if the driver is distracted by animals, devices, fatigue, or other distractions.  
2. Assess if the driver is in compliance with traffic signs, pedestrian right-of-way, and lane rules.  
3. Determine if pedestrians are crossing safely without creating hazards.  
4. Evaluate if driving conditions and environment require caution and if they are met.  
5. Verify if the vehicle loads are not properly secured and compromising safety.  
</INTERPRET>

<PERCEPTION>
Observables: Vehicles traveling normally along the road; Normal road condition and clear weather
Non-Observables: Driver or interior conditions; Traffic signs for vehicles; Pedestrians; Loads on vehicle's rear or roof
</PERCEPTION>

<EVIDENCE>
1. Driver or interior conditions are not shown in the image.   
2. The image shows vehicles traveling normally along the road.
3. Pedestrians are not shown in the image.
4. The image shows normal road condition and clear weather.
5. Loads on vehicle's rear or roof are not shown in the image.
</EVIDENCE>

<REASONING>
1. Without driver or interior conditions elements visible, driving distraction compliance cannot be assessed. 
2. All vehicles are traveling normally along the road, indicating compliance with traffic rules,
3. Without pedestrian elements visible, pedestrian crossing rule compliance cannot be assessed.  
4. The road condition and weather appears normal, indicating compliance with road condition rules. 
5. Without cargo elements visible, vehicle load rule compliance cannot be assessed. 
</REASONING>

<DECISION>
{
  ""Driving Distraction"": ""Not Applicable"",
  ""Traffic Rules"": ""Complied"",
  ""Pedestrian Crossing"": ""Not Applicable"",
  ""Road Condition"": ""Complied"",
  ""Vehicle Load"": ""Not Applicable""
}
</DECISION>"
69,Traffic,https://images.perthnow.com.au/publication/C-18942408/b56f243642a9d85ad058b9eddf6d9b79dd0437bb-16x9-x0y283w2776h1562.jpg?imwidth=668&impolicy=pn_v3,Complied,Traffic Rules,Traffic_Rules_0,6,data/processed_images/traffic/Traffic_Rules_0/0000006.jpg,"<RULE>
1. Drivers must avoid distractions such as animals on laps, portable devices, fatigue, or anything that impairs safe driving.  
2. Drivers must obey traffic rules including giving way at pedestrian crossings, stopping for red lights, and driving correctly on service roads.  
3. Pedestrians must only crossroads when safe and must not cause hazards by entering drivers' paths unexpectedly.  
4. Drivers must operate vehicles safely considering road conditions, weather, visibility, vehicle status, traffic, laws, and personal condition.  
5. Vehicle loads must be properly secured to prevent falling, projecting dangerously, or causing instability.  
</RULE>

<INTERPRET>
1. Check if the driver is distracted by animals, devices, fatigue, or other distractions.  
2. Assess if the driver is in compliance with traffic signs, pedestrian right-of-way, and lane rules.  
3. Determine if pedestrians are crossing safely without creating hazards.  
4. Evaluate if driving conditions and environment require caution and if they are met.  
5. Verify if the vehicle loads are not properly secured and compromising safety.  
</INTERPRET>

<PERCEPTION>
Observables: Vehicles traveling normally along the road; Normal road condition and clear weather
Non-Observables: Driver or interior conditions; Traffic signs for vehicles; Pedestrians; Loads on vehicle's rear or roof
</PERCEPTION>

<EVIDENCE>
1. Driver or interior conditions are not shown in the image.   
2. The image shows vehicles traveling normally along the road.
3. Pedestrians are not shown in the image.
4. The image shows normal road condition and clear weather.
5. Loads on vehicle's rear or roof are not shown in the image.
</EVIDENCE>

<REASONING>
1. Without driver or interior conditions elements visible, driving distraction compliance cannot be assessed. 
2. All vehicles are traveling normally along the road, indicating compliance with traffic rules,
3. Without pedestrian elements visible, pedestrian crossing rule compliance cannot be assessed.  
4. The road condition and weather appears normal, indicating compliance with road condition rules. 
5. Without cargo elements visible, vehicle load rule compliance cannot be assessed. 
</REASONING>

<DECISION>
{
  ""Driving Distraction"": ""Not Applicable"",
  ""Traffic Rules"": ""Complied"",
  ""Pedestrian Crossing"": ""Not Applicable"",
  ""Road Condition"": ""Complied"",
  ""Vehicle Load"": ""Not Applicable""
}
</DECISION>"
70,Traffic,https://encrypted-tbn0.gstatic.com/images?q=tbn:ANd9GcQ63fE6spZHoPhZy-oYmT4ffXLGkbY50AGCGOe9TT6JD9x2gkWiCrj-mDiEm-0gW6xaivk&usqp=CAU,Violated,Traffic Rules,Traffic_Rules_1,28,data/processed_images/traffic/Traffic_Rules_1/0000027.jpg,"<RULE>
1. Drivers must avoid distractions such as animals on laps, portable devices, fatigue, or anything that impairs safe driving.  
2. Drivers must obey traffic rules including giving way at pedestrian crossings, stopping for red lights, and driving correctly on service roads.  
3. Pedestrians must only crossroads when safe and must not cause hazards by entering drivers' paths unexpectedly.  
4. Drivers must operate vehicles safely considering road conditions, weather, visibility, vehicle status, traffic, laws, and personal condition.  
5. Vehicle loads must be properly secured to prevent falling, projecting dangerously, or causing instability.  
</RULE>

<INTERPRET>
1. Check if the driver is distracted by animals, devices, fatigue, or other distractions.  
2. Assess if the driver is in compliance with traffic signs, pedestrian right-of-way, and lane rules.  
3. Determine if pedestrians are crossing safely without creating hazards.  
4. Evaluate if driving conditions and environment require caution and if they are met.  
5. Verify if the vehicle loads are not properly secured and compromising safety.  
</INTERPRET>

<PERCEPTION>
Observables: Two cars parked in a perpendicular parking bay; Normal road condition and clear weather
Non-Observables: Driver or interior conditions; Traffic signs for vehicles; Pedestrians; Loads on vehicle's rear or roof
</PERCEPTION>

<EVIDENCE>
1. Driver or interior conditions are not shown in the image.   
2. The image shows two cars parked in a perpendicular parking bay, occupying more than one parking space. 
3. Pedestrians are not shown in the image.
4. The image shows normal road condition and clear weather.
5. Loads on vehicle's rear or roof are not shown in the image.
</EVIDENCE>

<REASONING>
1. Without driver or interior conditions elements visible, driving distraction compliance cannot be assessed. 
2. The vehicles are not properly aligned within the bay markings, indicating a violation with traffic rules,
3. Without pedestrian elements visible, pedestrian crossing rule compliance cannot be assessed.  
4. The road condition and weather appears normal, indicating compliance with road condition rules. 
5. Without cargo elements visible, vehicle load rule compliance cannot be assessed. 
</REASONING>

<DECISION>
{
  ""Driving Distraction"": ""Not Applicable"",
  ""Traffic Rules"": ""Violated"",
  ""Pedestrian Crossing"": ""Not Applicable"",
  ""Road Condition"": ""Complied"",
  ""Vehicle Load"": ""Not Applicable""
}
</DECISION>"
71,Traffic,https://www.heraldnet.com/wp-content/uploads/2019/01/14686101_web1_M-Stop-Sign-EDH-190122.jpg,Violated,Traffic Rules,Traffic_Rules_1,23,data/processed_images/traffic/Traffic_Rules_1/0000022.jpg,"<RULE>
1. Drivers must avoid distractions such as animals on laps, portable devices, fatigue, or anything that impairs safe driving.  
2. Drivers must obey traffic rules including giving way at pedestrian crossings, stopping for red lights, and driving correctly on service roads.  
3. Pedestrians must only crossroads when safe and must not cause hazards by entering drivers' paths unexpectedly.  
4. Drivers must operate vehicles safely considering road conditions, weather, visibility, vehicle status, traffic, laws, and personal condition.  
5. Vehicle loads must be properly secured to prevent falling, projecting dangerously, or causing instability.  
</RULE>

<INTERPRET>
1. Check if the driver is distracted by animals, devices, fatigue, or other distractions.  
2. Assess if the driver is in compliance with traffic signs, pedestrian right-of-way, and lane rules.  
3. Determine if pedestrians are crossing safely without creating hazards.  
4. Evaluate if driving conditions and environment require caution and if they are met.  
5. Verify if the vehicle loads are not properly secured and compromising safety.  
</INTERPRET>

<PERCEPTION>
Observables: A vehicle straddling between two lanes; Normal road condition and clear weather
Non-Observables: Driver or interior conditions; Traffic signs for vehicles; Pedestrians; Loads on vehicle's rear or roof
</PERCEPTION>

<EVIDENCE>
1. Driver or interior conditions are not shown in the image.   
2. The image shows a vehicle straddling between two lanes. 
3. Pedestrians are not shown in the image.
4. The image shows normal road condition and clear weather.
5. Loads on vehicle's rear or roof are not shown in the image.
</EVIDENCE>

<REASONING>
1. Without driver or interior conditions elements visible, driving distraction compliance cannot be assessed. 
2. The vehicle is straddling between two lanes which suggests improper lane discipline, indicating a violation with traffic rules,
3. Without pedestrian elements visible, pedestrian crossing rule compliance cannot be assessed.  
4. The road condition and weather appears normal, indicating compliance with road condition rules. 
5. Without cargo elements visible, vehicle load rule compliance cannot be assessed. 
</REASONING>

<DECISION>
{
  ""Driving Distraction"": ""Not Applicable"",
  ""Traffic Rules"": ""Violated"",
  ""Pedestrian Crossing"": ""Not Applicable"",
  ""Road Condition"": ""Complied"",
  ""Vehicle Load"": ""Not Applicable""
}
</DECISION>"
72,Traffic,https://media.istockphoto.com/id/1143439122/photo/aerial-pedestrian-crowd-crossing-top-view.jpg?s=612x612&w=0&k=20&c=r-nP1jEDXcx8I6iz4uv_H6zR0bw3LvJY1spadPxTYVE=,Violated,Traffic Rules,Traffic_Rules_1,9,data/processed_images/traffic/Traffic_Rules_1/0000009.jpg,"<RULE>
1. Drivers must avoid distractions such as animals on laps, portable devices, fatigue, or anything that impairs safe driving.  
2. Drivers must obey traffic rules including giving way at pedestrian crossings, stopping for red lights, and driving correctly on service roads.  
3. Pedestrians must only crossroads when safe and must not cause hazards by entering drivers' paths unexpectedly.  
4. Drivers must operate vehicles safely considering road conditions, weather, visibility, vehicle status, traffic, laws, and personal condition.  
5. Vehicle loads must be properly secured to prevent falling, projecting dangerously, or causing instability.  
</RULE>

<INTERPRET>
1. Check if the driver is distracted by animals, devices, fatigue, or other distractions.  
2. Assess if the driver is in compliance with traffic signs, pedestrian right-of-way, and lane rules.  
3. Determine if pedestrians are crossing safely without creating hazards.  
4. Evaluate if driving conditions and environment require caution and if they are met.  
5. Verify if the vehicle loads are not properly secured and compromising safety.  
</INTERPRET>

<PERCEPTION>
Observables: Pedestrians crossing outside a designated pedestrian crossing; A grey vehicle stopped before the pedestrian crossing; A white car is positioned within the pedestrian crossing; Normal road condition and clear weather
Non-Observables: Driver or interior conditions; Traffic signs; Loads on vehicle's rear or roof
</PERCEPTION>

<EVIDENCE>
1. Driver or interior conditions are not shown in the image.   
2. The image shows a grey vehicle stopped before the pedestrian crossing, yielding to a pedestrian, while a white car ahead is positioned within the crossing.
3. The image shows a pedestrian using the crosswalk appropriately.
4. The image shows normal road condition and clear weather.
5. Loads on vehicle's rear or roof are not shown in the image.
</EVIDENCE>

<REASONING>
1. Without driver or interior conditions elements visible, driving distraction compliance cannot be assessed. 
2. The white car is positioned within the crossing indicating a failure to yield and violates traffic rules.  
3. The pedestrians are crossing outside of the designated pedestrian crossing, obstructing the flow of traffic and violating pedestrian crossing rules.  
4. The road condition and weather appears normal, indicating compliance with road condition rules. 
5. Without cargo elements visible, vehicle load rule compliance cannot be assessed. 
</REASONING>

<DECISION>
{
  ""Driving Distraction"": ""Not Applicable"",
  ""Traffic Rules"": ""Violated"",
  ""Pedestrian Crossing"": ""Violated"",
  ""Road Condition"": ""Complied"",
  ""Vehicle Load"": ""Not Applicable""
}
</DECISION>"
73,Traffic,https://encrypted-tbn0.gstatic.com/images?q=tbn:ANd9GcSF4qVHsdl06ffZGNJcnTFrlzmVtIX34DvEeyaWoZDoyJGwmnKD2HcQ0h3kqOL4tOqu3lc&usqp=CAU,Violated,Traffic Rules,Traffic_Rules_1,45,data/processed_images/traffic/Traffic_Rules_1/0000044.jpg,"<RULE>
1. Drivers must avoid distractions such as animals on laps, portable devices, fatigue, or anything that impairs safe driving.  
2. Drivers must obey traffic rules including giving way at pedestrian crossings, stopping for red lights, and driving correctly on service roads.  
3. Pedestrians must only crossroads when safe and must not cause hazards by entering drivers' paths unexpectedly.  
4. Drivers must operate vehicles safely considering road conditions, weather, visibility, vehicle status, traffic, laws, and personal condition.  
5. Vehicle loads must be properly secured to prevent falling, projecting dangerously, or causing instability.  
</RULE>

<INTERPRET>
1. Check if the driver is distracted by animals, devices, fatigue, or other distractions.  
2. Assess if the driver is in compliance with traffic signs, pedestrian right-of-way, and lane rules.  
3. Determine if pedestrians are crossing safely without creating hazards.  
4. Evaluate if driving conditions and environment require caution and if they are met.  
5. Verify if the vehicle loads are not properly secured and compromising safety.  
</INTERPRET>

<PERCEPTION>
Observables: A vehicle is parked along the bike lane; Normal road condition and clear weather
Non-Observables: Driver or interior conditions; Traffic signs; Pedestrians; Loads on vehicle's rear or roof
</PERCEPTION>

<EVIDENCE>
1. Driver or interior conditions are not shown in the image.   
2. The image shows a vehicle parked along the bike lane.
3. Pedestrians are not shown in the image.
4. The image shows normal road condition and clear weather.
5. Loads on vehicle's rear or roof are not shown in the image.
</EVIDENCE>

<REASONING>
1. Without driver or interior conditions elements visible, driving distraction compliance cannot be assessed. 
2. A vehicle is parked along the bike lane creating a potential hazard for cyclists and violates traffic rules.  
3. Without pedestrian elements visible, pedestrian crossing rule compliance cannot be assessed.  
4. The road condition and weather appears normal, indicating compliance with road condition rules. 
5. Without cargo elements visible, vehicle load rule compliance cannot be assessed. 
</REASONING>

<DECISION>
{
  ""Driving Distraction"": ""Not Applicable"",
  ""Traffic Rules"": ""Violated"",
  ""Pedestrian Crossing"": ""Not Applicable"",
  ""Road Condition"": ""Complied"",
  ""Vehicle Load"": ""Not Applicable""
}
</DECISION>"
74,Traffic,https://www.highwaycode.com.ng/uploads/3/2/9/2/3292309/6877789.png?504,Violated,Traffic Rules,Traffic_Rules_1,51,data/processed_images/traffic/Traffic_Rules_1/0000050.jpg,"<RULE>
1. Drivers must avoid distractions such as animals on laps, portable devices, fatigue, or anything that impairs safe driving.  
2. Drivers must obey traffic rules including giving way at pedestrian crossings, stopping for red lights, and driving correctly on service roads.  
3. Pedestrians must only crossroads when safe and must not cause hazards by entering drivers' paths unexpectedly.  
4. Drivers must operate vehicles safely considering road conditions, weather, visibility, vehicle status, traffic, laws, and personal condition.  
5. Vehicle loads must be properly secured to prevent falling, projecting dangerously, or causing instability.  
</RULE>

<INTERPRET>
1. Check if the driver is distracted by animals, devices, fatigue, or other distractions.  
2. Assess if the driver is in compliance with traffic signs, pedestrian right-of-way, and lane rules.  
3. Determine if pedestrians are crossing safely without creating hazards.  
4. Evaluate if driving conditions and environment require caution and if they are met.  
5. Verify if the vehicle loads are not properly secured and compromising safety.  
</INTERPRET>

<PERCEPTION>
Observables: A vehicle without number plate; Normal road condition and clear weather
Non-Observables: Driver or interior conditions; Traffic signs; Pedestrians; Loads on vehicle's rear or roof
</PERCEPTION>

<EVIDENCE>
1. Driver or interior conditions are not shown in the image.   
2. The image shows a vehicle without number plate.
3. Pedestrians are not shown in the image.
4. The image shows normal road condition and clear weather.
5. Loads on vehicle's rear or roof are not shown in the image.
</EVIDENCE>

<REASONING>
1. Without driver or interior conditions elements visible, driving distraction compliance cannot be assessed. 
2. The absence of visible number plate for vehicle identification constitutes a hazard and violates traffic rules.  
3. Without pedestrian elements visible, pedestrian crossing rule compliance cannot be assessed.  
4. The road condition and weather appears normal, indicating compliance with road condition rules. 
5. Without cargo elements visible, vehicle load rule compliance cannot be assessed. 
</REASONING>

<DECISION>
{
  ""Driving Distraction"": ""Not Applicable"",
  ""Traffic Rules"": ""Violated"",
  ""Pedestrian Crossing"": ""Not Applicable"",
  ""Road Condition"": ""Complied"",
  ""Vehicle Load"": ""Not Applicable""
}
</DECISION>"
75,Traffic,https://encrypted-tbn0.gstatic.com/images?q=tbn:ANd9GcRmN6wQnfCTR9GVSXZn2lO1R4tC6evb76WNBQ&s,Violated,Traffic Rules,Traffic_Rules_1,38,data/processed_images/traffic/Traffic_Rules_1/0000037.jpg,"<RULE>
1. Drivers must avoid distractions such as animals on laps, portable devices, fatigue, or anything that impairs safe driving.  
2. Drivers must obey traffic rules including giving way at pedestrian crossings, stopping for red lights, and driving correctly on service roads.  
3. Pedestrians must only crossroads when safe and must not cause hazards by entering drivers' paths unexpectedly.  
4. Drivers must operate vehicles safely considering road conditions, weather, visibility, vehicle status, traffic, laws, and personal condition.  
5. Vehicle loads must be properly secured to prevent falling, projecting dangerously, or causing instability.  
</RULE>

<INTERPRET>
1. Check if the driver is distracted by animals, devices, fatigue, or other distractions.  
2. Assess if the driver is in compliance with traffic signs, pedestrian right-of-way, and lane rules.  
3. Determine if pedestrians are crossing safely without creating hazards.  
4. Evaluate if driving conditions and environment require caution and if they are met.  
5. Verify if the vehicle loads are not properly secured and compromising safety.  
</INTERPRET>

<PERCEPTION>
Observables: A vehicle straddling between two lanes; Normal road condition and clear weather
Non-Observables: Driver or interior conditions; Traffic signs; Pedestrians; Loads on vehicle's rear or roof
</PERCEPTION>

<EVIDENCE>
1. Driver or interior conditions are not shown in the image.   
2. The image shows a vehicle straddling between two lanes. 
3. Pedestrians are not shown in the image.
4. The image shows normal road condition and clear weather.
5. Loads on vehicle's rear or roof are not shown in the image.
</EVIDENCE>

<REASONING>
1. Without driver or interior conditions elements visible, driving distraction compliance cannot be assessed. 
2. The vehicle is straddling between two lanes which suggests improper lane discipline, indicating a violation with traffic rules,
3. Without pedestrian elements visible, pedestrian crossing rule compliance cannot be assessed.  
4. The road condition and weather appears normal, indicating compliance with road condition rules. 
5. Without cargo elements visible, vehicle load rule compliance cannot be assessed. 
</REASONING>

<DECISION>
{
  ""Driving Distraction"": ""Not Applicable"",
  ""Traffic Rules"": ""Violated"",
  ""Pedestrian Crossing"": ""Not Applicable"",
  ""Road Condition"": ""Complied"",
  ""Vehicle Load"": ""Not Applicable""
}
</DECISION>"
76,Traffic,https://media.istockphoto.com/id/458969983/photo/dangerous-overtaking.jpg?s=612x612&w=0&k=20&c=1Mzsl3pX9ybmCRyY41FxpbLhFbBWc-2eqv4p-1aJ--0=,Violated,Traffic Rules,Traffic_Rules_1,11,data/processed_images/traffic/Traffic_Rules_1/0000011.jpg,"<RULE>
1. Drivers must avoid distractions such as animals on laps, portable devices, fatigue, or anything that impairs safe driving.  
2. Drivers must obey traffic rules including giving way at pedestrian crossings, stopping for red lights, and driving correctly on service roads.  
3. Pedestrians must only crossroads when safe and must not cause hazards by entering drivers' paths unexpectedly.  
4. Drivers must operate vehicles safely considering road conditions, weather, visibility, vehicle status, traffic, laws, and personal condition.  
5. Vehicle loads must be properly secured to prevent falling, projecting dangerously, or causing instability.  
</RULE>

<INTERPRET>
1. Check if the driver is distracted by animals, devices, fatigue, or other distractions.  
2. Assess if the driver is in compliance with traffic signs, pedestrian right-of-way, and lane rules.  
3. Determine if pedestrians are crossing safely without creating hazards.  
4. Evaluate if driving conditions and environment require caution and if they are met.  
5. Verify if the vehicle loads are not properly secured and compromising safety.  
</INTERPRET>

<PERCEPTION>
Observables: A vehicle straddling between two lanes; Normal road condition and clear weather
Non-Observables: Driver or interior conditions; Traffic signs; Pedestrians; Loads on vehicle's rear or roof
</PERCEPTION>

<EVIDENCE>
1. Driver or interior conditions are not shown in the image.   
2. The image shows a vehicle straddling between two lanes. 
3. Pedestrians are not shown in the image.
4. The image shows normal road condition and clear weather.
5. Loads on vehicle's rear or roof are not shown in the image.
</EVIDENCE>

<REASONING>
1. Without driver or interior conditions elements visible, driving distraction compliance cannot be assessed. 
2. The vehicle is straddling between two lanes which suggests improper lane discipline, indicating a violation with traffic rules,
3. Without pedestrian elements visible, pedestrian crossing rule compliance cannot be assessed.  
4. The road condition and weather appears normal, indicating compliance with road condition rules. 
5. Without cargo elements visible, vehicle load rule compliance cannot be assessed. 
</REASONING>

<DECISION>
{
  ""Driving Distraction"": ""Not Applicable"",
  ""Traffic Rules"": ""Violated"",
  ""Pedestrian Crossing"": ""Not Applicable"",
  ""Road Condition"": ""Complied"",
  ""Vehicle Load"": ""Not Applicable""
}
</DECISION>"
77,Traffic,https://images.thewest.com.au/publication/B88718076Z/1516244737073_GMH1DTA9G.1-0.jpg?imwidth=810&impolicy=wan_v3,Violated,Traffic Rules,Traffic_Rules_1,39,data/processed_images/traffic/Traffic_Rules_1/0000038.jpg,"<RULE>
1. Drivers must avoid distractions such as animals on laps, portable devices, fatigue, or anything that impairs safe driving.  
2. Drivers must obey traffic rules including giving way at pedestrian crossings, stopping for red lights, and driving correctly on service roads.  
3. Pedestrians must only crossroads when safe and must not cause hazards by entering drivers' paths unexpectedly.  
4. Drivers must operate vehicles safely considering road conditions, weather, visibility, vehicle status, traffic, laws, and personal condition.  
5. Vehicle loads must be properly secured to prevent falling, projecting dangerously, or causing instability.  
</RULE>

<INTERPRET>
1. Check if the driver is distracted by animals, devices, fatigue, or other distractions.  
2. Assess if the driver is in compliance with traffic signs, pedestrian right-of-way, and lane rules.  
3. Determine if pedestrians are crossing safely without creating hazards.  
4. Evaluate if driving conditions and environment require caution and if they are met.  
5. Verify if the vehicle loads are not properly secured and compromising safety.  
</INTERPRET>

<PERCEPTION>
Observables: A vehicle straddling between two lanes; Normal road condition and clear weather
Non-Observables: Driver or interior conditions; Traffic signs; Pedestrians; Loads on vehicle's rear or roof
</PERCEPTION>

<EVIDENCE>
1. Driver or interior conditions are not shown in the image.   
2. The image shows a vehicle straddling between two lanes. 
3. Pedestrians are not shown in the image.
4. The image shows normal road condition and clear weather.
5. Loads on vehicle's rear or roof are not shown in the image.
</EVIDENCE>

<REASONING>
1. Without driver or interior conditions elements visible, driving distraction compliance cannot be assessed. 
2. The vehicle is straddling between two lanes which suggests improper lane discipline, indicating a violation with traffic rules,
3. Without pedestrian elements visible, pedestrian crossing rule compliance cannot be assessed.  
4. The road condition and weather appears normal, indicating compliance with road condition rules. 
5. Without cargo elements visible, vehicle load rule compliance cannot be assessed. 
</REASONING>

<DECISION>
{
  ""Driving Distraction"": ""Not Applicable"",
  ""Traffic Rules"": ""Violated"",
  ""Pedestrian Crossing"": ""Not Applicable"",
  ""Road Condition"": ""Complied"",
  ""Vehicle Load"": ""Not Applicable""
}
</DECISION>"
78,Traffic,https://carfromjapan.com/wp-content/uploads/2020/08/How-to-Stay-Centered-in-Your-Lane.jpg,Violated,Traffic Rules,Traffic_Rules_1,37,data/processed_images/traffic/Traffic_Rules_1/0000036.jpg,"<RULE>
1. Drivers must avoid distractions such as animals on laps, portable devices, fatigue, or anything that impairs safe driving.  
2. Drivers must obey traffic rules including giving way at pedestrian crossings, stopping for red lights, and driving correctly on service roads.  
3. Pedestrians must only crossroads when safe and must not cause hazards by entering drivers' paths unexpectedly.  
4. Drivers must operate vehicles safely considering road conditions, weather, visibility, vehicle status, traffic, laws, and personal condition.  
5. Vehicle loads must be properly secured to prevent falling, projecting dangerously, or causing instability.  
</RULE>

<INTERPRET>
1. Check if the driver is distracted by animals, devices, fatigue, or other distractions.  
2. Assess if the driver is in compliance with traffic signs, pedestrian right-of-way, and lane rules.  
3. Determine if pedestrians are crossing safely without creating hazards.  
4. Evaluate if driving conditions and environment require caution and if they are met.  
5. Verify if the vehicle loads are not properly secured and compromising safety.  
</INTERPRET>

<PERCEPTION>
Observables: A vehicle straddling between two lanes; Normal road condition and clear weather
Non-Observables: Driver or interior conditions; Traffic signs; Pedestrians; Loads on vehicle's rear or roof
</PERCEPTION>

<EVIDENCE>
1. Driver or interior conditions are not shown in the image.   
2. The image shows a vehicle straddling between two lanes. 
3. Pedestrians are not shown in the image.
4. The image shows normal road condition and clear weather.
5. Loads on vehicle's rear or roof are not shown in the image.
</EVIDENCE>

<REASONING>
1. Without driver or interior conditions elements visible, driving distraction compliance cannot be assessed. 
2. The vehicle is straddling between two lanes which suggests improper lane discipline, indicating a violation with traffic rules,
3. Without pedestrian elements visible, pedestrian crossing rule compliance cannot be assessed.  
4. The road condition and weather appears normal, indicating compliance with road condition rules. 
5. Without cargo elements visible, vehicle load rule compliance cannot be assessed. 
</REASONING>

<DECISION>
{
  ""Driving Distraction"": ""Not Applicable"",
  ""Traffic Rules"": ""Violated"",
  ""Pedestrian Crossing"": ""Not Applicable"",
  ""Road Condition"": ""Complied"",
  ""Vehicle Load"": ""Not Applicable""
}
</DECISION>"
79,Traffic,https://encrypted-tbn0.gstatic.com/images?q=tbn:ANd9GcTjQPsH0MV0sjDARVsVSyZY9neors9H7iCfU6Cp3KfSPdIbvCaYcSY6nenIYNJPAyHlCUU&usqp=CAU,Violated,Traffic Rules,Traffic_Rules_1,27,data/processed_images/traffic/Traffic_Rules_1/0000026.jpg,"<RULE>
1. Drivers must avoid distractions such as animals on laps, portable devices, fatigue, or anything that impairs safe driving.  
2. Drivers must obey traffic rules including giving way at pedestrian crossings, stopping for red lights, and driving correctly on service roads.  
3. Pedestrians must only crossroads when safe and must not cause hazards by entering drivers' paths unexpectedly.  
4. Drivers must operate vehicles safely considering road conditions, weather, visibility, vehicle status, traffic, laws, and personal condition.  
5. Vehicle loads must be properly secured to prevent falling, projecting dangerously, or causing instability.  
</RULE>

<INTERPRET>
1. Check if the driver is distracted by animals, devices, fatigue, or other distractions.  
2. Assess if the driver is in compliance with traffic signs, pedestrian right-of-way, and lane rules.  
3. Determine if pedestrians are crossing safely without creating hazards.  
4. Evaluate if driving conditions and environment require caution and if they are met.  
5. Verify if the vehicle loads are not properly secured and compromising safety.  
</INTERPRET>

<PERCEPTION>
Observables: Vehicles parked on the curb or an area not designated for parking; Normal road condition and clear weather
Non-Observables: Driver or interior conditions; Traffic signs; Pedestrians; Loads on vehicle's rear or roof
</PERCEPTION>

<EVIDENCE>
1. Driver or interior conditions are not shown in the image.   
2. The image shows a vehicle parked on the curb or an area not designated for parking. 
3. Pedestrians are not shown in the image.
4. The image shows normal road condition and clear weather.
5. Loads on vehicle's rear or roof are not shown in the image.
</EVIDENCE>

<REASONING>
1. Without driver or interior conditions elements visible, driving distraction compliance cannot be assessed. 
2. The vehicles are parked on the curb or an area not designated for parking, indicating a violation with traffic rules,
3. Without pedestrian elements visible, pedestrian crossing rule compliance cannot be assessed.  
4. The road condition and weather appears normal, indicating compliance with road condition rules. 
5. Without cargo elements visible, vehicle load rule compliance cannot be assessed. 
</REASONING>

<DECISION>
{
  ""Driving Distraction"": ""Not Applicable"",
  ""Traffic Rules"": ""Violated"",
  ""Pedestrian Crossing"": ""Not Applicable"",
  ""Road Condition"": ""Complied"",
  ""Vehicle Load"": ""Not Applicable""
}
</DECISION>"
80,Traffic,https://media.istockphoto.com/id/1314167846/photo/rv-caravan-camping-at-the-caravan-park-camping-vacation-travel-concept.jpg?s=612x612&w=0&k=20&c=W1nPWWFlcZXe9a4Q8gmOuwHokfudxJol7OkQQFOQYfs=,Complied,Vehicle Load,Vehicle_Load_0,19,data/processed_images/traffic/Vehicle_Load_0/0000019.jpg,"<RULE>
1. Drivers must avoid distractions such as animals on laps, portable devices, fatigue, or anything that impairs safe driving.  
2. Drivers must obey traffic rules including giving way at pedestrian crossings, stopping for red lights, and driving correctly on service roads.  
3. Pedestrians must only crossroads when safe and must not cause hazards by entering drivers' paths unexpectedly.  
4. Drivers must operate vehicles safely considering road conditions, weather, visibility, vehicle status, traffic, laws, and personal condition.  
5. Vehicle loads must be properly secured to prevent falling, projecting dangerously, or causing instability.  
</RULE>

<INTERPRET>
1. Check if the driver is distracted by animals, devices, fatigue, or other distractions.  
2. Assess if the driver is in compliance with traffic signs, pedestrian right-of-way, and lane rules.  
3. Determine if pedestrians are crossing safely without creating hazards.  
4. Evaluate if driving conditions and environment require caution and if they are met.  
5. Verify if the vehicle loads are not properly secured and compromising safety.  
</INTERPRET>

<PERCEPTION>
Observables: A caravan with bicycle mounted on its back parked in a campsite; Normal road condition and clear weather
Non-Observables: Driver or interior conditions; Traffic signs; Pedestrians; Loads on vehicle's rear or roof
</PERCEPTION>

<EVIDENCE>
1. Driver or interior conditions are not shown in the image.   
2. The image shows a vehicle parked in a campsite. 
3. Pedestrians are not shown in the image.
4. The image shows normal road condition and clear weather.
5. The image shows a caravan with bicycle mounted on its back.
</EVIDENCE>

<REASONING>
1. Without driver or interior conditions elements visible, driving distraction compliance cannot be assessed. 
2. The caravan is properly parked in a campsite, indicating compliance with traffic rules.
3. Without pedestrian elements visible, pedestrian crossing rule compliance cannot be assessed.  
4. The road condition and weather appears normal, indicating compliance with road condition rules. 
5. The bicycle is properly secured, indicating compliance with vehicle load rules. 
</REASONING>

<DECISION>
{
  ""Driving Distraction"": ""Not Applicable"",
  ""Traffic Rules"": ""Complied"",
  ""Pedestrian Crossing"": ""Not Applicable"",
  ""Road Condition"": ""Complied"",
  ""Vehicle Load"": ""Complied""
}
</DECISION>"
81,Traffic,https://media.istockphoto.com/id/157286698/photo/tow-truck-hauling-a-new-red-car.jpg?s=612x612&w=0&k=20&c=RY6v23MkyjhBjLw7HNhnvUWQqNqmGX4SbR5Y1P1ScE8=,Complied,Vehicle Load,Vehicle_Load_0,34,data/processed_images/traffic/Vehicle_Load_0/0000034.jpg,"<RULE>
1. Drivers must avoid distractions such as animals on laps, portable devices, fatigue, or anything that impairs safe driving.  
2. Drivers must obey traffic rules including giving way at pedestrian crossings, stopping for red lights, and driving correctly on service roads.  
3. Pedestrians must only crossroads when safe and must not cause hazards by entering drivers' paths unexpectedly.  
4. Drivers must operate vehicles safely considering road conditions, weather, visibility, vehicle status, traffic, laws, and personal condition.  
5. Vehicle loads must be properly secured to prevent falling, projecting dangerously, or causing instability.  
</RULE>

<INTERPRET>
1. Check if the driver is distracted by animals, devices, fatigue, or other distractions.  
2. Assess if the driver is in compliance with traffic signs, pedestrian right-of-way, and lane rules.  
3. Determine if pedestrians are crossing safely without creating hazards.  
4. Evaluate if driving conditions and environment require caution and if they are met.  
5. Verify if the vehicle loads are not properly secured and compromising safety.  
</INTERPRET>

<PERCEPTION>
Observables: A red convertible car being transported on a flatbed truck; Normal road condition and clear weather
Non-Observables: Driver or interior conditions; Traffic signs; Pedestrians; Loads on vehicle's rear or roof
</PERCEPTION>

<EVIDENCE>
1. Driver or interior conditions are not shown in the image.   
2. The image shows a truck traveling normally along the road. 
3. Pedestrians are not shown in the image.
4. The image shows normal road condition and clear weather.
5. The image shows a red convertible car being transported on a flatbed truck.
</EVIDENCE>

<REASONING>
1. Without driver or interior conditions elements visible, driving distraction compliance cannot be assessed. 
2. The truck is traveling normally along the road, indicating compliance with traffic rules.
3. Without pedestrian elements visible, pedestrian crossing rule compliance cannot be assessed.  
4. The road condition and weather appears normal, indicating compliance with road condition rules. 
5. The red convertible car is properly secured, indicating compliance with vehicle load rules. 
</REASONING>

<DECISION>
{
  ""Driving Distraction"": ""Not Applicable"",
  ""Traffic Rules"": ""Complied"",
  ""Pedestrian Crossing"": ""Not Applicable"",
  ""Road Condition"": ""Complied"",
  ""Vehicle Load"": ""Complied""
}
</DECISION>"
82,Traffic,https://c8.alamy.com/comp/R91MPF/big-rig-long-haul-powerful-semi-truck-with-empty-light-weight-aluminum-flat-bed-semi-trailer-running-on-the-winter-road-in-convoy-with-another-semi-tr-R91MPF.jpg,Complied,Vehicle Load,Vehicle_Load_0,6,data/processed_images/traffic/Vehicle_Load_0/0000006.jpg,"<RULE>
1. Drivers must avoid distractions such as animals on laps, portable devices, fatigue, or anything that impairs safe driving.  
2. Drivers must obey traffic rules including giving way at pedestrian crossings, stopping for red lights, and driving correctly on service roads.  
3. Pedestrians must only crossroads when safe and must not cause hazards by entering drivers' paths unexpectedly.  
4. Drivers must operate vehicles safely considering road conditions, weather, visibility, vehicle status, traffic, laws, and personal condition.  
5. Vehicle loads must be properly secured to prevent falling, projecting dangerously, or causing instability.  
</RULE>

<INTERPRET>
1. Check if the driver is distracted by animals, devices, fatigue, or other distractions.  
2. Assess if the driver is in compliance with traffic signs, pedestrian right-of-way, and lane rules.  
3. Determine if pedestrians are crossing safely without creating hazards.  
4. Evaluate if driving conditions and environment require caution and if they are met.  
5. Verify if the vehicle loads are not properly secured and compromising safety.  
</INTERPRET>

<PERCEPTION>
Observables: A truck with minimal loads; Normal road condition and clear weather
Non-Observables: Driver or interior conditions; Traffic signs; Pedestrians; Loads on vehicle's rear or roof
</PERCEPTION>

<EVIDENCE>
1. Driver or interior conditions are not shown in the image.   
2. The image shows a truck traveling normally along the road. 
3. Pedestrians are not shown in the image.
4. The image shows normal road condition and clear weather.
5. The image shows a truck with minimal loads.
</EVIDENCE>

<REASONING>
1. Without driver or interior conditions elements visible, driving distraction compliance cannot be assessed. 
2. The truck is traveling normally along the road, indicating compliance with traffic rules.
3. Without pedestrian elements visible, pedestrian crossing rule compliance cannot be assessed.  
4. The road condition and weather appears normal, indicating compliance with road condition rules. 
5. The trucks' loads appear secure, indicating compliance with vehicle load rules. 
</REASONING>

<DECISION>
{
  ""Driving Distraction"": ""Not Applicable"",
  ""Traffic Rules"": ""Complied"",
  ""Pedestrian Crossing"": ""Not Applicable"",
  ""Road Condition"": ""Complied"",
  ""Vehicle Load"": ""Complied""
}
</DECISION>"
83,Traffic,https://media.istockphoto.com/id/474505090/photo/lorry-with-hay-bales.jpg?s=612x612&w=0&k=20&c=g4DqkKG1ORHA5fmdcqdQjGfeEt6uiuGfDovhLCR4TGY=,Complied,Vehicle Load,Vehicle_Load_0,47,data/processed_images/traffic/Vehicle_Load_0/0000047.jpg,"<RULE>
1. Drivers must avoid distractions such as animals on laps, portable devices, fatigue, or anything that impairs safe driving.  
2. Drivers must obey traffic rules including giving way at pedestrian crossings, stopping for red lights, and driving correctly on service roads.  
3. Pedestrians must only crossroads when safe and must not cause hazards by entering drivers' paths unexpectedly.  
4. Drivers must operate vehicles safely considering road conditions, weather, visibility, vehicle status, traffic, laws, and personal condition.  
5. Vehicle loads must be properly secured to prevent falling, projecting dangerously, or causing instability.  
</RULE>

<INTERPRET>
1. Check if the driver is distracted by animals, devices, fatigue, or other distractions.  
2. Assess if the driver is in compliance with traffic signs, pedestrian right-of-way, and lane rules.  
3. Determine if pedestrians are crossing safely without creating hazards.  
4. Evaluate if driving conditions and environment require caution and if they are met.  
5. Verify if the vehicle loads are not properly secured and compromising safety.  
</INTERPRET>

<PERCEPTION>
Observables: A truck with properly secured loads; Normal road condition and clear weather
Non-Observables: Driver or interior conditions; Traffic signs; Pedestrians; Loads on vehicle's rear or roof
</PERCEPTION>

<EVIDENCE>
1. Driver or interior conditions are not shown in the image.   
2. The image shows a truck traveling normally along the road. 
3. Pedestrians are not shown in the image.
4. The image shows normal road condition and clear weather.
5. The image shows a truck with properly secured loads.
</EVIDENCE>

<REASONING>
1. Without driver or interior conditions elements visible, driving distraction compliance cannot be assessed. 
2. The truck is traveling normally along the road, indicating compliance with traffic rules.
3. Without pedestrian elements visible, pedestrian crossing rule compliance cannot be assessed.  
4. The road condition and weather appears normal, indicating compliance with road condition rules. 
5. The trucks' loads appear secure, indicating compliance with vehicle load rules. 
</REASONING>

<DECISION>
{
  ""Driving Distraction"": ""Not Applicable"",
  ""Traffic Rules"": ""Complied"",
  ""Pedestrian Crossing"": ""Not Applicable"",
  ""Road Condition"": ""Complied"",
  ""Vehicle Load"": ""Complied""
}
</DECISION>"
84,Traffic,https://media.istockphoto.com/id/648217724/photo/car-with-kayak-on-top-roof.jpg?s=612x612&w=0&k=20&c=kY9-NNW_ms7GPwUZ0bUdBLrPKh3WIkTzjlsUVuZMj8A=,Complied,Vehicle Load,Vehicle_Load_0,26,data/processed_images/traffic/Vehicle_Load_0/0000026.jpg,"<RULE>
1. Drivers must avoid distractions such as animals on laps, portable devices, fatigue, or anything that impairs safe driving.  
2. Drivers must obey traffic rules including giving way at pedestrian crossings, stopping for red lights, and driving correctly on service roads.  
3. Pedestrians must only crossroads when safe and must not cause hazards by entering drivers' paths unexpectedly.  
4. Drivers must operate vehicles safely considering road conditions, weather, visibility, vehicle status, traffic, laws, and personal condition.  
5. Vehicle loads must be properly secured to prevent falling, projecting dangerously, or causing instability.  
</RULE>

<INTERPRET>
1. Check if the driver is distracted by animals, devices, fatigue, or other distractions.  
2. Assess if the driver is in compliance with traffic signs, pedestrian right-of-way, and lane rules.  
3. Determine if pedestrians are crossing safely without creating hazards.  
4. Evaluate if driving conditions and environment require caution and if they are met.  
5. Verify if the vehicle loads are not properly secured and compromising safety.  
</INTERPRET>

<PERCEPTION>
Observables: A vehicle with a kayak tied on its roof; Normal road condition and clear weather
Non-Observables: Driver or interior conditions; Traffic signs; Pedestrians; Loads on vehicle's rear or roof
</PERCEPTION>

<EVIDENCE>
1. Driver or interior conditions are not shown in the image.   
2. The image shows a vehicle traveling normally along the road. 
3. Pedestrians are not shown in the image.
4. The image shows normal road condition and clear weather.
5. The image shows a vehicle with a kayak tied on its roof.
</EVIDENCE>

<REASONING>
1. Without driver or interior conditions elements visible, driving distraction compliance cannot be assessed. 
2. The vehicle is traveling normally along the road, indicating compliance with traffic rules.
3. Without pedestrian elements visible, pedestrian crossing rule compliance cannot be assessed.  
4. The road condition and weather appears normal, indicating compliance with road condition rules. 
5. The loads appear secure, indicating compliance with vehicle load rules. 
</REASONING>

<DECISION>
{
  ""Driving Distraction"": ""Not Applicable"",
  ""Traffic Rules"": ""Complied"",
  ""Pedestrian Crossing"": ""Not Applicable"",
  ""Road Condition"": ""Complied"",
  ""Vehicle Load"": ""Complied""
}
</DECISION>"
85,Traffic,https://media.istockphoto.com/id/467838539/photo/car-with-kayak-canoe-on-top-blue-sky-active-lifestyle.jpg?s=612x612&w=0&k=20&c=KtkCc8AZIL3_rmKzib3tIBGYaM3s5R_N5BQWPrcAcRA=,Complied,Vehicle Load,Vehicle_Load_0,23,data/processed_images/traffic/Vehicle_Load_0/0000023.jpg,"<RULE>
1. Drivers must avoid distractions such as animals on laps, portable devices, fatigue, or anything that impairs safe driving.  
2. Drivers must obey traffic rules including giving way at pedestrian crossings, stopping for red lights, and driving correctly on service roads.  
3. Pedestrians must only crossroads when safe and must not cause hazards by entering drivers' paths unexpectedly.  
4. Drivers must operate vehicles safely considering road conditions, weather, visibility, vehicle status, traffic, laws, and personal condition.  
5. Vehicle loads must be properly secured to prevent falling, projecting dangerously, or causing instability.  
</RULE>

<INTERPRET>
1. Check if the driver is distracted by animals, devices, fatigue, or other distractions.  
2. Assess if the driver is in compliance with traffic signs, pedestrian right-of-way, and lane rules.  
3. Determine if pedestrians are crossing safely without creating hazards.  
4. Evaluate if driving conditions and environment require caution and if they are met.  
5. Verify if the vehicle loads are not properly secured and compromising safety.  
</INTERPRET>

<PERCEPTION>
Observables: A vehicle with a kayak tied on its roof; Normal road condition and clear weather
Non-Observables: Driver or interior conditions; Traffic signs; Pedestrians; Loads on vehicle's rear or roof
</PERCEPTION>

<EVIDENCE>
1. Driver or interior conditions are not shown in the image.   
2. The image shows a vehicle traveling normally along the road. 
3. Pedestrians are not shown in the image.
4. The image shows normal road condition and clear weather.
5. The image shows a vehicle with a kayak tied on its roof.
</EVIDENCE>

<REASONING>
1. Without driver or interior conditions elements visible, driving distraction compliance cannot be assessed. 
2. The vehicle is traveling normally along the road, indicating compliance with traffic rules.
3. Without pedestrian elements visible, pedestrian crossing rule compliance cannot be assessed.  
4. The road condition and weather appears normal, indicating compliance with road condition rules. 
5. The loads appear secure, indicating compliance with vehicle load rules. 
</REASONING>

<DECISION>
{
  ""Driving Distraction"": ""Not Applicable"",
  ""Traffic Rules"": ""Complied"",
  ""Pedestrian Crossing"": ""Not Applicable"",
  ""Road Condition"": ""Complied"",
  ""Vehicle Load"": ""Complied""
}
</DECISION>"
86,Traffic,https://media.istockphoto.com/id/2171315771/photo/car-for-traveling-with-a-mountain-road.jpg?s=612x612&w=0&k=20&c=eirBpiMqIcKhocic8rMCULfiGGIwz5IyDRoFnkV617o=,Complied,Vehicle Load,Vehicle_Load_0,28,data/processed_images/traffic/Vehicle_Load_0/0000028.jpg,"<RULE>
1. Drivers must avoid distractions such as animals on laps, portable devices, fatigue, or anything that impairs safe driving.  
2. Drivers must obey traffic rules including giving way at pedestrian crossings, stopping for red lights, and driving correctly on service roads.  
3. Pedestrians must only crossroads when safe and must not cause hazards by entering drivers' paths unexpectedly.  
4. Drivers must operate vehicles safely considering road conditions, weather, visibility, vehicle status, traffic, laws, and personal condition.  
5. Vehicle loads must be properly secured to prevent falling, projecting dangerously, or causing instability.  
</RULE>

<INTERPRET>
1. Check if the driver is distracted by animals, devices, fatigue, or other distractions.  
2. Assess if the driver is in compliance with traffic signs, pedestrian right-of-way, and lane rules.  
3. Determine if pedestrians are crossing safely without creating hazards.  
4. Evaluate if driving conditions and environment require caution and if they are met.  
5. Verify if the vehicle loads are not properly secured and compromising safety.  
</INTERPRET>

<PERCEPTION>
Observables: A vehicle with a roof box on its roof; Normal road condition and clear weather
Non-Observables: Driver or interior conditions; Traffic signs; Pedestrians; Loads on vehicle's rear or roof
</PERCEPTION>

<EVIDENCE>
1. Driver or interior conditions are not shown in the image.   
2. The image shows a vehicle traveling normally along the road. 
3. Pedestrians are not shown in the image.
4. The image shows normal road condition and clear weather.
5. The image shows a vehicle with a roof box on its roof.
</EVIDENCE>

<REASONING>
1. Without driver or interior conditions elements visible, driving distraction compliance cannot be assessed. 
2. The vehicle is traveling normally along the road, indicating compliance with traffic rules.
3. Without pedestrian elements visible, pedestrian crossing rule compliance cannot be assessed.  
4. The road condition and weather appears normal, indicating compliance with road condition rules. 
5. The loads appear secure, indicating compliance with vehicle load rules. 
</REASONING>

<DECISION>
{
  ""Driving Distraction"": ""Not Applicable"",
  ""Traffic Rules"": ""Complied"",
  ""Pedestrian Crossing"": ""Not Applicable"",
  ""Road Condition"": ""Complied"",
  ""Vehicle Load"": ""Complied""
}
</DECISION>"
87,Traffic,https://live.staticflickr.com/65535/50328552863_082a2f95a2_z.jpg,Complied,Vehicle Load,Vehicle_Load_0,8,data/processed_images/traffic/Vehicle_Load_0/0000008.jpg,"<RULE>
1. Drivers must avoid distractions such as animals on laps, portable devices, fatigue, or anything that impairs safe driving.  
2. Drivers must obey traffic rules including giving way at pedestrian crossings, stopping for red lights, and driving correctly on service roads.  
3. Pedestrians must only crossroads when safe and must not cause hazards by entering drivers' paths unexpectedly.  
4. Drivers must operate vehicles safely considering road conditions, weather, visibility, vehicle status, traffic, laws, and personal condition.  
5. Vehicle loads must be properly secured to prevent falling, projecting dangerously, or causing instability.  
</RULE>

<INTERPRET>
1. Check if the driver is distracted by animals, devices, fatigue, or other distractions.  
2. Assess if the driver is in compliance with traffic signs, pedestrian right-of-way, and lane rules.  
3. Determine if pedestrians are crossing safely without creating hazards.  
4. Evaluate if driving conditions and environment require caution and if they are met.  
5. Verify if the vehicle loads are not properly secured and compromising safety.  
</INTERPRET>

<PERCEPTION>
Observables: A truck with properly secured loads; Normal road condition and clear weather
Non-Observables: Driver or interior conditions; Traffic signs; Pedestrians; Loads on vehicle's rear or roof
</PERCEPTION>

<EVIDENCE>
1. Driver or interior conditions are not shown in the image.   
2. The image shows a truck traveling normally along the road. 
3. Pedestrians are not shown in the image.
4. The image shows normal road condition and clear weather.
5. The image shows a truck with properly secured loads.
</EVIDENCE>

<REASONING>
1. Without driver or interior conditions elements visible, driving distraction compliance cannot be assessed. 
2. The truck is traveling normally along the road, indicating compliance with traffic rules.
3. Without pedestrian elements visible, pedestrian crossing rule compliance cannot be assessed.  
4. The road condition and weather appears normal, indicating compliance with road condition rules. 
5. The trucks' loads appear secure, indicating compliance with vehicle load rules. 
</REASONING>

<DECISION>
{
  ""Driving Distraction"": ""Not Applicable"",
  ""Traffic Rules"": ""Complied"",
  ""Pedestrian Crossing"": ""Not Applicable"",
  ""Road Condition"": ""Complied"",
  ""Vehicle Load"": ""Complied""
}
</DECISION>"
88,Traffic,https://media.istockphoto.com/id/2210808753/photo/a-truck-loaded-with-logs-drives-under-a-cloudy-blue-sky-logistic-and-transportation-of-timber.jpg?s=612x612&w=0&k=20&c=m6zRFPyafOsIpUgFc31YpE2s4-H2SsHfv9UbZh_uX5Y=,Complied,Vehicle Load,Vehicle_Load_0,42,data/processed_images/traffic/Vehicle_Load_0/0000042.jpg,"<RULE>
1. Drivers must avoid distractions such as animals on laps, portable devices, fatigue, or anything that impairs safe driving.  
2. Drivers must obey traffic rules including giving way at pedestrian crossings, stopping for red lights, and driving correctly on service roads.  
3. Pedestrians must only crossroads when safe and must not cause hazards by entering drivers' paths unexpectedly.  
4. Drivers must operate vehicles safely considering road conditions, weather, visibility, vehicle status, traffic, laws, and personal condition.  
5. Vehicle loads must be properly secured to prevent falling, projecting dangerously, or causing instability.  
</RULE>

<INTERPRET>
1. Check if the driver is distracted by animals, devices, fatigue, or other distractions.  
2. Assess if the driver is in compliance with traffic signs, pedestrian right-of-way, and lane rules.  
3. Determine if pedestrians are crossing safely without creating hazards.  
4. Evaluate if driving conditions and environment require caution and if they are met.  
5. Verify if the vehicle loads are not properly secured and compromising safety.  
</INTERPRET>

<PERCEPTION>
Observables: A truck with properly secured loads of logs; Normal road condition and clear weather
Non-Observables: Driver or interior conditions; Traffic signs; Pedestrians; Loads on vehicle's rear or roof
</PERCEPTION>

<EVIDENCE>
1. Driver or interior conditions are not shown in the image.   
2. The image shows a truck traveling normally along the road. 
3. Pedestrians are not shown in the image.
4. The image shows normal road condition and clear weather.
5. The image shows a truck with properly secured loads of logs.
</EVIDENCE>

<REASONING>
1. Without driver or interior conditions elements visible, driving distraction compliance cannot be assessed. 
2. The truck is traveling normally along the road, indicating compliance with traffic rules.
3. Without pedestrian elements visible, pedestrian crossing rule compliance cannot be assessed.  
4. The road condition and weather appears normal, indicating compliance with road condition rules. 
5. The trucks' loads appear secure, indicating compliance with vehicle load rules. 
</REASONING>

<DECISION>
{
  ""Driving Distraction"": ""Not Applicable"",
  ""Traffic Rules"": ""Complied"",
  ""Pedestrian Crossing"": ""Not Applicable"",
  ""Road Condition"": ""Complied"",
  ""Vehicle Load"": ""Complied""
}
</DECISION>"
89,Traffic,https://st.depositphotos.com/1005951/55322/i/450/depositphotos_553222338-stock-photo-large-roof-box-storage-red.jpg,Complied,Vehicle Load,Vehicle_Load_0,16,data/processed_images/traffic/Vehicle_Load_0/0000016.jpg,"<RULE>
1. Drivers must avoid distractions such as animals on laps, portable devices, fatigue, or anything that impairs safe driving.  
2. Drivers must obey traffic rules including giving way at pedestrian crossings, stopping for red lights, and driving correctly on service roads.  
3. Pedestrians must only crossroads when safe and must not cause hazards by entering drivers' paths unexpectedly.  
4. Drivers must operate vehicles safely considering road conditions, weather, visibility, vehicle status, traffic, laws, and personal condition.  
5. Vehicle loads must be properly secured to prevent falling, projecting dangerously, or causing instability.  
</RULE>

<INTERPRET>
1. Check if the driver is distracted by animals, devices, fatigue, or other distractions.  
2. Assess if the driver is in compliance with traffic signs, pedestrian right-of-way, and lane rules.  
3. Determine if pedestrians are crossing safely without creating hazards.  
4. Evaluate if driving conditions and environment require caution and if they are met.  
5. Verify if the vehicle loads are not properly secured and compromising safety.  
</INTERPRET>

<PERCEPTION>
Observables: A vehicle with a roof box on its roof; Normal road condition and clear weather
Non-Observables: Driver or interior conditions; Traffic signs; Pedestrians; Loads on vehicle's rear or roof
</PERCEPTION>

<EVIDENCE>
1. Driver or interior conditions are not shown in the image.   
2. The image shows a vehicle traveling normally along the road. 
3. Pedestrians are not shown in the image.
4. The image shows normal road condition and clear weather.
5. The image shows a vehicle with a roof box on its roof.
</EVIDENCE>

<REASONING>
1. Without driver or interior conditions elements visible, driving distraction compliance cannot be assessed. 
2. The vehicle is traveling normally along the road, indicating compliance with traffic rules.
3. Without pedestrian elements visible, pedestrian crossing rule compliance cannot be assessed.  
4. The road condition and weather appears normal, indicating compliance with road condition rules. 
5. The loads appear secure, indicating compliance with vehicle load rules. 
</REASONING>

<DECISION>
{
  ""Driving Distraction"": ""Not Applicable"",
  ""Traffic Rules"": ""Complied"",
  ""Pedestrian Crossing"": ""Not Applicable"",
  ""Road Condition"": ""Complied"",
  ""Vehicle Load"": ""Complied""
}
</DECISION>"
90,Traffic,https://c8.alamy.com/comp/RMTBRR/overloaded-truck-on-a-country-road-in-rajasthan-trucks-carrying-heavy-loads-characterize-traffic-in-india-RMTBRR.jpg,Violated,Vehicle Load,Vehicle_Load_1,3,data/processed_images/traffic/Vehicle_Load_1/0000003.jpg,"<RULE>
1. Drivers must avoid distractions such as animals on laps, portable devices, fatigue, or anything that impairs safe driving.  
2. Drivers must obey traffic rules including giving way at pedestrian crossings, stopping for red lights, and driving correctly on service roads.  
3. Pedestrians must only crossroads when safe and must not cause hazards by entering drivers' paths unexpectedly.  
4. Drivers must operate vehicles safely considering road conditions, weather, visibility, vehicle status, traffic, laws, and personal condition.  
5. Vehicle loads must be properly secured to prevent falling, projecting dangerously, or causing instability.  
</RULE>

<INTERPRET>
1. Check if the driver is distracted by animals, devices, fatigue, or other distractions.  
2. Assess if the driver is in compliance with traffic signs, pedestrian right-of-way, and lane rules.  
3. Determine if pedestrians are crossing safely without creating hazards.  
4. Evaluate if driving conditions and environment require caution and if they are met.  
5. Verify if the vehicle loads are not properly secured and compromising safety.  
</INTERPRET>

<PERCEPTION>
Observables: A truck overloaded with loosely secured sacks or bags; Normal road condition and clear weather
Non-Observables: Driver or interior conditions; Traffic signs; Pedestrians; Loads on vehicle's rear or roof
</PERCEPTION>

<EVIDENCE>
1. Driver or interior conditions are not shown in the image.   
2. The image shows a truck traveling normally along the road. 
3. Pedestrians are not shown in the image.
4. The image shows normal road condition and clear weather.
5. The image shows a truck overloaded with loosely secured sacks or bags.
</EVIDENCE>

<REASONING>
1. Without driver or interior conditions elements visible, driving distraction compliance cannot be assessed. 
2. The truck is traveling normally along the road, indicating compliance with traffic rules.
3. Without pedestrian elements visible, pedestrian crossing rule compliance cannot be assessed.  
4. The road condition and weather appears normal, indicating compliance with road condition rules. 
5. The loads appear not properly secured, indicating a violation of vehicle load rules. 
</REASONING>

<DECISION>
{
  ""Driving Distraction"": ""Not Applicable"",
  ""Traffic Rules"": ""Complied"",
  ""Pedestrian Crossing"": ""Not Applicable"",
  ""Road Condition"": ""Complied"",
  ""Vehicle Load"": ""Violated""
}
</DECISION>"
91,Traffic,https://blog.trucksuvidha.com/wp-content/uploads/2015/02/Picture15.jpg,Violated,Vehicle Load,Vehicle_Load_1,4,data/processed_images/traffic/Vehicle_Load_1/0000004.jpg,"<RULE>
1. Drivers must avoid distractions such as animals on laps, portable devices, fatigue, or anything that impairs safe driving.  
2. Drivers must obey traffic rules including giving way at pedestrian crossings, stopping for red lights, and driving correctly on service roads.  
3. Pedestrians must only crossroads when safe and must not cause hazards by entering drivers' paths unexpectedly.  
4. Drivers must operate vehicles safely considering road conditions, weather, visibility, vehicle status, traffic, laws, and personal condition.  
5. Vehicle loads must be properly secured to prevent falling, projecting dangerously, or causing instability.  
</RULE>

<INTERPRET>
1. Check if the driver is distracted by animals, devices, fatigue, or other distractions.  
2. Assess if the driver is in compliance with traffic signs, pedestrian right-of-way, and lane rules.  
3. Determine if pedestrians are crossing safely without creating hazards.  
4. Evaluate if driving conditions and environment require caution and if they are met.  
5. Verify if the vehicle loads are not properly secured and compromising safety.  
</INTERPRET>

<PERCEPTION>
Observables: A truck overloaded with loosely secured sacks or bags; Normal road condition and clear weather
Non-Observables: Driver or interior conditions; Traffic signs; Pedestrians; Loads on vehicle's rear or roof
</PERCEPTION>

<EVIDENCE>
1. Driver or interior conditions are not shown in the image.   
2. The image shows a truck traveling normally along the road. 
3. Pedestrians are not shown in the image.
4. The image shows normal road condition and clear weather.
5. The image shows a truck overloaded with loosely secured sacks or bags.
</EVIDENCE>

<REASONING>
1. Without driver or interior conditions elements visible, driving distraction compliance cannot be assessed. 
2. The truck is traveling normally along the road, indicating compliance with traffic rules.
3. Without pedestrian elements visible, pedestrian crossing rule compliance cannot be assessed.  
4. The road condition and weather appears normal, indicating compliance with road condition rules. 
5. The loads appear not properly secured, indicating a violation of vehicle load rules. 
</REASONING>

<DECISION>
{
  ""Driving Distraction"": ""Not Applicable"",
  ""Traffic Rules"": ""Complied"",
  ""Pedestrian Crossing"": ""Not Applicable"",
  ""Road Condition"": ""Complied"",
  ""Vehicle Load"": ""Violated""
}
</DECISION>"
92,Traffic,https://media.istockphoto.com/id/1131258299/photo/car-image.jpg?s=612x612&w=0&k=20&c=v49ErTNHKHQELS236B2Gw62-IYopts45atCjtp4Yo04=,Violated,Vehicle Load,Vehicle_Load_1,25,data/processed_images/traffic/Vehicle_Load_1/0000025.jpg,"<RULE>
1. Drivers must avoid distractions such as animals on laps, portable devices, fatigue, or anything that impairs safe driving.  
2. Drivers must obey traffic rules including giving way at pedestrian crossings, stopping for red lights, and driving correctly on service roads.  
3. Pedestrians must only crossroads when safe and must not cause hazards by entering drivers' paths unexpectedly.  
4. Drivers must operate vehicles safely considering road conditions, weather, visibility, vehicle status, traffic, laws, and personal condition.  
5. Vehicle loads must be properly secured to prevent falling, projecting dangerously, or causing instability.  
</RULE>

<INTERPRET>
1. Check if the driver is distracted by animals, devices, fatigue, or other distractions.  
2. Assess if the driver is in compliance with traffic signs, pedestrian right-of-way, and lane rules.  
3. Determine if pedestrians are crossing safely without creating hazards.  
4. Evaluate if driving conditions and environment require caution and if they are met.  
5. Verify if the vehicle loads are not properly secured and compromising safety.  
</INTERPRET>

<PERCEPTION>
Observables: A truck carrying loosely secure pipe that is hanging over the edge; Normal road condition and clear weather
Non-Observables: Driver or interior conditions; Traffic signs; Pedestrians; Loads on vehicle's rear or roof
</PERCEPTION>

<EVIDENCE>
1. Driver or interior conditions are not shown in the image.   
2. The image shows a truck traveling normally along the road. 
3. Pedestrians are not shown in the image.
4. The image shows normal road condition and clear weather.
5. The image shows a truck carrying loosely secure pipe that is hanging over the edge.
</EVIDENCE>

<REASONING>
1. Without driver or interior conditions elements visible, driving distraction compliance cannot be assessed. 
2. The truck is traveling normally along the road, indicating compliance with traffic rules.
3. Without pedestrian elements visible, pedestrian crossing rule compliance cannot be assessed.  
4. The road condition and weather appears normal, indicating compliance with road condition rules. 
5. The loads appear not properly secured, indicating a violation of vehicle load rules. 
</REASONING>

<DECISION>
{
  ""Driving Distraction"": ""Not Applicable"",
  ""Traffic Rules"": ""Complied"",
  ""Pedestrian Crossing"": ""Not Applicable"",
  ""Road Condition"": ""Complied"",
  ""Vehicle Load"": ""Violated""
}
</DECISION>"
93,Traffic,https://st5.depositphotos.com/49678184/72426/i/380/depositphotos_724268454-stock-photo-rear-view-overloaded-van-traveling.jpg,Violated,Vehicle Load,Vehicle_Load_1,11,data/processed_images/traffic/Vehicle_Load_1/0000011.jpg,"<RULE>
1. Drivers must avoid distractions such as animals on laps, portable devices, fatigue, or anything that impairs safe driving.  
2. Drivers must obey traffic rules including giving way at pedestrian crossings, stopping for red lights, and driving correctly on service roads.  
3. Pedestrians must only crossroads when safe and must not cause hazards by entering drivers' paths unexpectedly.  
4. Drivers must operate vehicles safely considering road conditions, weather, visibility, vehicle status, traffic, laws, and personal condition.  
5. Vehicle loads must be properly secured to prevent falling, projecting dangerously, or causing instability.  
</RULE>

<INTERPRET>
1. Check if the driver is distracted by animals, devices, fatigue, or other distractions.  
2. Assess if the driver is in compliance with traffic signs, pedestrian right-of-way, and lane rules.  
3. Determine if pedestrians are crossing safely without creating hazards.  
4. Evaluate if driving conditions and environment require caution and if they are met.  
5. Verify if the vehicle loads are not properly secured and compromising safety.  
</INTERPRET>

<PERCEPTION>
Observables: A bus overloaded with various items, including a loosely secured bicycle and packages covered by a tarp; Normal road condition and clear weather
Non-Observables: Driver or interior conditions; Traffic signs; Pedestrians; Loads on vehicle's rear or roof
</PERCEPTION>

<EVIDENCE>
1. Driver or interior conditions are not shown in the image.   
2. The image shows a bus traveling normally along the road. 
3. Pedestrians are not shown in the image.
4. The image shows normal road condition and clear weather.
5. The image shows a bus overloaded with various items, including a loosely secured bicycle and packages covered by a tarp.
</EVIDENCE>

<REASONING>
1. Without driver or interior conditions elements visible, driving distraction compliance cannot be assessed. 
2. The bus is traveling normally along the road, indicating compliance with traffic rules.
3. Without pedestrian elements visible, pedestrian crossing rule compliance cannot be assessed.  
4. The road condition and weather appears normal, indicating compliance with road condition rules. 
5. The loads appear not properly secured, indicating a violation of vehicle load rules. 
</REASONING>

<DECISION>
{
  ""Driving Distraction"": ""Not Applicable"",
  ""Traffic Rules"": ""Complied"",
  ""Pedestrian Crossing"": ""Not Applicable"",
  ""Road Condition"": ""Complied"",
  ""Vehicle Load"": ""Violated""
}
</DECISION>"
94,Traffic,https://media.istockphoto.com/id/177540596/photo/truck-travelling-on-roadway-heavily-overloaded-by-wood.jpg?s=612x612&w=0&k=20&c=iy4LhQzbb7155A5Yl5ppMEFgAvj93G0ccIZqzPLAol0=,Violated,Vehicle Load,Vehicle_Load_1,8,data/processed_images/traffic/Vehicle_Load_1/0000008.jpg,"<RULE>
1. Drivers must avoid distractions such as animals on laps, portable devices, fatigue, or anything that impairs safe driving.  
2. Drivers must obey traffic rules including giving way at pedestrian crossings, stopping for red lights, and driving correctly on service roads.  
3. Pedestrians must only crossroads when safe and must not cause hazards by entering drivers' paths unexpectedly.  
4. Drivers must operate vehicles safely considering road conditions, weather, visibility, vehicle status, traffic, laws, and personal condition.  
5. Vehicle loads must be properly secured to prevent falling, projecting dangerously, or causing instability.  
</RULE>

<INTERPRET>
1. Check if the driver is distracted by animals, devices, fatigue, or other distractions.  
2. Assess if the driver is in compliance with traffic signs, pedestrian right-of-way, and lane rules.  
3. Determine if pedestrians are crossing safely without creating hazards.  
4. Evaluate if driving conditions and environment require caution and if they are met.  
5. Verify if the vehicle loads are not properly secured and compromising safety.  
</INTERPRET>

<PERCEPTION>
Observables: A truck overloaded with wooden logs hanging over the edge; Normal road condition and clear weather
Non-Observables: Driver or interior conditions; Traffic signs; Pedestrians; Loads on vehicle's rear or roof
</PERCEPTION>

<EVIDENCE>
1. Driver or interior conditions are not shown in the image.   
2. The image shows a truck traveling normally along the road. 
3. Pedestrians are not shown in the image.
4. The image shows normal road condition and clear weather.
5. The image shows a truck overloaded with wooden logs hanging over the edge.
</EVIDENCE>

<REASONING>
1. Without driver or interior conditions elements visible, driving distraction compliance cannot be assessed. 
2. The truck is traveling normally along the road, indicating compliance with traffic rules.
3. Without pedestrian elements visible, pedestrian crossing rule compliance cannot be assessed.  
4. The road condition and weather appears normal, indicating compliance with road condition rules. 
5. The loads appear not properly secured, indicating a violation of vehicle load rules. 
</REASONING>

<DECISION>
{
  ""Driving Distraction"": ""Not Applicable"",
  ""Traffic Rules"": ""Complied"",
  ""Pedestrian Crossing"": ""Not Applicable"",
  ""Road Condition"": ""Complied"",
  ""Vehicle Load"": ""Violated""
}
</DECISION>"
95,Traffic,https://encrypted-tbn0.gstatic.com/images?q=tbn:ANd9GcQqTx9COrIqbcEFQ9j6fnzqbv-uxiiqULGEzx2Lp5tBTLAfF0O6D5gEAdxl2ebobFCo3kU&usqp=CAU,Violated,Vehicle Load,Vehicle_Load_1,41,data/processed_images/traffic/Traffic_Rules_1/0000032.jpg,"<RULE>
1. Drivers must avoid distractions such as animals on laps, portable devices, fatigue, or anything that impairs safe driving.  
2. Drivers must obey traffic rules including giving way at pedestrian crossings, stopping for red lights, and driving correctly on service roads.  
3. Pedestrians must only crossroads when safe and must not cause hazards by entering drivers' paths unexpectedly.  
4. Drivers must operate vehicles safely considering road conditions, weather, visibility, vehicle status, traffic, laws, and personal condition.  
5. Vehicle loads must be properly secured to prevent falling, projecting dangerously, or causing instability.  
</RULE>

<INTERPRET>
1. Check if the driver is distracted by animals, devices, fatigue, or other distractions.  
2. Assess if the driver is in compliance with traffic signs, pedestrian right-of-way, and lane rules.  
3. Determine if pedestrians are crossing safely without creating hazards.  
4. Evaluate if driving conditions and environment require caution and if they are met.  
5. Verify if the vehicle loads are not properly secured and compromising safety.  
</INTERPRET>

<PERCEPTION>
Observables: A truck overloaded with large stacks of hay; Normal road condition and clear weather
Non-Observables: Driver or interior conditions; Traffic signs; Pedestrians; Loads on vehicle's rear or roof
</PERCEPTION>

<EVIDENCE>
1. Driver or interior conditions are not shown in the image.   
2. The image shows a truck traveling normally along the road. 
3. Pedestrians are not shown in the image.
4. The image shows normal road condition and clear weather.
5. The image shows a truck overloaded with large stacks of hay.
</EVIDENCE>

<REASONING>
1. Without driver or interior conditions elements visible, driving distraction compliance cannot be assessed. 
2. The truck is traveling normally along the road, indicating compliance with traffic rules.
3. Without pedestrian elements visible, pedestrian crossing rule compliance cannot be assessed.  
4. The road condition and weather appears normal, indicating compliance with road condition rules. 
5. The loads appear not properly secured, indicating a violation of vehicle load rules. 
</REASONING>

<DECISION>
{
  ""Driving Distraction"": ""Not Applicable"",
  ""Traffic Rules"": ""Complied"",
  ""Pedestrian Crossing"": ""Not Applicable"",
  ""Road Condition"": ""Complied"",
  ""Vehicle Load"": ""Violated""
}
</DECISION>"
96,Traffic,https://www.shutterstock.com/image-photo/rajasthan-india-march-04-2006-260nw-708674215.jpg,Violated,Vehicle Load,Vehicle_Load_1,44,data/processed_images/traffic/Traffic_Rules_1/0000035.jpg,"<RULE>
1. Drivers must avoid distractions such as animals on laps, portable devices, fatigue, or anything that impairs safe driving.  
2. Drivers must obey traffic rules including giving way at pedestrian crossings, stopping for red lights, and driving correctly on service roads.  
3. Pedestrians must only crossroads when safe and must not cause hazards by entering drivers' paths unexpectedly.  
4. Drivers must operate vehicles safely considering road conditions, weather, visibility, vehicle status, traffic, laws, and personal condition.  
5. Vehicle loads must be properly secured to prevent falling, projecting dangerously, or causing instability.  
</RULE>

<INTERPRET>
1. Check if the driver is distracted by animals, devices, fatigue, or other distractions.  
2. Assess if the driver is in compliance with traffic signs, pedestrian right-of-way, and lane rules.  
3. Determine if pedestrians are crossing safely without creating hazards.  
4. Evaluate if driving conditions and environment require caution and if they are met.  
5. Verify if the vehicle loads are not properly secured and compromising safety.  
</INTERPRET>

<PERCEPTION>
Observables: A truck overloaded with large stacks of hay; Normal road condition and clear weather
Non-Observables: Driver or interior conditions; Traffic signs; Pedestrians; Loads on vehicle's rear or roof
</PERCEPTION>

<EVIDENCE>
1. Driver or interior conditions are not shown in the image.   
2. The image shows a truck traveling normally along the road. 
3. Pedestrians are not shown in the image.
4. The image shows normal road condition and clear weather.
5. The image shows a truck overloaded with large stacks of hay.
</EVIDENCE>

<REASONING>
1. Without driver or interior conditions elements visible, driving distraction compliance cannot be assessed. 
2. The truck is traveling normally along the road, indicating compliance with traffic rules.
3. Without pedestrian elements visible, pedestrian crossing rule compliance cannot be assessed.  
4. The road condition and weather appears normal, indicating compliance with road condition rules. 
5. The loads appear not properly secured, indicating a violation of vehicle load rules. 
</REASONING>

<DECISION>
{
  ""Driving Distraction"": ""Not Applicable"",
  ""Traffic Rules"": ""Complied"",
  ""Pedestrian Crossing"": ""Not Applicable"",
  ""Road Condition"": ""Complied"",
  ""Vehicle Load"": ""Violated""
}
</DECISION>"
97,Traffic,https://images.pexels.com/photos/10897150/pexels-photo-10897150.jpeg?auto=compress&cs=tinysrgb&dpr=1&w=500,Violated,Vehicle Load,Vehicle_Load_1,43,data/processed_images/traffic/Traffic_Rules_1/0000034.jpg,"<RULE>
1. Drivers must avoid distractions such as animals on laps, portable devices, fatigue, or anything that impairs safe driving.  
2. Drivers must obey traffic rules including giving way at pedestrian crossings, stopping for red lights, and driving correctly on service roads.  
3. Pedestrians must only crossroads when safe and must not cause hazards by entering drivers' paths unexpectedly.  
4. Drivers must operate vehicles safely considering road conditions, weather, visibility, vehicle status, traffic, laws, and personal condition.  
5. Vehicle loads must be properly secured to prevent falling, projecting dangerously, or causing instability.  
</RULE>

<INTERPRET>
1. Check if the driver is distracted by animals, devices, fatigue, or other distractions.  
2. Assess if the driver is in compliance with traffic signs, pedestrian right-of-way, and lane rules.  
3. Determine if pedestrians are crossing safely without creating hazards.  
4. Evaluate if driving conditions and environment require caution and if they are met.  
5. Verify if the vehicle loads are not properly secured and compromising safety.  
</INTERPRET>

<PERCEPTION>
Observables: A truck overloaded with large stacks of hay; Normal road condition and clear weather
Non-Observables: Driver or interior conditions; Traffic signs; Pedestrians; Loads on vehicle's rear or roof
</PERCEPTION>

<EVIDENCE>
1. Driver or interior conditions are not shown in the image.   
2. The image shows a truck traveling normally along the road. 
3. Pedestrians are not shown in the image.
4. The image shows normal road condition and clear weather.
5. The image shows a truck overloaded with large stacks of hay.
</EVIDENCE>

<REASONING>
1. Without driver or interior conditions elements visible, driving distraction compliance cannot be assessed. 
2. The truck is traveling normally along the road, indicating compliance with traffic rules.
3. Without pedestrian elements visible, pedestrian crossing rule compliance cannot be assessed.  
4. The road condition and weather appears normal, indicating compliance with road condition rules. 
5. The loads appear not properly secured, indicating a violation of vehicle load rules. 
</REASONING>

<DECISION>
{
  ""Driving Distraction"": ""Not Applicable"",
  ""Traffic Rules"": ""Complied"",
  ""Pedestrian Crossing"": ""Not Applicable"",
  ""Road Condition"": ""Complied"",
  ""Vehicle Load"": ""Violated""
}
</DECISION>"
98,Traffic,https://media.istockphoto.com/id/817784056/photo/tractor-full-with-hay-on-the-road.jpg?s=612x612&w=0&k=20&c=zffcNmDCbx1tah_M6_DLjHkpbayGe5FEuOdfRa_7Y5w=,Violated,Vehicle Load,Vehicle_Load_1,36,data/processed_images/traffic/Traffic_Rules_1/0000027.jpg,"<RULE>
1. Drivers must avoid distractions such as animals on laps, portable devices, fatigue, or anything that impairs safe driving.  
2. Drivers must obey traffic rules including giving way at pedestrian crossings, stopping for red lights, and driving correctly on service roads.  
3. Pedestrians must only crossroads when safe and must not cause hazards by entering drivers' paths unexpectedly.  
4. Drivers must operate vehicles safely considering road conditions, weather, visibility, vehicle status, traffic, laws, and personal condition.  
5. Vehicle loads must be properly secured to prevent falling, projecting dangerously, or causing instability.  
</RULE>

<INTERPRET>
1. Check if the driver is distracted by animals, devices, fatigue, or other distractions.  
2. Assess if the driver is in compliance with traffic signs, pedestrian right-of-way, and lane rules.  
3. Determine if pedestrians are crossing safely without creating hazards.  
4. Evaluate if driving conditions and environment require caution and if they are met.  
5. Verify if the vehicle loads are not properly secured and compromising safety.  
</INTERPRET>

<PERCEPTION>
Observables: A truck overloaded with a large rock; Normal road condition and clear weather
Non-Observables: Driver or interior conditions; Traffic signs; Pedestrians; Loads on vehicle's rear or roof
</PERCEPTION>

<EVIDENCE>
1. Driver or interior conditions are not shown in the image.   
2. The image shows a truck traveling normally along the road. 
3. Pedestrians are not shown in the image.
4. The image shows normal road condition and clear weather.
5. The image shows a truck overloaded with a large rock.
</EVIDENCE>

<REASONING>
1. Without driver or interior conditions elements visible, driving distraction compliance cannot be assessed. 
2. The truck is traveling normally along the road, indicating compliance with traffic rules.
3. Without pedestrian elements visible, pedestrian crossing rule compliance cannot be assessed.  
4. The road condition and weather appears normal, indicating compliance with road condition rules. 
5. The loads appear not properly secured, indicating a violation of vehicle load rules. 
</REASONING>

<DECISION>
{
  ""Driving Distraction"": ""Not Applicable"",
  ""Traffic Rules"": ""Complied"",
  ""Pedestrian Crossing"": ""Not Applicable"",
  ""Road Condition"": ""Complied"",
  ""Vehicle Load"": ""Violated""
}
</DECISION>"
99,Traffic,https://www.team-bhp.com/forum/attachments/road-safety/2519250d1697766847-cargo-protruding-outside-trucks-height-width-traffic-hazard-killer-fb_img_1697766480549.jpg,Violated,Vehicle Load,Vehicle_Load_1,6,data/processed_images/traffic/Vehicle_Load_1/0000006.jpg,"<RULE>
1. Drivers must avoid distractions such as animals on laps, portable devices, fatigue, or anything that impairs safe driving.  
2. Drivers must obey traffic rules including giving way at pedestrian crossings, stopping for red lights, and driving correctly on service roads.  
3. Pedestrians must only crossroads when safe and must not cause hazards by entering drivers' paths unexpectedly.  
4. Drivers must operate vehicles safely considering road conditions, weather, visibility, vehicle status, traffic, laws, and personal condition.  
5. Vehicle loads must be properly secured to prevent falling, projecting dangerously, or causing instability.  
</RULE>

<INTERPRET>
1. Check if the driver is distracted by animals, devices, fatigue, or other distractions.  
2. Assess if the driver is in compliance with traffic signs, pedestrian right-of-way, and lane rules.  
3. Determine if pedestrians are crossing safely without creating hazards.  
4. Evaluate if driving conditions and environment require caution and if they are met.  
5. Verify if the vehicle loads are not properly secured and compromising safety.  
</INTERPRET>

<PERCEPTION>
Observables: A truck overloaded with wooden logs and metal frames hanging over the edge; Normal road condition and clear weather
Non-Observables: Driver or interior conditions; Traffic signs; Pedestrians; Loads on vehicle's rear or roof
</PERCEPTION>

<EVIDENCE>
1. Driver or interior conditions are not shown in the image.   
2. The image shows a truck traveling normally along the road. 
3. Pedestrians are not shown in the image.
4. The image shows normal road condition and clear weather.
5. The image shows a truck overloaded with wooden logs and metal frames hanging over the edge.
</EVIDENCE>

<REASONING>
1. Without driver or interior conditions elements visible, driving distraction compliance cannot be assessed. 
2. The truck is traveling normally along the road, indicating compliance with traffic rules.
3. Without pedestrian elements visible, pedestrian crossing rule compliance cannot be assessed.  
4. The road condition and weather appears normal, indicating compliance with road condition rules. 
5. The loads appear not properly secured, indicating a violation of vehicle load rules. 
</REASONING>

<DECISION>
{
  ""Driving Distraction"": ""Not Applicable"",
  ""Traffic Rules"": ""Complied"",
  ""Pedestrian Crossing"": ""Not Applicable"",
  ""Road Condition"": ""Complied"",
  ""Vehicle Load"": ""Violated""
}
</DECISION>"
